food_id,name,cuisine,category,region,season,weather,price_tier,calories,protein_g,fat_g,carbs_g,allergens,diet_options,mood_tags,health_score,taste_score,rating,description
food_000001,Smoked Desserts,Indonesian,Snacks,Karnataka,Valentine,Stormy,low,834,5.9,26.1,143.9,[],['Gluten-Free'],"['Social', 'Calm', 'Peaceful']",76.3,78.5,4.1,Meeting read scientist perhaps community study close without unit scientist still require white through month college exist teacher.
food_000002,Roasted Desserts,Peruvian,Breakfast,Rajasthan,Thanksgiving,Warm,low,300,38.4,12.1,9.4,"['sesame oil', 'sesame']",['Heart-Healthy'],"['Spicy', 'Romantic', 'Sunny']",50.1,59.0,4.1,Number least analysis worker matter professional direction head success push dog girl yet.
food_000003,Herbed Smoothies,Moroccan,Soups,Himachal Pradesh,Summer,Stormy,medium,364,19.2,29.3,5.9,"['hazelnut', 'almond']","['Gluten-Free', 'Dairy-Free', 'Nut-Free']","['Focused', 'Spicy', 'Calm']",63.8,62.0,3.9,Drug face might reflect shake short name unit themselves along recently.
food_000004,Roasted Dinner,North Indian,Soups,Punjab,Navratri,Misty,high,296,36.7,20.1,0.0,"['celery', 'cashew', 'nightshades']",['Low Carb'],"['Adventurous', 'Calm', 'Spicy']",56.3,85.9,4.5,Free should yard order arm begin such under camera role detail amount under late positive.
food_000005,Creamy Pasta,North Indian,Snacks,Kerala,Citrus Season,Humid,high,145,16.6,21.1,0.0,[],"['Keto', 'Nut-Free', 'Low Carb']","['Festive', 'Cheerful', 'Romantic']",58.3,75.1,3.9,Show others social score must mission result ball majority start two trade.
food_000006,Golden Salads,Peruvian,Rice Dishes,Himachal Pradesh,Citrus Season,Heatwave,medium,236,16.2,6.1,29.1,[],"['Nut-Free', 'High Protein', 'Vegetarian']","['Romantic', 'Comforting', 'Nostalgic']",93.9,96.0,3.1,Base site short executive move capital current present risk something war federal us almost design age sport try claim.
food_000007,Idli Platter,East Asian,Desserts,Central India,Ramadan,Seasonal,high,296,37.3,26.6,0.0,"['almond', 'cashew', 'lupin']","['Heart-Healthy', 'Vegan']","['Calm', 'Savory', 'Relaxed']",82.8,84.7,3.0,Anyone responsibility risk character show skin box picture ok memory conference bag chair.
food_000008,Smoked Main Course,Mediterranean,Lunch,Andhra Pradesh,Summer,Heatwave,premium,765,20.4,19.1,127.9,"['fish', 'garlic', 'corn']",['Keto'],"['Romantic', 'Cozy', 'Comforting']",91.8,86.1,3.8,Wall cell ball ten write forward less fill event.
food_000009,Smoked Curry,Caribbean,Plant-based,Gujarat,New Year,Dry,medium,539,7.3,6.8,112.2,[],"['Keto', 'Vegetarian']","['Spicy', 'Comfort', 'Relaxed']",91.3,74.9,3.3,Cover challenge different close threat eight while some discuss process stay student look hundred loss.
food_000010,Zesty Bread,Italian,Plant-based,Odisha,Diwali,Thunderstorm,medium,815,20.5,7.1,167.3,[],"['Nut-Free', 'Vegetarian', 'Heart-Healthy']","['Sweet', 'Happy', 'Peaceful']",48.1,64.4,3.1,Forget scientist Republican toward worry state challenge ever may modern anything.
food_000011,Golden Lunch,Japanese,Snacks,Jammu & Kashmir,New Year,Holiday,premium,714,5.1,23.2,121.2,"['shellfish', 'almond']","['Nut-Free', 'Keto', 'Paleo']","['Sunny', 'Adventurous', 'Nostalgic']",61.8,79.3,3.6,Subject everyone guess operation various rate seem manager recent tax option where now.
food_000012,Smoked Healthy Bowls,Greek,Main Course,Kerala,Eid,Cloudy,low,371,8.0,29.3,18.8,[],"['Dairy-Free', 'Heart-Healthy', 'Nut-Free']","['Romantic', 'Adventurous', 'Festive']",77.4,85.3,4.8,Drug Republican investment that three fish rate understand.
food_000013,Roasted Lunch,Moroccan,Rice Dishes,Uttar Pradesh,Summer Vacation,Monsoon,low,174,26.1,29.1,0.0,['cashew'],"['Low Sodium', 'Halal']","['Motivated', 'Spicy', 'Cozy']",62.7,56.9,3.2,Other series single nature course power national large fund effect exactly this pull pressure discover woman.
food_000014,Chutney Wrap,East Asian,Lunch,Himachal Pradesh,Eid,Rainy,high,762,5.9,27.4,123.0,['fish'],['Low Sodium'],"['Cozy', 'Comfort', 'Focused']",66.5,93.0,4.6,Over natural including join guy above generation candidate technology guess rather.
food_000015,Smoked Salads,British,Snacks,Delhi,Spring,Monsoon,premium,551,15.3,28.8,57.7,['celery'],"['Low Carb', 'Pescatarian']","['Relaxed', 'Festive', 'Comforting']",56.8,92.5,4.4,Minute hit wide benefit final statement its such real continue hundred hour.
food_000016,Creamy Pasta,Latin American,Pasta,Telangana,Eid,Warm,low,603,6.4,31.5,73.5,"['gluten', 'onion', 'yeast']","['Low Sugar', 'Low Sodium', 'Diabetes-Friendly']","['Relaxed', 'Cheerful', 'Sweet']",47.4,63.2,4.4,Just organization result as crime else evidence we concern item analysis second.
food_000017,Golden Sushi,East Asian,Salads,Telangana,Christmas,Humid,high,388,17.4,29.3,13.7,"['nightshades', 'almond']",['Diabetes-Friendly'],"['Focused', 'Relaxed', 'Nostalgic']",56.1,68.1,3.2,Culture week before between run police street but beautiful detail hour fish capital effect after born quite.
food_000018,Creamy Rice Dishes,Healthy Fusion,Seafood,Northeast India,Summer,Breezy,premium,669,9.4,24.5,102.7,[],['Pescatarian'],"['Calm', 'Focused', 'Peaceful']",57.9,76.3,3.1,Heavy movie million can you learn view parent relate save better them record special stuff.
food_000019,Creamy Dessertbites,Lebanese,Street Food,Odisha,Berry Season,Heatwave,low,641,18.9,6.0,127.8,['cashew'],"['Diabetes-Friendly', 'Nut-Free']","['Calm', 'Festive', 'Motivated']",68.9,92.0,4.4,Avoid speech lead fire show difficult understand either despite style including stock.
food_000020,Creamy Wraps,British,Desserts,East India,Harvest,Cloudy,premium,418,22.6,14.8,48.6,[],"['Kosher', 'High Protein', 'Vegetarian']","['Comforting', 'Nostalgic', 'Sunny']",67.3,63.9,4.1,Role really list simple to certainly school experience research painting pay gas four decade blood.
food_000021,Idli Bowl,South Indian,Smoothies,Andhra Pradesh,Christmas,Humid,premium,483,24.5,23.4,43.6,"['soy', 'milk', 'sesame']","['Nut-Free', 'Keto']","['Motivated', 'Cheerful', 'Sweet']",67.7,58.6,3.6,Recently spend myself enjoy work leader campaign available painting.
food_000022,Spiced Soups,Thai,Soups,South India,Summer,Rainy,low,284,33.9,21.9,0.0,[],"['Low Sugar', 'High Protein', 'Halal']","['Festive', 'Comforting', 'Focused']",70.1,65.3,4.6,Degree reduce field early under girl energy center Mrs loss toward enough.
food_000023,Herbed Tea & Coffee,British,Salads,Bengal,Warm Weather,Stormy,high,388,34.3,21.2,15.0,[],"['Pescatarian', 'Nut-Free']","['Comforting', 'Relaxed', 'Peaceful']",97.1,60.2,3.0,Wonder into police mouth common city major hold artist sister would early.
food_000024,Golden Plant-based,East Asian,Wraps,Rajasthan,Summer Vacation,Foggy,high,631,31.4,16.5,89.2,"['fish', 'egg']","['Heart-Healthy', 'Keto']","['Motivated', 'Sweet', 'Sunny']",76.4,90.5,3.1,Contain require song from time enough if true personal grow old culture top discussion score table training many.
food_000025,Spiced Grills,African,Pasta,East India,Valentine,Seasonal,medium,275,5.3,25.3,6.5,"['cashew', 'hazelnut', 'garlic']","['Vegetarian', 'Vegan']","['Nostalgic', 'Calm', 'Sunny']",85.2,76.0,3.6,Care truth page identify edge speak federal call subject not ahead college.
food_000026,Roasted Soups,Thai,Tea & Coffee,Odisha,Valentine,Cool,high,203,29.4,11.4,0.0,['shellfish'],['Diabetes-Friendly'],"['Festive', 'Sweet', 'Peaceful']",95.4,86.9,5.0,Down picture rock owner he Republican door change teacher least avoid.
food_000027,Roasted Tea & Coffee,East Asian,Main Course,Punjab,Spring,Seasonal,low,209,26.2,26.5,0.0,"['garlic', 'nightshades']","['Low Sodium', 'Vegetarian']","['Festive', 'Happy', 'Romantic']",45.7,59.4,3.8,Political PM size value quality day occur military type include edge appear manage letter.
food_000028,Biryani Wrap,Mediterranean,Soups,Gujarat,Cold Weather,Thunderstorm,low,615,16.5,31.8,65.7,"['mustard', 'wheat', 'sesame oil']",['Keto'],"['Social', 'Savory', 'Festive']",76.2,67.8,3.3,Say detail TV impact his world wife window tonight no couple response key PM.
food_000029,Fresh Dinner,French,Lunch,Maharashtra,Diwali,Cool,low,783,10.9,9.6,163.2,['corn'],['High Protein'],"['Adventurous', 'Festive', 'Savory']",76.3,89.0,3.1,Single some bring person scientist probably cup remember need staff strong argue figure.
food_000030,Zesty Curry,British,Appetizers,East India,Christmas,Foggy,medium,585,18.6,21.1,80.2,"['gluten', 'egg']",['Vegetarian'],"['Festive', 'Sweet', 'Energized']",83.9,93.2,3.9,Sport argue something owner with impact up animal Congress response thank.
food_000031,Herbed Beverages,Vietnamese,Healthy Bowls,Telangana,Navratri,Warm,premium,417,17.6,17.6,47.0,[],"['Gluten-Free', 'Low Sodium']","['Festive', 'Cheerful', 'Romantic']",66.2,83.5,4.7,Box college fall experience allow white street whether chair always term medical hospital popular.
food_000032,Spiced Salads,Thai,Pasta,West Bengal,Citrus Season,Breezy,low,353,22.9,32.5,0.0,[],['High Protein'],"['Focused', 'Nostalgic', 'Spicy']",82.0,73.8,4.1,Vote discover appear road drop our try party recently leg keep on move leader.
food_000033,Creamy Dessertbites,Filipino,Tea & Coffee,Himachal Pradesh,Summer Vacation,Foggy,high,574,39.2,8.9,84.3,['egg'],"['Pescatarian', 'Low Sodium']","['Peaceful', 'Festive', 'Comfort']",65.3,78.7,4.5,Area special across together about fish fast fish himself.
food_000034,Fresh Street Food,Thai,Street Food,Sikkim,Cold Weather,Misty,medium,273,39.3,8.7,9.4,"['milk', 'sulphites', 'garlic']","['Kosher', 'Low Sugar', 'Nut-Free']","['Adventurous', 'Happy', 'Energized']",90.4,71.5,4.0,Attorney own son chair soon at star whose because form structure role particular though.
food_000035,Biryani Salad,South Indian,Juices,Kerala,Thanksgiving,Snowy,medium,426,25.7,14.2,48.9,"['sulphites', 'cashew', 'hazelnut']","['Vegan', 'Dairy-Free']","['Relaxed', 'Calm', 'Nostalgic']",62.4,58.5,4.5,Budget risk stand easy color issue decision smile expert election never develop top girl choice into.
food_000036,Roasted Healthy Bowls,French,Breakfast,Punjab,Navratri,Rainy,premium,463,18.4,8.9,77.3,['soy'],['Gluten-Free'],"['Savory', 'Sunny', 'Calm']",81.1,72.7,4.8,Painting three season any operation occur arm letter campaign meeting serve grow could yes interview dinner major.
food_000037,Herbed Sandwiches,Korean,Appetizers,Central India,Cold Weather,Humid,high,433,39.5,10.8,44.5,"['mustard', 'shellfish', 'celery']","['Keto', 'Diabetes-Friendly']","['Sunny', 'Sweet', 'Comforting']",81.6,96.4,5.0,She available second suddenly whose but scene often type husband edge example return entire American performance let.
food_000038,Roasted Fermented,Nordic,Juices,Punjab,Berry Season,Monsoon,high,315,25.1,12.7,25.1,['cashew'],['Vegan'],"['Nostalgic', 'Motivated', 'Energized']",77.9,82.4,4.5,Very for world two article official and big Democrat head audience provide person form.
food_000039,Grilled Main Course,African,Healthy Bowls,Assam,Summer Vacation,Foggy,premium,573,38.8,10.7,80.4,"['egg', 'tree nuts', 'fish']","['Kosher', 'Pescatarian', 'Diabetes-Friendly']","['Spicy', 'Comforting', 'Relaxed']",87.6,92.4,3.0,Trade military movie nice technology stuff never question sell.
food_000040,Fresh Breakfast,Brazilian,Rice Dishes,Goa,Autumn,Stormy,medium,714,35.6,19.9,98.1,[],"['Heart-Healthy', 'Diabetes-Friendly', 'Halal']","['Nostalgic', 'Cozy', 'Romantic']",56.7,94.4,3.1,Street however figure sort before maybe road painting onto.
food_000041,Golden Juices,Thai,Bread,North India,Cold Weather,Thunderstorm,low,824,7.9,14.8,164.8,"['sesame', 'milk', 'hazelnut']","['Low Sugar', 'High Protein']","['Motivated', 'Calm', 'Comforting']",70.9,59.3,5.0,Spring new treat happy project store you spring song check light according a decide writer.
food_000042,Biryani Salad,Brazilian,Sandwiches,Bengal,Harvest,Festive,high,329,39.6,27.7,0.0,['wheat'],['High Protein'],"['Cheerful', 'Adventurous', 'Comfort']",89.0,63.8,4.7,Star air three opportunity yet make discussion computer product among president exist modern doctor represent test somebody summer professional.
food_000043,Citrus Breakfast,East Asian,Breakfast,Goa,New Year,Holiday,premium,258,12.1,4.9,41.4,[],"['Heart-Healthy', 'Kosher']","['Comforting', 'Peaceful', 'Romantic']",51.0,73.1,4.0,Trial name possible future for bit now table hair available.
food_000044,Herbed Seafood,South Indian,Lunch,West Bengal,Christmas,Thunderstorm,high,809,36.6,3.0,158.9,[],['Low Carb'],"['Savory', 'Sweet', 'Spicy']",77.2,58.5,3.8,A enter camera which cut exactly law debate doctor where safe positive piece already dinner run actually outside war.
food_000045,Creamy Sandwiches,Latin American,Rice Dishes,South India,Cold Weather,Dry,low,313,17.7,29.0,0.0,"['corn', 'sulphites']","['Low Carb', 'Low Sodium', 'Gluten-Free']","['Happy', 'Relaxed', 'Sweet']",83.7,72.1,3.2,Author door bar who beyond experience follow decade home.
food_000046,Citrus Bread,Spanish,Street Food,Central India,Autumn,Thunderstorm,high,848,18.1,32.1,121.7,"['lupin', 'peanuts']","['Low Sugar', 'Gluten-Free', 'Nut-Free']","['Happy', 'Calm', 'Romantic']",60.2,57.2,4.7,Military couple indeed positive last dinner law soldier fine firm song star accept.
food_000047,Spiced Pasta,Nordic,Dessertbites,Northeast India,Berry Season,Seasonal,low,753,33.5,9.7,132.9,"['sulphites', 'lupin']",['Low Sodium'],"['Adventurous', 'Sweet', 'Sunny']",82.2,62.8,3.3,Guy black until only center ground wish agent.
food_000048,Golden Dinner,Middle Eastern,Healthy Bowls,Himachal Pradesh,Navratri,Holiday,high,133,7.9,26.5,0.0,"['almond', 'corn', 'garlic']","['Heart-Healthy', 'Low Sugar', 'Paleo']","['Social', 'Peaceful', 'Romantic']",49.3,57.1,3.9,Game speech benefit grow enter against security light read save my use know only.
food_000049,Biryani Wrap,Japanese,Pasta,Punjab,Winter,Dry,low,341,13.0,4.6,61.9,['celery'],"['High Protein', 'Low Carb', 'Heart-Healthy']","['Comforting', 'Relaxed', 'Sunny']",67.8,76.4,3.9,Before apply prevent choice letter significant eye religious program difference third environment produce.
food_000050,Citrus Beverages,Mexican,Appetizers,Gujarat,Christmas,Sunny,low,712,19.5,24.3,103.8,[],['Pescatarian'],"['Sweet', 'Sunny', 'Peaceful']",68.1,70.6,3.8,Mention recognize teach sort two view what worker investment fear church though development.
food_000051,Citrus Juices,Latin American,Grills,Assam,Harvest,Cold,high,740,33.0,8.7,132.4,['cashew'],['Low Sodium'],"['Happy', 'Motivated', 'Sweet']",55.5,61.3,4.7,Step perform including no everyone us probably before particularly.
food_000052,Herbed Appetizers,Italian,Sushi,Punjab,Eid,Heatwave,medium,552,19.2,2.5,113.2,[],"['Kosher', 'High Protein', 'Dairy-Free']","['Spicy', 'Energized', 'Motivated']",49.1,90.8,3.6,Manage wall article change customer red mother shoulder before father.
food_000053,Smoked Tea & Coffee,Mediterranean,Grills,South India,Festive,Rainy,low,528,39.7,18.6,50.4,"['celery', 'corn']","['Vegan', 'Kosher']","['Cheerful', 'Relaxed', 'Savory']",64.3,81.2,4.1,Amount government light finish investment but mean wife church seem.
food_000054,Roasted Rice Dishes,Mediterranean,Sushi,Central India,Monsoon,Cold,low,795,27.2,4.9,160.5,"['cashew', 'sulphites', 'tree nuts']","['Gluten-Free', 'Nut-Free', 'Heart-Healthy']","['Cozy', 'Peaceful', 'Comforting']",49.5,85.5,3.7,Series everyone table during heavy his life new back generation good free when hard.
food_000055,Zesty Lunch,French,Plant-based,Gujarat,Summer Vacation,Seasonal,medium,757,14.8,26.9,113.9,['soy'],"['Low Sodium', 'Halal', 'High Protein']","['Energized', 'Cozy', 'Comforting']",65.0,60.6,4.9,Teacher million call drug message little officer area special six.
food_000056,Sambar Salad,Australian,Plant-based,West Bengal,Harvest,Cold,low,471,21.1,14.9,63.1,['sesame'],['Diabetes-Friendly'],"['Comforting', 'Spicy', 'Romantic']",55.6,62.0,3.6,Director court image dream edge consumer politics charge song deep.
food_000057,Spiced Smoothies,Brazilian,Sandwiches,Goa,Winter,Thunderstorm,premium,594,16.2,13.8,101.2,"['peanuts', 'hazelnut']","['Nut-Free', 'Kosher', 'Gluten-Free']","['Adventurous', 'Energized', 'Nostalgic']",56.9,58.5,4.4,Become argue reality avoid six walk increase safe place very machine player for effort.
food_000058,Zesty Wraps,American Comfort,Dessertbites,Kerala,Cold Weather,Festive,high,193,31.5,8.7,0.0,"['egg', 'peanuts', 'garlic']","['Vegetarian', 'Nut-Free', 'Low Carb']","['Sweet', 'Calm', 'Adventurous']",57.6,60.2,3.9,Section responsibility Republican production team green teach camera air positive some direction us what dark author future spend.
food_000059,Zesty Curry,Thai,Dinner,Assam,Cold Weather,Heatwave,medium,100,16.8,16.7,0.0,"['gluten', 'lupin']",['Halal'],"['Calm', 'Romantic', 'Cheerful']",97.0,82.3,3.1,Hard occur door southern stage hold thought real word bring appear conference yes that look.
food_000060,Fresh Lunch,Vietnamese,Rice Dishes,Rajasthan,Monsoon,Cloudy,low,380,9.7,27.8,22.8,"['onion', 'celery']","['Diabetes-Friendly', 'Paleo', 'Vegetarian']","['Social', 'Nostalgic', 'Comforting']",61.7,93.1,4.7,Music her kitchen try admit power fill material room staff thing develop court cause new.
food_000061,Zesty Main Course,Caribbean,Beverages,West Bengal,Ramadan,Cold,premium,164,29.6,3.2,4.2,"['sulphites', 'peanuts']",['Nut-Free'],"['Nostalgic', 'Savory', 'Motivated']",88.6,80.9,3.3,That meet want sea investment property should camera miss well field must.
food_000062,Citrus Grills,Indonesian,Plant-based,Punjab,Summer,Misty,medium,847,27.8,33.4,108.8,"['milk', 'tree nuts', 'egg']",['Halal'],"['Comforting', 'Sunny', 'Energized']",77.2,61.1,4.4,Describe indeed vote person citizen commercial clear scientist that lose fine.
food_000063,Paneer Platter,Caribbean,Rice Dishes,Uttar Pradesh,New Year,Windy,medium,610,16.7,19.9,91.0,"['shellfish', 'sesame oil', 'mustard']","['Diabetes-Friendly', 'Keto', 'Vegan']","['Adventurous', 'Relaxed', 'Motivated']",58.8,66.3,4.8,Age least any he view single plant hope beautiful compare coach out section start.
food_000064,Grilled Plant-based,Spanish,Curry,Himachal Pradesh,Diwali,Humid,low,450,21.3,4.7,80.6,"['gluten', 'lupin', 'yeast']","['Halal', 'High Protein', 'Kosher']","['Spicy', 'Adventurous', 'Relaxed']",52.4,63.6,3.6,Mind economy represent money one gas mother field happy western soldier book affect condition plan find.
food_000065,Fresh Bread,East Asian,Street Food,South India,Summer,Breezy,high,609,15.1,30.8,67.9,['tree nuts'],"['Vegan', 'Pescatarian']","['Romantic', 'Peaceful', 'Adventurous']",78.9,88.6,3.3,Weight simple attack treat human southern energy reach produce fact organization age resource including of store.
food_000066,Golden Curry,Indonesian,Curry,Uttar Pradesh,Monsoon,Cool,medium,175,21.1,6.3,8.5,"['wheat', 'milk']",['Gluten-Free'],"['Energized', 'Sweet', 'Festive']",53.2,95.5,4.5,Work health participant free only play level police itself picture officer doctor threat car will color recently.
food_000067,Fresh Dinner,Vietnamese,Soups,Central India,Christmas,Cool,high,785,4.3,15.7,156.6,['sulphites'],"['Nut-Free', 'Halal', 'Pescatarian']","['Comforting', 'Sunny', 'Adventurous']",55.8,75.8,4.0,Decide should feeling film indeed rate teach bill form management discuss door.
food_000068,Smoked Beverages,North Indian,Appetizers,Delhi,Berry Season,Thunderstorm,medium,415,37.5,25.4,9.1,"['garlic', 'mustard', 'gluten']",['Kosher'],"['Peaceful', 'Motivated', 'Calm']",53.4,63.2,4.2,Impact accept single cut leg right majority part way for.
food_000069,Roasted Juices,Spanish,Breakfast,Gujarat,Thanksgiving,Snowy,high,454,31.0,13.1,53.0,['lupin'],"['Dairy-Free', 'Vegan', 'Low Sugar']","['Peaceful', 'Motivated', 'Spicy']",75.2,72.2,4.7,President new national recently safe evening rather shake theory performance grow deep seem city summer.
food_000070,Idli Bowl,Spanish,Healthy Bowls,Kerala,Harvest,Festive,high,126,3.5,25.1,0.0,['sesame oil'],"['Paleo', 'Low Sodium', 'Dairy-Free']","['Cheerful', 'Focused', 'Sunny']",72.5,89.6,4.2,Accept sometimes kind easy five box phone third light bank step school notice.
food_000071,Golden Appetizers,South Indian,Healthy Bowls,Andhra Pradesh,Autumn,Thunderstorm,medium,822,35.1,22.2,120.5,['milk'],"['Diabetes-Friendly', 'Gluten-Free', 'Low Carb']","['Savory', 'Sunny', 'Adventurous']",59.1,80.7,3.1,Amount continue tax oil raise eight find table discover product build cost bag much tend ability company.
food_000072,Spiced Tea & Coffee,American Comfort,Wraps,Assam,Berry Season,Monsoon,medium,221,21.7,19.9,0.0,"['sulphites', 'soy', 'nightshades']","['Nut-Free', 'Low Carb', 'Low Sodium']","['Festive', 'Happy', 'Social']",70.4,97.9,3.6,Program teach with work black pressure prove enough story image money tonight sing school son none son hit.
food_000073,Roasted Snacks,Caribbean,Seafood,Goa,Cold Weather,Foggy,high,667,27.7,13.6,108.5,['mustard'],['Dairy-Free'],"['Relaxed', 'Comforting', 'Motivated']",88.4,97.1,4.5,Become simply light Congress institution suffer often draw base at second.
food_000074,Spiced Bread,Lebanese,Juices,Jammu & Kashmir,New Year,Stormy,medium,623,10.6,8.5,126.0,"['peanuts', 'almond', 'tree nuts']",['Low Sodium'],"['Cozy', 'Happy', 'Sweet']",62.5,59.3,4.5,Fall carry yourself case lot hard society poor along room during now history exactly contain listen.
food_000075,Creamy Dessertbites,Spanish,Juices,North India,Spring,Humid,high,260,37.5,1.8,23.5,['mustard'],['Vegetarian'],"['Nostalgic', 'Sweet', 'Romantic']",86.8,91.0,3.6,Range bill interest television president meeting agreement when minute.
food_000076,Roasted Tea & Coffee,Australian,Snacks,Andhra Pradesh,Festive,Breezy,premium,270,2.5,12.1,37.8,['soy'],"['Kosher', 'Pescatarian', 'Low Sugar']","['Peaceful', 'Cheerful', 'Relaxed']",80.7,67.7,4.3,Car doctor history protect offer big place design part will.
food_000077,Tandoori Salad,Nordic,Main Course,Andhra Pradesh,Diwali,Holiday,premium,789,11.0,23.5,133.4,"['hazelnut', 'peanuts']","['Dairy-Free', 'Low Sodium', 'Diabetes-Friendly']","['Calm', 'Savory', 'Adventurous']",53.5,75.0,3.3,Car get hope bring amount manager southern control dark major popular candidate report season democratic form.
food_000078,Herbed Grills,Moroccan,Dessertbites,Tamil Nadu,New Year,Festive,medium,537,22.1,13.0,82.9,['wheat'],"['Paleo', 'Gluten-Free', 'Low Sodium']","['Peaceful', 'Motivated', 'Romantic']",50.9,94.4,4.4,Report find American price term best participant bed recent loss cup no.
food_000079,Roasted Juices,Korean,Sushi,Punjab,Cold Weather,Breezy,low,102,17.0,28.7,0.0,[],"['Halal', 'Diabetes-Friendly']","['Relaxed', 'Spicy', 'Energized']",75.7,87.1,5.0,Indicate two off certainly into than participant pattern strategy story people part herself under opportunity television vote.
food_000080,Creamy Smoothies,Indonesian,Wraps,Goa,Christmas,Breezy,high,162,27.9,23.3,0.0,"['peanuts', 'soy']","['Kosher', 'Low Carb', 'Gluten-Free']","['Calm', 'Comfort', 'Sweet']",79.6,78.2,3.9,Phone window she bar later their success call their two find north machine we stuff agency successful cover war.
food_000081,Creamy Pasta,East Asian,Main Course,Tamil Nadu,Autumn,Rainy,medium,96,11.1,2.8,6.6,[],['Vegan'],"['Sunny', 'Motivated', 'Calm']",68.7,80.5,4.5,Effect nature know hit walk with region cost impact guy man then science.
food_000082,Roasted Desserts,Turkish,Pasta,Central India,Navratri,Stormy,high,756,21.8,14.8,133.9,['cashew'],"['Pescatarian', 'Low Carb', 'High Protein']","['Energized', 'Comforting', 'Sunny']",74.5,66.8,4.4,Three determine network must value figure agree ago individual provide school story popular field serve fly.
food_000083,Spiced Curry,Healthy Fusion,Appetizers,East India,Monsoon,Breezy,medium,502,38.8,19.7,42.4,['sulphites'],"['Gluten-Free', 'Heart-Healthy', 'High Protein']","['Comforting', 'Relaxed', 'Spicy']",57.9,60.8,3.1,How less season else politics want certain find executive seek degree.
food_000084,Biryani Salad,Turkish,Juices,Central India,Cold Weather,Dry,medium,390,38.4,1.0,56.9,[],"['Diabetes-Friendly', 'Heart-Healthy', 'Keto']","['Savory', 'Social', 'Sunny']",96.0,95.3,4.1,General fire concern view entire sing occur low hundred especially wish story sort remember between staff study agree can.
food_000085,Citrus Salads,Greek,Seafood,Odisha,Autumn,Monsoon,medium,459,13.9,2.1,96.1,[],"['Pescatarian', 'Paleo']","['Adventurous', 'Social', 'Cheerful']",84.3,92.2,3.8,Hot road ok stuff yeah and school life man measure rather near through figure imagine but a.
food_000086,Grilled Juices,Vietnamese,Juices,South India,Ramadan,Breezy,premium,440,8.4,25.4,44.5,[],"['Vegan', 'Pescatarian', 'Heart-Healthy']","['Relaxed', 'Energized', 'Comfort']",93.6,76.0,3.3,Nation collection decade piece identify go today fight this get opportunity image key notice five send debate.
food_000087,Fresh Breakfast,North Indian,Pasta,South India,Berry Season,Monsoon,medium,86,22.2,14.7,0.0,"['gluten', 'onion']","['Pescatarian', 'Kosher', 'Gluten-Free']","['Romantic', 'Savory', 'Peaceful']",83.3,55.7,3.5,End son traditional television effect near follow side road physical power simply rest per others.
food_000088,Roasted Bread,Japanese,Sandwiches,Jammu & Kashmir,New Year,Stormy,premium,162,26.8,30.1,0.0,"['celery', 'yeast', 'garlic']",['Vegetarian'],"['Focused', 'Relaxed', 'Happy']",50.0,87.7,4.3,Research site threat performance audience exactly themselves blood rock price.
food_000089,Herbed Bread,African,Sushi,West Bengal,Valentine,Rainy,medium,367,36.2,19.9,10.8,"['gluten', 'shellfish']","['Paleo', 'Kosher', 'Pescatarian']","['Sunny', 'Relaxed', 'Nostalgic']",94.2,56.4,4.1,Not purpose try before old forward table certain.
food_000090,Citrus Lunch,East Asian,Plant-based,East India,Summer,Heatwave,premium,180,18.6,29.4,0.0,"['sulphites', 'gluten', 'cashew']","['Heart-Healthy', 'High Protein']","['Calm', 'Comforting', 'Spicy']",85.8,69.6,3.9,Much necessary newspaper against majority among ever four group hear range unit relate air education.
food_000091,Biryani Wrap,British,Dinner,Bengal,Valentine,Snowy,premium,837,16.8,12.9,163.4,"['lupin', 'sesame', 'peanuts']",['Gluten-Free'],"['Focused', 'Cozy', 'Motivated']",95.0,58.9,3.2,Music hair image hard learn trial notice technology ability institution yeah impact official player opportunity study small house.
food_000092,Zesty Soups,South Indian,Appetizers,Telangana,Christmas,Cloudy,high,665,21.8,24.1,90.2,"['garlic', 'tree nuts']",['Low Sodium'],"['Cozy', 'Festive', 'Savory']",59.3,62.3,4.0,Beat course school resource through commercial safe plan program turn yet company century scientist better including network.
food_000093,Creamy Street Food,Korean,Snacks,Kerala,Diwali,Sunny,high,715,16.4,30.2,94.4,['mustard'],"['Low Sugar', 'High Protein']","['Cheerful', 'Focused', 'Sunny']",67.8,73.9,3.6,Quite usually table short generation analysis site situation guy able participant animal cut see enough off go.
food_000094,Smoked Sushi,Australian,Smoothies,Goa,Autumn,Holiday,high,638,8.8,27.0,90.0,['nightshades'],"['Gluten-Free', 'Pescatarian']","['Cozy', 'Happy', 'Adventurous']",83.5,56.2,3.5,Item chance because simply song member but choose would.
food_000095,Zesty Lunch,Turkish,Smoothies,Sikkim,Summer Vacation,Thunderstorm,high,448,28.7,28.5,19.2,[],['Halal'],"['Focused', 'Energized', 'Sunny']",93.5,80.5,4.9,Computer find almost food its hold almost add cell risk too save very but.
food_000096,Citrus Smoothies,Turkish,Tea & Coffee,Jammu & Kashmir,New Year,Breezy,medium,554,31.3,20.8,60.4,[],"['Keto', 'Paleo']","['Cozy', 'Relaxed', 'Romantic']",63.3,76.5,3.7,Security north between door see common arm yeah whole less to executive financial.
food_000097,Roasted Lunch,German,Tea & Coffee,Odisha,Navratri,Cloudy,premium,807,6.4,29.8,128.3,['fish'],"['Low Sodium', 'Low Carb', 'Gluten-Free']","['Cheerful', 'Spicy', 'Cozy']",80.9,82.9,3.5,Professional imagine charge sea lay although treat could without development model pretty a itself age season.
food_000098,Chutney Wrap,Lebanese,Salads,Odisha,Warm Weather,Thunderstorm,high,290,12.6,24.8,4.1,['lupin'],"['Low Sugar', 'High Protein']","['Romantic', 'Festive', 'Happy']",75.6,89.2,4.2,Fish owner phone rate without bad style present rate.
food_000099,Golden Dinner,Brazilian,Bread,East India,Diwali,Festive,premium,768,7.1,4.6,174.6,['onion'],"['Pescatarian', 'Dairy-Free']","['Adventurous', 'Sweet', 'Sunny']",54.7,68.1,3.4,Personal name many administration seat case shoulder a a white travel project real any clearly even back human.
food_000100,Citrus Breakfast,Middle Eastern,Street Food,Odisha,Berry Season,Rainy,medium,576,7.2,28.6,72.4,"['corn', 'almond', 'garlic']","['Heart-Healthy', 'High Protein']","['Focused', 'Relaxed', 'Comfort']",71.8,96.4,3.6,Suggest middle best issue trouble seek religious relate than.
food_000101,Golden Snacks,Nordic,Seafood,Sikkim,Summer Vacation,Windy,high,354,31.5,28.9,0.0,[],"['Heart-Healthy', 'Low Carb', 'Keto']","['Cozy', 'Romantic', 'Calm']",88.6,70.8,4.7,Notice including pick expert seem right east everybody them draw.
food_000102,Citrus Tea & Coffee,Nordic,Plant-based,Maharashtra,Harvest,Holiday,high,704,26.0,6.2,136.1,['milk'],"['Halal', 'Low Carb', 'Paleo']","['Savory', 'Spicy', 'Focused']",56.0,61.0,5.0,Read shake than face fine whom until leader law arrive.
food_000103,Grilled Tea & Coffee,Nordic,Plant-based,Telangana,Spring,Foggy,low,215,11.5,25.0,0.0,"['garlic', 'tree nuts', 'wheat']","['Low Carb', 'Nut-Free', 'Low Sugar']","['Sunny', 'Motivated', 'Relaxed']",85.4,90.6,3.8,Structure another herself agency test ok plant film they necessary responsibility either them relationship.
food_000104,Herbed Plant-based,Nordic,Juices,Bengal,Back to School,Cold,low,627,17.1,33.9,63.4,"['mustard', 'sulphites']","['Paleo', 'Dairy-Free', 'Pescatarian']","['Happy', 'Cheerful', 'Energized']",71.2,90.5,3.2,Government standard reach us book party song stop report lose month the either effect.
food_000105,Masala Salad,Mexican,Salads,East India,Monsoon,Cool,premium,336,5.1,23.4,26.2,"['hazelnut', 'fish']","['Gluten-Free', 'Halal']","['Romantic', 'Comfort', 'Social']",47.7,82.9,3.2,Who ball politics apply PM understand edge there hit base.
food_000106,Herbed Soups,Latin American,Wraps,East India,Monsoon,Monsoon,medium,472,5.4,28.3,48.9,"['tree nuts', 'celery']",['Paleo'],"['Relaxed', 'Peaceful', 'Comfort']",64.5,59.4,3.9,Keep development be phone however raise final job language analysis degree machine responsibility.
food_000107,Golden Juices,American Comfort,Dinner,Gujarat,Monsoon,Windy,medium,473,15.4,15.3,68.4,[],['Dairy-Free'],"['Comfort', 'Nostalgic', 'Social']",58.1,89.0,4.5,Talk concern newspaper leader quickly open white theory seven control fire clear call plan mean exist field success.
food_000108,Spiced Healthy Bowls,Vietnamese,Rice Dishes,Northeast India,Summer,Heatwave,high,404,7.0,30.2,26.0,['garlic'],['Vegetarian'],"['Sweet', 'Relaxed', 'Comfort']",64.4,79.4,3.4,Southern agent lawyer commercial stock simple four however standard against report phone number.
food_000109,Zesty Pasta,Mexican,Tea & Coffee,Delhi,Summer,Seasonal,medium,236,12.5,11.2,21.3,['yeast'],"['Kosher', 'Dairy-Free']","['Relaxed', 'Nostalgic', 'Cozy']",55.8,77.0,3.1,Charge continue table job argue eye party evidence development next.
food_000110,Grilled Tea & Coffee,Moroccan,Juices,Rajasthan,Autumn,Sunny,premium,91,8.2,33.4,0.0,"['soy', 'lupin']",['Low Carb'],"['Romantic', 'Comfort', 'Cheerful']",86.5,77.5,3.5,Among sea student law camera the begin then behavior value open nothing share place player.
food_000111,Grilled Main Course,North Indian,Seafood,Jammu & Kashmir,Festive,Cold,high,185,36.0,23.8,0.0,[],['Vegetarian'],"['Calm', 'Energized', 'Happy']",84.3,60.0,3.8,Success my commercial dog high series each ever government north job.
food_000112,Masala Salad,Healthy Fusion,Street Food,Maharashtra,Thanksgiving,Warm,high,202,21.1,31.6,0.0,[],"['Gluten-Free', 'Heart-Healthy']","['Motivated', 'Nostalgic', 'Sweet']",87.6,62.7,3.2,Information line get sign product push kid maintain.
food_000113,Smoked Juices,Healthy Fusion,Sandwiches,Goa,Warm Weather,Monsoon,low,639,30.9,9.0,108.6,['yeast'],"['Vegetarian', 'Low Sodium']","['Comfort', 'Sunny', 'Nostalgic']",66.7,55.3,3.4,Capital mention someone source force skin look person including dog bar enough.
food_000114,Herbed Sushi,African,Grills,Telangana,Eid,Breezy,premium,177,21.2,22.5,0.0,[],"['Paleo', 'Keto']","['Nostalgic', 'Festive', 'Cheerful']",76.4,72.0,4.4,Drug because black indicate cup animal age factor inside voice like catch itself condition student foreign step tell fact.
food_000115,Grilled Sandwiches,Nordic,Sushi,Gujarat,Monsoon,Windy,medium,557,13.9,4.7,114.8,"['mustard', 'nightshades', 'sesame']",['Gluten-Free'],"['Focused', 'Nostalgic', 'Energized']",85.8,70.4,4.7,Degree third clearly admit anything shake always Republican though scene leader not cause million movement ability do soon floor.
food_000116,Fresh Curry,French,Main Course,Rajasthan,Winter,Misty,premium,846,22.9,3.8,180.1,[],['Vegan'],"['Calm', 'Adventurous', 'Social']",87.1,59.4,3.7,Stuff else report player protect treatment family keep generation discuss business.
food_000117,Citrus Snacks,American Comfort,Rice Dishes,Odisha,Monsoon,Cloudy,high,123,37.8,2.2,0.0,"['garlic', 'gluten', 'celery']","['Pescatarian', 'Gluten-Free', 'Low Sodium']","['Social', 'Focused', 'Festive']",68.0,94.7,3.9,Follow later nation ago effect leader road close determine two price challenge without.
food_000118,Roasted Smoothies,African,Curry,West Bengal,Spring,Cloudy,high,220,17.9,22.7,0.0,[],"['Halal', 'High Protein']","['Spicy', 'Happy', 'Comforting']",58.2,89.3,3.8,At example leader television million institution something most central site represent respond several more none.
food_000119,Masala Wrap,Australian,Seafood,Assam,Eid,Holiday,high,752,11.2,18.9,134.3,['wheat'],"['Halal', 'Heart-Healthy']","['Focused', 'Savory', 'Calm']",84.1,89.0,4.6,When here clearly information notice could this year party record contain author particularly sing training maintain.
food_000120,Grilled Seafood,Turkish,Salads,West Bengal,Cold Weather,Cool,high,118,5.4,8.5,5.0,[],"['Low Sugar', 'Kosher']","['Adventurous', 'Cheerful', 'Focused']",72.9,64.4,3.1,This food difference image recent rather despite her suddenly woman treat according quality defense believe.
food_000121,Herbed Street Food,Mediterranean,Healthy Bowls,East India,Christmas,Holiday,high,389,14.3,34.2,6.0,"['cashew', 'sulphites', 'soy']","['Halal', 'Keto', 'Nut-Free']","['Sweet', 'Focused', 'Sunny']",68.2,86.5,4.5,Check walk popular force why imagine edge know experience crime rock wish brother again.
food_000122,Golden Soups,Turkish,Lunch,Rajasthan,Berry Season,Warm,low,734,23.5,32.8,86.2,['lupin'],"['Low Sodium', 'Nut-Free']","['Relaxed', 'Cheerful', 'Motivated']",84.5,61.0,3.5,Marriage describe those forward however inside item health across fight want opportunity manager strong night always between maintain.
food_000123,Creamy Seafood,Japanese,Sandwiches,North India,Thanksgiving,Humid,high,467,15.3,13.4,71.3,['soy'],"['Gluten-Free', 'Kosher']","['Energized', 'Nostalgic', 'Comfort']",86.8,90.6,3.5,Space discover before campaign despite debate tonight drop hand however character agreement add enter.
food_000124,Creamy Rice Dishes,Caribbean,Pasta,Northeast India,Ramadan,Sunny,low,248,25.1,15.5,2.0,['corn'],"['Low Carb', 'Nut-Free', 'Paleo']","['Nostalgic', 'Calm', 'Romantic']",62.5,57.3,3.8,At look sure item oil drug however eat.
food_000125,Smoked Snacks,Brazilian,Bread,South India,Berry Season,Monsoon,premium,106,9.9,22.5,0.0,[],"['Kosher', 'High Protein']","['Happy', 'Festive', 'Relaxed']",70.1,97.0,3.4,Report generation say particular include policy Mrs medical.
food_000126,Chutney Salad,Brazilian,Main Course,Jammu & Kashmir,Spring,Snowy,premium,634,17.7,26.6,81.0,"['onion', 'corn', 'yeast']","['Diabetes-Friendly', 'Dairy-Free', 'Keto']","['Happy', 'Nostalgic', 'Relaxed']",48.2,64.8,4.8,Focus dinner indicate spring some amount college fall wide official can wide cell yeah avoid state course.
food_000127,Smoked Plant-based,Latin American,Fermented,Odisha,Festive,Humid,premium,277,6.8,15.1,28.5,['sesame oil'],"['Nut-Free', 'Heart-Healthy']","['Relaxed', 'Savory', 'Sunny']",68.1,97.5,4.1,Who left yet add couple blood protect kitchen fine sign move summer would each what another school matter.
food_000128,Grilled Desserts,Greek,Plant-based,Telangana,Autumn,Thunderstorm,premium,660,24.3,26.7,80.6,[],"['Halal', 'Heart-Healthy']","['Cozy', 'Festive', 'Sunny']",94.0,95.4,4.1,Real fill news move early face phone Congress science number.
food_000129,Spiced Juices,Japanese,Lunch,Delhi,Navratri,Stormy,premium,566,37.0,31.4,33.9,"['mustard', 'sesame']","['Keto', 'Pescatarian']","['Calm', 'Adventurous', 'Nostalgic']",88.3,55.9,4.5,Build from close future country and suffer career arrive by.
food_000130,Citrus Dessertbites,Filipino,Dessertbites,Telangana,Ramadan,Heatwave,low,137,21.6,6.0,0.0,['onion'],"['Vegetarian', 'Gluten-Free', 'Keto']","['Social', 'Energized', 'Calm']",71.9,68.4,3.9,Here character him page ahead left little could eight manager create off see risk need admit think certain.
food_000131,Citrus Seafood,Filipino,Snacks,Central India,Winter,Stormy,medium,688,19.0,33.6,77.4,"['soy', 'sesame']","['Gluten-Free', 'Paleo', 'Vegetarian']","['Sunny', 'Energized', 'Focused']",74.2,75.4,4.7,Garden lead concern among just agent billion source itself shoulder cultural task.
food_000132,Grilled Rice Dishes,Nordic,Fermented,Central India,Winter,Monsoon,high,257,24.8,0.8,37.6,"['hazelnut', 'cashew']","['Pescatarian', 'Heart-Healthy']","['Sunny', 'Comforting', 'Motivated']",87.7,65.9,3.4,Hand defense indicate general drop bank woman administration side.
food_000133,Tandoori Bowl,Moroccan,Dessertbites,Goa,Cold Weather,Festive,premium,573,4.4,34.6,61.0,"['cashew', 'hazelnut']","['Dairy-Free', 'Keto', 'Gluten-Free']","['Peaceful', 'Calm', 'Energized']",90.7,82.5,4.3,Affect fast such police east list major stand.
food_000134,Smoked Street Food,Japanese,Juices,Punjab,Warm Weather,Holiday,medium,823,29.1,24.2,122.2,"['onion', 'mustard']",['Low Sodium'],"['Nostalgic', 'Romantic', 'Happy']",70.2,82.4,4.5,Land central hand child they step stock another federal worry toward culture.
food_000135,Citrus Healthy Bowls,Thai,Soups,North India,Diwali,Thunderstorm,high,346,24.3,16.5,25.1,[],"['Low Sugar', 'Low Carb']","['Romantic', 'Sunny', 'Peaceful']",47.8,60.1,3.8,Beyond today up myself authority team blood goal nation represent machine.
food_000136,Citrus Rice Dishes,Caribbean,Tea & Coffee,Rajasthan,Summer,Monsoon,premium,261,13.9,2.5,45.7,['wheat'],['Diabetes-Friendly'],"['Relaxed', 'Adventurous', 'Cozy']",56.1,74.4,3.8,Political church finally edge really yard trial gas such space although finish but conference hot treat.
food_000137,Spiced Rice Dishes,Nordic,Dessertbites,Assam,Harvest,Sunny,premium,831,11.5,24.4,141.3,"['onion', 'wheat', 'mustard']",['Gluten-Free'],"['Energized', 'Nostalgic', 'Sweet']",51.8,69.8,4.5,Art again him bit prepare machine item market project total east tough.
food_000138,Smoked Juices,American Comfort,Beverages,Delhi,Winter,Stormy,low,214,10.0,1.3,40.6,[],"['Low Carb', 'Kosher']","['Spicy', 'Energized', 'Sweet']",51.5,76.7,4.3,Example institution almost back full easy stop knowledge per market what dog company six.
food_000139,Roasted Wraps,Vietnamese,Tea & Coffee,Kerala,Harvest,Sunny,medium,757,5.8,18.5,141.8,"['peanuts', 'onion', 'sesame oil']",['Dairy-Free'],"['Romantic', 'Savory', 'Happy']",82.1,81.8,4.2,Human although above car plan natural thank physical by save ball mission behavior.
food_000140,Masala Bowl,North Indian,Curry,West Bengal,Harvest,Monsoon,premium,767,5.4,4.3,176.7,[],"['Gluten-Free', 'Halal', 'Heart-Healthy']","['Romantic', 'Festive', 'Calm']",71.2,79.7,5.0,Name discussion which camera choice figure opportunity set field practice daughter plan radio.
food_000141,Herbed Snacks,French,Healthy Bowls,Central India,Navratri,Thunderstorm,premium,126,2.4,5.3,17.2,"['sesame oil', 'sesame', 'egg']","['Nut-Free', 'Gluten-Free']","['Romantic', 'Sunny', 'Sweet']",62.4,82.8,3.5,Eight improve beyond though television bar throughout your economy case former student.
food_000142,Herbed Wraps,East Asian,Tea & Coffee,North India,Spring,Humid,low,684,20.3,20.1,105.5,"['sesame oil', 'gluten']","['Paleo', 'High Protein', 'Heart-Healthy']","['Romantic', 'Cozy', 'Motivated']",77.4,73.8,3.1,According government ball low expert remain edge behind customer wide lot set rather important.
food_000143,Zesty Tea & Coffee,German,Sushi,Maharashtra,Navratri,Heatwave,premium,797,25.5,15.4,139.1,"['tree nuts', 'yeast', 'sesame oil']",['Vegetarian'],"['Focused', 'Peaceful', 'Happy']",70.5,86.2,4.7,Become Congress east media body off coach feel by.
food_000144,Herbed Sandwiches,Spanish,Rice Dishes,Delhi,Christmas,Stormy,low,534,32.4,16.0,65.1,[],"['Vegetarian', 'Vegan']","['Sunny', 'Cozy', 'Energized']",68.7,91.8,4.7,Own spend station face we interesting practice owner young manage purpose carry card note.
food_000145,Fresh Street Food,Korean,Street Food,Goa,Spring,Stormy,high,653,31.2,21.2,84.4,"['peanuts', 'almond', 'fish']",['Nut-Free'],"['Comforting', 'Nostalgic', 'Spicy']",64.3,85.8,4.4,Bag degree star be theory arrive rule remember.
food_000146,Creamy Salads,Italian,Pasta,Tamil Nadu,Harvest,Windy,medium,548,33.3,7.1,87.7,[],"['Keto', 'Kosher', 'High Protein']","['Motivated', 'Sweet', 'Peaceful']",85.1,69.5,4.9,Safe beat that learn trade book staff group change house early three mention research carry citizen far vote tell.
food_000147,Sambar Salad,Nordic,Beverages,East India,Warm Weather,Humid,premium,596,35.5,14.9,80.0,['sesame'],"['Nut-Free', 'Paleo']","['Motivated', 'Adventurous', 'Sweet']",81.7,81.2,4.2,Doctor center group hospital significant election evidence live owner everything.
food_000148,Smoked Pasta,Filipino,Curry,South India,Harvest,Dry,premium,811,13.0,12.4,161.8,['onion'],"['Nut-Free', 'Halal', 'Vegan']","['Comforting', 'Spicy', 'Happy']",97.0,83.9,4.3,Office include region technology consider down material high player mouth its bring Republican.
food_000149,Roasted Fermented,Japanese,Desserts,Punjab,Spring,Dry,medium,244,39.4,24.1,0.0,"['shellfish', 'yeast']",['Halal'],"['Motivated', 'Romantic', 'Spicy']",48.3,61.3,4.5,Crime within firm stock design ever seat worry computer.
food_000150,Citrus Curry,Moroccan,Lunch,Delhi,Christmas,Thunderstorm,high,135,2.5,9.2,10.6,"['fish', 'cashew', 'hazelnut']","['Halal', 'Kosher', 'Dairy-Free']","['Spicy', 'Social', 'Sweet']",86.4,81.7,3.9,Between pick where finish stay short kind soldier large coach board window story put song ever.
food_000151,Golden Main Course,Italian,Curry,Uttar Pradesh,Monsoon,Humid,low,85,14.6,25.0,0.0,"['sesame oil', 'milk']","['Dairy-Free', 'High Protein', 'Kosher']","['Sweet', 'Spicy', 'Comforting']",53.1,61.7,4.6,Standard speech door style animal group and realize father base test wish until.
food_000152,Smoked Salads,Spanish,Curry,Delhi,Summer,Cold,low,759,14.6,12.9,146.1,"['yeast', 'cashew', 'gluten']",['Halal'],"['Motivated', 'Calm', 'Sweet']",84.9,64.4,4.4,Debate candidate and people son stuff including simply.
food_000153,Fresh Seafood,Filipino,Grills,Goa,Summer Vacation,Heatwave,premium,124,13.3,23.0,0.0,[],['Vegetarian'],"['Relaxed', 'Social', 'Sweet']",49.4,68.8,4.7,Near relationship recently edge our every exist baby economic win if cut black from involve painting.
food_000154,Masala Bowl,German,Bread,Kerala,Winter,Breezy,low,135,8.8,9.2,4.2,"['corn', 'celery']","['Kosher', 'Low Sugar']","['Cheerful', 'Comfort', 'Sunny']",88.5,58.0,4.1,Positive quality effect those fight song concern near send month always cover knowledge line about traditional catch risk any.
food_000155,Roasted Pasta,Mediterranean,Healthy Bowls,Assam,Autumn,Cool,high,168,12.7,32.5,0.0,[],"['Low Sodium', 'Low Carb']","['Calm', 'Adventurous', 'Sunny']",88.6,71.4,4.9,Program prevent you safe week matter operation possible strong sign.
food_000156,Spiced Sushi,Peruvian,Curry,Kerala,Autumn,Rainy,low,690,17.0,19.4,111.8,"['shellfish', 'corn']","['Paleo', 'Gluten-Free', 'Heart-Healthy']","['Calm', 'Festive', 'Social']",56.1,58.7,3.4,Seat weight shake play design modern there return these war American area inside born.
food_000157,Herbed Salads,Mediterranean,Appetizers,Central India,Summer,Foggy,premium,823,24.1,33.3,106.7,['peanuts'],"['Gluten-Free', 'Heart-Healthy']","['Social', 'Cheerful', 'Happy']",80.6,70.4,3.7,Dream anyone born man participant figure two idea government.
food_000158,Smoked Tea & Coffee,Mexican,Beverages,Karnataka,Navratri,Stormy,low,837,26.4,10.0,160.3,"['garlic', 'nightshades']","['Halal', 'Kosher']","['Nostalgic', 'Happy', 'Spicy']",81.0,70.5,3.4,Class hand three wide suggest think health certainly environment region security serve enter fire send paper present.
food_000159,Zesty Rice Dishes,German,Rice Dishes,Bengal,Summer,Sunny,premium,111,32.9,20.5,0.0,[],"['Low Carb', 'Diabetes-Friendly', 'Heart-Healthy']","['Happy', 'Adventurous', 'Comforting']",56.3,88.1,3.4,Worker of section charge along own toward born various cause hard practice provide company market.
food_000160,Golden Bread,Japanese,Healthy Bowls,Assam,Winter,Stormy,high,249,30.8,5.3,19.5,['garlic'],"['Vegan', 'Keto']","['Happy', 'Calm', 'Relaxed']",75.0,61.8,3.7,Happy country relationship ok society attention relationship body machine.
food_000161,Chutney Salad,North Indian,Rice Dishes,Andhra Pradesh,Autumn,Heatwave,high,672,22.7,6.5,130.7,[],"['Low Carb', 'Low Sugar', 'Keto']","['Peaceful', 'Sunny', 'Comforting']",64.4,83.1,4.0,Upon property even already attention could involve dark write nation various later program section surface.
food_000162,Grilled Healthy Bowls,Indonesian,Main Course,Tamil Nadu,Monsoon,Humid,premium,696,29.3,4.6,134.3,[],"['Diabetes-Friendly', 'High Protein']","['Social', 'Sweet', 'Focused']",88.0,64.9,3.0,Pull garden skill matter attention religious appear reveal bed.
food_000163,Zesty Smoothies,East Asian,Lunch,Rajasthan,Valentine,Humid,premium,693,38.8,22.5,83.8,"['egg', 'shellfish']","['Diabetes-Friendly', 'Pescatarian']","['Happy', 'Focused', 'Calm']",83.6,92.8,4.2,Often fall dream purpose apply add attorney best scene stand rate part.
food_000164,Golden Dinner,German,Bread,Andhra Pradesh,Back to School,Festive,low,315,16.4,5.1,50.9,"['tree nuts', 'sesame oil', 'peanuts']",['Diabetes-Friendly'],"['Savory', 'Energized', 'Spicy']",72.7,55.7,3.2,Produce new wind common value tree wait blood section address eight finish.
food_000165,Creamy Soups,Greek,Wraps,Goa,Spring,Heatwave,high,573,32.0,13.7,80.4,[],"['Paleo', 'Diabetes-Friendly']","['Happy', 'Calm', 'Relaxed']",84.3,80.3,4.2,Establish develop hand rate recognize professional show impact white move hundred budget stock message interest in whole.
food_000166,Smoked Tea & Coffee,Greek,Snacks,Assam,Winter,Misty,premium,403,17.5,4.2,73.8,"['yeast', 'corn']","['Halal', 'Dairy-Free', 'Paleo']","['Sunny', 'Social', 'Cozy']",76.0,73.3,3.4,Rich north skill best station tree yard anything anyone seven manage different those hot.
food_000167,Fresh Plant-based,German,Desserts,Central India,Autumn,Stormy,premium,796,38.1,4.0,151.9,[],['Kosher'],"['Comfort', 'Relaxed', 'Adventurous']",86.7,76.9,4.9,Many analysis me activity girl success from role none successful price almost.
food_000168,Idli Bowl,Japanese,Smoothies,Northeast India,Citrus Season,Heatwave,low,259,26.3,15.6,3.3,"['shellfish', 'milk']","['High Protein', 'Dairy-Free', 'Gluten-Free']","['Energized', 'Comforting', 'Calm']",79.8,63.7,5.0,Tough land miss take culture wait produce time effect affect audience each step season hear.
food_000169,Zesty Appetizers,Greek,Breakfast,North India,Summer,Cloudy,high,823,33.5,32.1,100.0,"['fish', 'sesame oil']",['Heart-Healthy'],"['Sunny', 'Sweet', 'Comfort']",96.1,70.0,3.4,Identify event today factor authority particularly family about practice write.
food_000170,Creamy Sushi,Italian,Curry,Jammu & Kashmir,Valentine,Breezy,medium,575,31.3,26.6,52.6,"['wheat', 'gluten', 'garlic']",['Low Carb'],"['Relaxed', 'Sunny', 'Calm']",69.3,96.3,4.6,There write arm box box bring public cut style cover including over deal.
food_000171,Zesty Beverages,Mediterranean,Smoothies,Central India,Navratri,Cloudy,medium,567,13.9,8.0,109.8,['garlic'],"['Low Sugar', 'Keto', 'Halal']","['Calm', 'Festive', 'Social']",54.7,79.7,3.4,Site mean across better any message morning talk exactly condition painting focus despite daughter although anything now almost let.
food_000172,Spiced Seafood,Moroccan,Seafood,Northeast India,Winter,Seasonal,premium,460,25.6,17.5,50.0,"['garlic', 'soy']","['Low Carb', 'Low Sugar', 'Keto']","['Sweet', 'Adventurous', 'Energized']",92.5,97.4,4.0,Glass age participant institution operation history home series.
food_000173,Spiced Breakfast,Latin American,Tea & Coffee,Assam,Back to School,Warm,medium,770,10.0,20.5,136.4,"['soy', 'yeast']","['High Protein', 'Paleo']","['Happy', 'Cheerful', 'Comforting']",77.5,69.0,4.0,Water fly amount note worry happen minute bag also edge create turn draw structure.
food_000174,Herbed Juices,Middle Eastern,Sushi,Kerala,Warm Weather,Stormy,high,356,32.6,19.7,12.1,['garlic'],['Low Sodium'],"['Cozy', 'Happy', 'Adventurous']",55.4,91.8,4.6,Blood blood his factor hundred only forward good generation customer.
food_000175,Tandoori Salad,North Indian,Salads,Uttar Pradesh,Ramadan,Windy,high,449,15.7,19.7,52.2,"['peanuts', 'lupin', 'almond']","['Low Sugar', 'Dairy-Free', 'Heart-Healthy']","['Spicy', 'Focused', 'Nostalgic']",63.2,89.8,3.7,Hold me admit somebody glass yet size society thank science cost task enough property method step field.
food_000176,Creamy Rice Dishes,Indonesian,Desserts,Rajasthan,Citrus Season,Warm,premium,707,23.7,29.8,86.0,['sulphites'],"['Dairy-Free', 'Halal']","['Festive', 'Sunny', 'Savory']",53.6,58.1,4.6,Standard nearly trade available interesting focus final truth central represent road clearly party so fall discuss high.
food_000177,Smoked Beverages,East Asian,Juices,Maharashtra,Valentine,Cloudy,premium,486,5.9,2.7,109.5,[],"['Gluten-Free', 'Vegan']","['Festive', 'Adventurous', 'Relaxed']",74.1,92.8,3.6,Us lead forward they education action recent popular key film a.
food_000178,Fresh Sandwiches,South Indian,Lunch,Central India,Eid,Warm,high,633,37.5,19.4,77.1,['wheat'],"['Heart-Healthy', 'Nut-Free', 'Halal']","['Sweet', 'Cozy', 'Peaceful']",95.3,60.8,4.8,Hard newspaper personal artist good leave water provide measure score south.
food_000179,Grilled Healthy Bowls,East Asian,Appetizers,Karnataka,Winter,Heatwave,medium,373,19.8,0.8,71.7,"['mustard', 'gluten', 'corn']","['High Protein', 'Kosher']","['Comfort', 'Spicy', 'Comforting']",95.2,94.6,3.8,Image really fear adult writer fall this also public amount show keep prepare.
food_000180,Smoked Grills,Japanese,Soups,Uttar Pradesh,Summer,Thunderstorm,premium,707,32.7,24.1,89.8,"['corn', 'shellfish']",['Low Sodium'],"['Adventurous', 'Nostalgic', 'Romantic']",84.4,67.2,4.2,Very send simply exist sense none practice politics worry.
food_000181,Grilled Tea & Coffee,South Indian,Beverages,Gujarat,Diwali,Foggy,medium,528,29.6,8.5,83.3,"['corn', 'mustard']","['Halal', 'High Protein']","['Energized', 'Cheerful', 'Relaxed']",71.2,61.5,3.1,Level board college material true some oil source firm plant into arrive answer remember.
food_000182,Sambar Wrap,Japanese,Dessertbites,Karnataka,Autumn,Stormy,low,835,39.8,7.4,152.3,['garlic'],"['Dairy-Free', 'Heart-Healthy']","['Cheerful', 'Focused', 'Energized']",50.0,86.6,3.5,After ten company center receive only pattern consider food case message painting large boy with position hundred prepare.
food_000183,Roasted Sushi,Indonesian,Wraps,Andhra Pradesh,Winter,Humid,high,202,17.0,8.9,13.5,"['hazelnut', 'sesame oil', 'tree nuts']","['Gluten-Free', 'Keto']","['Focused', 'Happy', 'Relaxed']",75.8,96.7,4.9,Remember within perhaps speak heart trouble Mr cup.
food_000184,Zesty Plant-based,Latin American,Desserts,West Bengal,New Year,Warm,premium,740,30.8,28.3,90.5,"['lupin', 'tree nuts', 'sesame']",['Diabetes-Friendly'],"['Motivated', 'Spicy', 'Nostalgic']",55.2,73.9,3.4,Individual close these nothing total explain kid there page.
food_000185,Grilled Sandwiches,Filipino,Curry,Rajasthan,Summer,Heatwave,medium,382,33.1,19.2,19.2,"['soy', 'gluten', 'sesame oil']","['High Protein', 'Low Sodium']","['Relaxed', 'Spicy', 'Sunny']",86.1,74.5,4.0,Particularly hotel administration well skill last example form once pull itself price cause dark deal against theory.
food_000186,Grilled Beverages,Latin American,Snacks,Assam,Summer,Rainy,medium,112,9.7,17.2,0.0,"['almond', 'garlic', 'onion']","['Low Carb', 'Vegetarian', 'Low Sodium']","['Calm', 'Relaxed', 'Comfort']",75.3,59.2,4.3,Authority serve memory water factor exist fear TV serve stock soon often another figure might.
food_000187,Roasted Grills,Brazilian,Healthy Bowls,East India,Spring,Festive,medium,121,29.9,29.3,0.0,[],['High Protein'],"['Spicy', 'Sunny', 'Social']",56.4,58.4,4.1,From clear trade range deal expect professor only day cultural that speech phone product else statement camera bar through.
food_000188,Creamy Snacks,Nordic,Rice Dishes,Jammu & Kashmir,Eid,Breezy,medium,250,32.1,19.5,0.0,"['lupin', 'sulphites', 'yeast']","['Halal', 'Low Sugar']","['Cozy', 'Cheerful', 'Calm']",79.8,76.7,3.8,Item accept stage heart true light professional store sea smile reality hair.
food_000189,Tandoori Wrap,French,Pasta,Karnataka,Summer Vacation,Snowy,medium,299,34.5,1.2,37.5,"['yeast', 'onion']","['Paleo', 'Vegan', 'Vegetarian']","['Motivated', 'Comforting', 'Adventurous']",81.6,90.3,3.5,Since seem if third use court anyone chance operation lose student.
food_000190,Fresh Beverages,Filipino,Salads,North India,Summer,Warm,premium,579,33.4,24.3,56.7,"['milk', 'wheat']","['Gluten-Free', 'Kosher']","['Energized', 'Cheerful', 'Comforting']",93.1,79.8,3.8,Tell sure may down before represent point others away east across concern firm area hit alone voice visit.
food_000191,Roasted Grills,Indonesian,Fermented,South India,Christmas,Rainy,low,122,14.1,20.0,0.0,['milk'],"['Kosher', 'High Protein', 'Diabetes-Friendly']","['Savory', 'Sweet', 'Peaceful']",82.0,69.1,3.4,Per practice purpose establish high always today of happy ground production.
food_000192,Creamy Grills,North Indian,Curry,Delhi,Valentine,Cloudy,premium,524,31.4,5.0,88.3,"['celery', 'cashew', 'wheat']",['High Protein'],"['Calm', 'Relaxed', 'Festive']",74.6,60.8,3.6,First grow stock music serve buy radio daughter kid lawyer note room mother.
food_000193,Grilled Healthy Bowls,Thai,Pasta,South India,Winter,Cool,medium,711,33.2,28.2,81.1,['shellfish'],"['Halal', 'Gluten-Free', 'Kosher']","['Relaxed', 'Romantic', 'Energized']",68.3,81.8,4.9,Foreign much recent total far manage might yeah society rule road everyone.
food_000194,Smoked Juices,French,Sandwiches,West Bengal,Winter,Warm,medium,630,10.1,19.4,103.8,['hazelnut'],"['Vegetarian', 'Low Sugar', 'Dairy-Free']","['Peaceful', 'Energized', 'Festive']",74.1,87.3,3.1,Raise meet right health light soldier rock skill enough pay.
food_000195,Spiced Appetizers,Japanese,Bread,Uttar Pradesh,Eid,Windy,low,744,16.7,34.3,92.1,"['garlic', 'sesame oil']","['Gluten-Free', 'Diabetes-Friendly', 'Keto']","['Peaceful', 'Motivated', 'Spicy']",82.6,76.9,3.1,Mouth reality will voice various agency strategy western leader high some road value.
food_000196,Biryani Bowl,Thai,Healthy Bowls,South India,Diwali,Stormy,medium,720,11.8,13.9,136.9,"['fish', 'tree nuts']","['Kosher', 'Nut-Free']","['Adventurous', 'Relaxed', 'Sunny']",97.5,98.0,3.8,Get they drug management attention culture most even own economic probably simple campaign.
food_000197,Grilled Appetizers,Indonesian,Desserts,Jammu & Kashmir,Cold Weather,Dry,medium,785,28.8,18.6,125.6,['cashew'],"['Low Sodium', 'Diabetes-Friendly', 'Vegan']","['Spicy', 'Savory', 'Romantic']",97.8,60.8,3.6,Hair stuff sit hospital cup about new else star floor hotel whether tree.
food_000198,Smoked Snacks,Filipino,Dessertbites,South India,Valentine,Snowy,premium,214,9.0,26.8,0.0,['sesame oil'],['High Protein'],"['Comfort', 'Comforting', 'Relaxed']",59.1,81.3,3.3,Majority nation natural water hundred dream already lay do wind high drug.
food_000199,Spiced Wraps,Vietnamese,Desserts,Rajasthan,Harvest,Stormy,premium,95,37.2,33.3,0.0,['shellfish'],['Low Sodium'],"['Motivated', 'Happy', 'Cheerful']",80.6,64.6,4.8,Carry number land see simple question natural arm option these seat each amount interest.
food_000200,Zesty Grills,Japanese,Pasta,North India,Warm Weather,Festive,low,736,35.3,27.6,86.6,[],['Kosher'],"['Energized', 'Spicy', 'Sunny']",68.9,77.4,3.4,Network they interview boy including training even another alone.
food_000201,Fresh Dessertbites,Lebanese,Lunch,East India,Summer Vacation,Snowy,medium,741,19.2,25.4,108.9,['celery'],"['Nut-Free', 'High Protein']","['Comfort', 'Focused', 'Motivated']",86.3,59.9,4.8,Role offer commercial his occur investment government drop heavy traditional situation sense scientist seven throughout able.
food_000202,Herbed Grills,Latin American,Dinner,Gujarat,Back to School,Cold,medium,804,16.6,27.8,121.8,"['yeast', 'celery', 'milk']",['Nut-Free'],"['Sweet', 'Adventurous', 'Focused']",95.3,77.0,3.4,Attack law clearly expect energy author we reason usually training affect gun drop time three.
food_000203,Tandoori Bowl,Middle Eastern,Snacks,Kerala,Harvest,Sunny,medium,549,20.9,17.7,76.5,"['fish', 'shellfish', 'wheat']","['Diabetes-Friendly', 'High Protein', 'Low Sugar']","['Motivated', 'Relaxed', 'Comfort']",77.2,89.7,4.8,Evidence generation kind box husband capital if mission none myself.
food_000204,Spiced Bread,North Indian,Rice Dishes,Goa,Spring,Snowy,low,671,33.8,10.8,109.7,"['soy', 'almond', 'mustard']","['Low Sodium', 'High Protein', 'Halal']","['Sweet', 'Comforting', 'Energized']",47.6,94.6,4.5,Last south practice million parent could wife free interesting thousand about stay several.
food_000205,Citrus Grills,French,Seafood,Kerala,Autumn,Foggy,high,503,21.9,24.5,48.7,[],"['Dairy-Free', 'Low Sugar']","['Savory', 'Cheerful', 'Festive']",50.8,81.3,4.9,Field wish debate many expert great read perform purpose man.
food_000206,Spiced Snacks,African,Pasta,Maharashtra,Diwali,Dry,low,104,19.7,28.0,0.0,"['corn', 'milk', 'sulphites']","['Low Sugar', 'Vegetarian']","['Social', 'Nostalgic', 'Festive']",56.0,86.7,3.6,Institution thank sometimes within yet smile on ask position society along family focus full while.
food_000207,Smoked Street Food,German,Sushi,Northeast India,Winter,Humid,premium,426,37.0,17.0,31.2,['garlic'],['Heart-Healthy'],"['Spicy', 'Cheerful', 'Motivated']",46.9,75.4,4.9,Carry he quite property cup score anything contain increase simple ground him cause challenge long size imagine different.
food_000208,Herbed Desserts,South Indian,Salads,Jammu & Kashmir,Navratri,Cold,low,367,33.9,12.2,30.4,['wheat'],"['Kosher', 'Gluten-Free', 'Dairy-Free']","['Romantic', 'Nostalgic', 'Cheerful']",73.3,71.1,3.5,Bring open policy among realize suddenly add pressure house talk could light.
food_000209,Herbed Sandwiches,Middle Eastern,Snacks,Goa,Spring,Dry,low,598,2.9,17.2,107.9,"['onion', 'mustard', 'sulphites']",['Keto'],"['Peaceful', 'Adventurous', 'Social']",55.1,76.5,3.9,Clear heavy suffer again political item course see religious score couple page worry open program help organization seat.
food_000210,Biryani Salad,Peruvian,Dinner,Andhra Pradesh,Back to School,Rainy,medium,103,23.9,11.3,0.0,['mustard'],"['Nut-Free', 'Kosher']","['Motivated', 'Romantic', 'Festive']",62.0,93.4,3.3,Close air seven unit story particular husband teach site economic.
food_000211,Smoked Beverages,Caribbean,Main Course,Kerala,Diwali,Holiday,premium,152,13.8,31.3,0.0,[],"['Vegan', 'Diabetes-Friendly']","['Sunny', 'Energized', 'Relaxed']",47.7,78.2,3.8,Its despite successful senior effort history late few beat around important different want better light sign too increase direction.
food_000212,Fresh Sushi,French,Street Food,Tamil Nadu,Cold Weather,Cloudy,high,214,5.5,28.2,0.0,"['almond', 'cashew']","['Heart-Healthy', 'High Protein', 'Keto']","['Calm', 'Adventurous', 'Festive']",50.2,85.0,3.8,Anything anything yes drive picture discussion every pretty change bed possible different read.
food_000213,Grilled Appetizers,Vietnamese,Snacks,Goa,Ramadan,Breezy,premium,436,25.0,4.9,73.0,[],"['Gluten-Free', 'Kosher']","['Nostalgic', 'Spicy', 'Motivated']",88.3,59.4,4.2,Two catch toward sometimes themselves benefit born memory hot red.
food_000214,Golden Plant-based,Brazilian,Tea & Coffee,Jammu & Kashmir,Thanksgiving,Thunderstorm,high,430,22.7,8.6,65.5,"['peanuts', 'wheat', 'sesame oil']","['Nut-Free', 'Low Carb']","['Romantic', 'Motivated', 'Focused']",49.1,83.5,4.9,Mrs policy simply purpose everything join drive budget write wonder husband during reason arm other such sea nice.
food_000215,Smoked Dessertbites,Vietnamese,Rice Dishes,Central India,Spring,Cloudy,premium,222,35.7,31.7,0.0,['almond'],['Heart-Healthy'],"['Spicy', 'Nostalgic', 'Sunny']",45.0,82.4,3.4,Spend ball after measure seven push teach finally theory science guy popular entire care ten wish.
food_000216,Creamy Desserts,Mediterranean,Sushi,Karnataka,Berry Season,Heatwave,high,381,4.4,31.6,19.7,"['peanuts', 'mustard']",['High Protein'],"['Cozy', 'Sweet', 'Sunny']",45.0,96.6,4.4,Road organization debate paper just month beat major gas traditional evidence understand time travel well skin.
food_000217,Paneer Wrap,Spanish,Smoothies,Goa,Thanksgiving,Snowy,premium,91,4.7,1.0,15.8,"['tree nuts', 'egg', 'cashew']","['Heart-Healthy', 'Diabetes-Friendly']","['Savory', 'Cozy', 'Focused']",70.8,86.0,4.0,Leg continue office one store capital know argue home also point great attack chair.
food_000218,Roasted Wraps,Turkish,Seafood,North India,New Year,Heatwave,low,639,23.9,1.7,132.0,"['peanuts', 'wheat']","['Gluten-Free', 'Diabetes-Friendly']","['Peaceful', 'Festive', 'Motivated']",70.6,56.6,4.0,Difficult week way though door somebody specific table medical resource fish fly.
food_000219,Spiced Street Food,Indonesian,Curry,Jammu & Kashmir,Diwali,Festive,low,627,31.6,16.7,87.6,"['corn', 'lupin']","['Dairy-Free', 'Gluten-Free']","['Energized', 'Nostalgic', 'Festive']",69.9,77.0,4.3,Especially action blue ask author work instead mention quite possible read.
food_000220,Herbed Plant-based,French,Seafood,Bengal,Monsoon,Heatwave,medium,364,11.6,21.7,30.6,[],"['Low Sodium', 'Heart-Healthy', 'Dairy-Free']","['Adventurous', 'Motivated', 'Comforting']",58.6,66.8,3.5,Interest purpose agency cover speech vote adult such.
food_000221,Creamy Soups,East Asian,Pasta,Kerala,Ramadan,Thunderstorm,premium,756,18.7,22.5,119.7,"['milk', 'cashew']","['Keto', 'Vegetarian']","['Focused', 'Motivated', 'Sunny']",83.9,64.1,3.6,Start somebody their her player Republican professional subject accept town simply field grow.
food_000222,Fresh Smoothies,East Asian,Grills,Telangana,Winter,Cool,premium,774,14.0,18.8,137.2,"['corn', 'sesame oil']","['Low Carb', 'Low Sodium', 'Paleo']","['Festive', 'Romantic', 'Savory']",50.2,96.1,3.9,Form garden half require medical yet spring that improve.
food_000223,Spiced Bread,Moroccan,Tea & Coffee,Rajasthan,Navratri,Seasonal,medium,88,33.6,0.9,0.0,"['lupin', 'fish', 'mustard']","['Low Sugar', 'Vegetarian']","['Comfort', 'Relaxed', 'Energized']",50.5,59.2,4.9,Player write test positive suggest have each third certain drop where job.
food_000224,Tandoori Platter,Nordic,Rice Dishes,Jammu & Kashmir,Festive,Windy,premium,756,37.6,22.5,100.8,"['hazelnut', 'almond', 'sulphites']","['Low Sodium', 'Kosher']","['Relaxed', 'Festive', 'Energized']",59.6,94.7,3.8,Data close better improve up send coach position movie black TV such himself game word hold party agree.
food_000225,Grilled Curry,Japanese,Beverages,South India,Ramadan,Windy,premium,521,10.3,22.7,68.9,[],['Gluten-Free'],"['Relaxed', 'Sweet', 'Festive']",82.9,94.2,3.0,Charge which beat traditional however knowledge debate its shake hot purpose sea.
food_000226,Zesty Tea & Coffee,British,Street Food,Delhi,Warm Weather,Sunny,high,582,20.2,14.4,92.9,[],"['High Protein', 'Vegetarian', 'Low Sugar']","['Happy', 'Romantic', 'Spicy']",88.1,86.3,3.7,Throughout follow decade performance machine ask some well ok later behavior it air.
food_000227,Grilled Curry,Mediterranean,Dessertbites,Odisha,Diwali,Dry,low,120,38.8,23.3,0.0,[],"['Halal', 'High Protein', 'Vegan']","['Motivated', 'Social', 'Adventurous']",65.7,67.9,3.4,Happen and system even manager crime them cover daughter always foreign.
food_000228,Citrus Lunch,Vietnamese,Curry,Odisha,Winter,Rainy,low,425,31.9,2.0,69.8,"['almond', 'yeast', 'tree nuts']","['High Protein', 'Heart-Healthy', 'Vegan']","['Energized', 'Adventurous', 'Happy']",87.8,60.1,3.9,Range none opportunity exist tend support up debate able probably hour strategy resource.
food_000229,Grilled Dessertbites,African,Appetizers,Gujarat,Back to School,Festive,low,685,4.4,28.7,102.3,['egg'],['Pescatarian'],"['Cheerful', 'Sunny', 'Savory']",76.5,59.9,5.0,Accept purpose American want almost discussion more job dinner expect notice camera top long southern keep.
food_000230,Grilled Fermented,Middle Eastern,Street Food,Bengal,Autumn,Foggy,low,505,8.4,13.3,87.9,[],['Keto'],"['Savory', 'Sunny', 'Focused']",57.9,62.1,4.8,Hundred enjoy role find strategy Republican while back form.
food_000231,Tandoori Platter,British,Plant-based,West Bengal,Monsoon,Dry,medium,501,11.1,6.5,99.5,"['sesame oil', 'egg', 'cashew']","['Halal', 'Low Sugar']","['Comfort', 'Spicy', 'Calm']",76.6,84.7,3.2,Individual be population remain produce fund about coach identify off guess trouble picture.
food_000232,Spiced Salads,Nordic,Rice Dishes,Central India,Harvest,Foggy,premium,195,32.3,24.1,0.0,['soy'],"['Vegan', 'Vegetarian', 'Nut-Free']","['Comforting', 'Nostalgic', 'Social']",70.1,96.6,3.5,Teacher show unit number condition throughout half medical there beat list community.
food_000233,Herbed Dinner,Middle Eastern,Plant-based,Karnataka,Ramadan,Heatwave,premium,320,29.4,20.9,3.6,"['fish', 'peanuts']","['High Protein', 'Vegan']","['Calm', 'Cozy', 'Social']",55.5,69.0,4.8,Present message example consumer still daughter wrong quality station pretty out practice establish amount enjoy worker consumer.
food_000234,Smoked Rice Dishes,Middle Eastern,Smoothies,Goa,Monsoon,Breezy,medium,447,39.1,7.5,55.8,[],"['Paleo', 'Vegan']","['Motivated', 'Savory', 'Cozy']",81.7,60.5,4.5,Avoid brother general worker nature play yourself east show her think interest beautiful television.
food_000235,Fresh Salads,Spanish,Soups,Bengal,Thanksgiving,Heatwave,low,685,20.0,16.5,114.1,['fish'],"['Pescatarian', 'Dairy-Free']","['Calm', 'Sweet', 'Adventurous']",67.7,55.6,3.8,Manager low memory quality trade upon simply develop wear including.
food_000236,Fresh Soups,Vietnamese,Plant-based,East India,Autumn,Breezy,high,165,23.2,0.9,16.0,['lupin'],"['High Protein', 'Nut-Free']","['Relaxed', 'Comfort', 'Happy']",95.3,86.5,3.3,Matter high person generation low never every direction drive source rather all system hit speak chair let news.
food_000237,Fresh Tea & Coffee,Peruvian,Tea & Coffee,Delhi,Festive,Cold,low,728,2.1,22.1,130.2,[],"['Pescatarian', 'Kosher']","['Festive', 'Spicy', 'Social']",81.6,71.5,4.2,Owner sort vote use reveal section truth final reason.
food_000238,Idli Bowl,Korean,Pasta,Punjab,Eid,Cold,high,654,29.0,7.6,117.4,[],"['Diabetes-Friendly', 'Halal', 'Kosher']","['Sweet', 'Social', 'Calm']",57.6,97.2,3.7,Sound none find significant more ever sea fine measure more.
food_000239,Zesty Bread,Vietnamese,Grills,Assam,Autumn,Monsoon,medium,625,36.2,16.1,83.8,[],['Heart-Healthy'],"['Relaxed', 'Savory', 'Sunny']",80.7,70.8,3.6,Issue minute happy also land baby call report look must him race say that interest administration.
food_000240,Creamy Bread,American Comfort,Grills,South India,Winter,Cool,high,634,37.4,16.8,83.3,[],"['Low Sugar', 'Vegan']","['Comfort', 'Calm', 'Peaceful']",84.1,73.1,3.8,Follow best result particular sea large win involve mother sort should report western various dog.
food_000241,Golden Desserts,Brazilian,Curry,Odisha,Back to School,Cool,medium,393,8.5,9.5,68.4,[],['Halal'],"['Nostalgic', 'Motivated', 'Focused']",96.4,75.8,4.4,Brother citizen start guy scientist meeting serve itself anyone most.
food_000242,Grilled Sandwiches,Healthy Fusion,Snacks,Punjab,Navratri,Holiday,premium,346,16.0,7.6,53.4,"['tree nuts', 'lupin']","['Low Sodium', 'Low Carb']","['Nostalgic', 'Romantic', 'Comfort']",80.3,85.4,4.9,Hope notice result line these give artist thought old.
food_000243,Golden Bread,Indonesian,Tea & Coffee,Himachal Pradesh,Ramadan,Cool,high,230,32.4,25.6,0.0,[],"['Diabetes-Friendly', 'Heart-Healthy', 'Vegetarian']","['Adventurous', 'Spicy', 'Romantic']",63.0,94.7,3.0,Of common seat media ever toward affect view meeting represent thank security number feeling responsibility fly off small.
food_000244,Smoked Breakfast,American Comfort,Sushi,Assam,New Year,Foggy,premium,165,22.5,15.9,0.0,"['shellfish', 'garlic', 'sulphites']","['Vegan', 'Heart-Healthy', 'Nut-Free']","['Comforting', 'Sunny', 'Adventurous']",49.6,83.9,3.7,Power win could together this particularly morning family official wife establish bad style issue affect travel chance.
food_000245,Biryani Platter,American Comfort,Juices,Odisha,Thanksgiving,Breezy,low,826,36.1,5.3,158.5,['mustard'],"['Nut-Free', 'Vegan']","['Sweet', 'Sunny', 'Relaxed']",49.6,80.2,3.8,Contain party have allow fast training usually idea could lose executive above because sometimes total season beyond final wonder.
food_000246,Fresh Lunch,Middle Eastern,Dessertbites,Delhi,Diwali,Seasonal,low,389,33.7,11.0,38.8,[],['Paleo'],"['Festive', 'Nostalgic', 'Happy']",69.6,79.0,4.3,Measure hour us during than entire consider almost character not enough.
food_000247,Golden Seafood,Italian,Seafood,Bengal,Berry Season,Cold,medium,659,18.6,9.4,125.0,[],"['Vegetarian', 'Pescatarian']","['Festive', 'Focused', 'Energized']",96.6,84.5,3.6,Daughter between executive goal light quality go street.
food_000248,Zesty Salads,North Indian,Appetizers,Himachal Pradesh,Summer Vacation,Cloudy,medium,723,9.0,3.8,163.2,"['almond', 'mustard']","['Halal', 'Vegan']","['Spicy', 'Sweet', 'Comforting']",73.8,87.4,3.0,Audience different skin choice wonder peace probably practice wall face home forward run leg film week bag knowledge.
food_000249,Golden Tea & Coffee,East Asian,Grills,Maharashtra,Harvest,Seasonal,high,618,34.2,25.1,63.8,"['nightshades', 'egg', 'peanuts']",['Vegetarian'],"['Happy', 'Comforting', 'Nostalgic']",87.5,85.2,3.3,General analysis finish late film have new game letter.
food_000250,Smoked Appetizers,Brazilian,Snacks,Maharashtra,Monsoon,Snowy,medium,208,10.0,34.3,0.0,[],['Vegetarian'],"['Happy', 'Cozy', 'Energized']",85.4,73.3,3.2,Almost Mr heart positive prevent wind bring for together suggest great American teacher suggest when.
food_000251,Golden Salads,French,Bread,Karnataka,Autumn,Windy,low,681,36.2,6.9,118.5,"['wheat', 'lupin']","['Low Sodium', 'Pescatarian']","['Peaceful', 'Calm', 'Savory']",49.8,70.1,3.2,Future receive range mouth enough rather color newspaper focus woman thousand message.
food_000252,Sambar Salad,Spanish,Breakfast,North India,Autumn,Dry,low,794,24.4,15.7,138.8,"['celery', 'corn']",['High Protein'],"['Cozy', 'Romantic', 'Cheerful']",54.6,96.2,3.9,Paper situation ready budget fall exactly wife especially clear more that early about join sister pick imagine success.
food_000253,Roasted Sandwiches,Mediterranean,Street Food,West Bengal,Autumn,Misty,premium,694,30.0,24.2,89.1,"['mustard', 'corn', 'shellfish']",['Diabetes-Friendly'],"['Comforting', 'Focused', 'Comfort']",57.0,91.2,4.3,Among exactly party customer have fall sort book write explain against soldier issue bar cause while building act.
food_000254,Citrus Salads,British,Sushi,Gujarat,Festive,Cloudy,premium,426,9.6,29.6,30.3,"['garlic', 'sesame', 'hazelnut']","['Low Carb', 'Kosher', 'Heart-Healthy']","['Sunny', 'Comforting', 'Happy']",57.3,72.4,5.0,Third point next source decision whose public better call buy physical gas today writer than process.
food_000255,Spiced Dessertbites,Healthy Fusion,Rice Dishes,Kerala,Winter,Windy,medium,149,20.9,1.4,13.2,"['tree nuts', 'mustard']","['Keto', 'Kosher', 'Vegan']","['Peaceful', 'Happy', 'Motivated']",77.0,62.7,3.6,Position opportunity white fund thank side recently southern quality.
food_000256,Creamy Sandwiches,South Indian,Fermented,Punjab,Thanksgiving,Windy,low,402,34.4,15.8,30.5,"['hazelnut', 'soy']","['Pescatarian', 'Gluten-Free']","['Nostalgic', 'Sunny', 'Happy']",54.4,56.5,4.1,Treat these start writer wall little off recently rate hope.
food_000257,Fresh Sushi,Middle Eastern,Grills,Punjab,Christmas,Foggy,high,466,25.4,12.7,62.5,[],"['Vegan', 'Gluten-Free', 'Pescatarian']","['Comforting', 'Savory', 'Comfort']",62.0,97.0,3.8,Director generation international challenge financial to price accept yes represent would.
food_000258,Roasted Snacks,Indonesian,Appetizers,Jammu & Kashmir,Summer,Cloudy,high,425,8.5,19.1,54.8,"['wheat', 'onion', 'corn']","['Vegetarian', 'Halal']","['Happy', 'Sweet', 'Comfort']",79.9,56.6,3.8,Government drive late mouth range late system quickly just of play Congress.
food_000259,Tandoori Platter,Caribbean,Seafood,Assam,Navratri,Humid,low,286,20.9,29.7,0.0,['mustard'],"['Vegan', 'Paleo']","['Sweet', 'Sunny', 'Calm']",89.5,88.8,4.4,Exactly reach middle service exactly until day out inside determine their control spend have computer office available country other.
food_000260,Zesty Plant-based,Mexican,Salads,Goa,Summer,Cool,premium,387,18.5,19.1,35.3,"['almond', 'yeast', 'soy']",['Low Sodium'],"['Sweet', 'Happy', 'Social']",66.3,63.6,3.5,Administration whole usually study of push I main animal moment member worry big open course quickly.
food_000261,Grilled Soups,North Indian,Grills,Tamil Nadu,Eid,Breezy,high,234,30.4,26.9,0.0,[],"['Low Sugar', 'Pescatarian', 'Diabetes-Friendly']","['Festive', 'Nostalgic', 'Focused']",66.7,91.3,4.4,Company nearly know prepare hold usually generation reality pay admit agent shoulder always born TV.
food_000262,Creamy Rice Dishes,French,Sandwiches,West Bengal,Cold Weather,Thunderstorm,low,117,9.7,9.9,0.0,"['almond', 'yeast']",['Vegan'],"['Happy', 'Comfort', 'Energized']",86.9,56.3,3.6,Week best present adult mention yes federal election save.
food_000263,Golden Juices,German,Dessertbites,Kerala,New Year,Windy,medium,592,37.5,18.5,68.9,"['garlic', 'egg']",['Keto'],"['Cheerful', 'Savory', 'Sunny']",95.3,90.6,4.9,Realize your provide head hope official people difficult line.
food_000264,Herbed Street Food,Turkish,Lunch,West Bengal,Cold Weather,Cold,low,638,18.1,24.1,87.2,['lupin'],"['Halal', 'Pescatarian']","['Nostalgic', 'Comfort', 'Energized']",91.6,96.4,4.4,Environment people over table morning kid theory red memory really defense.
food_000265,Smoked Sandwiches,African,Plant-based,Central India,Autumn,Seasonal,premium,477,2.3,33.6,41.3,"['egg', 'fish']","['Low Sugar', 'Pescatarian']","['Focused', 'Motivated', 'Cheerful']",93.7,94.9,4.6,Per crime inside inside girl threat goal close.
food_000266,Masala Salad,Caribbean,Tea & Coffee,Telangana,Autumn,Humid,premium,510,24.9,28.6,38.2,[],['Low Sodium'],"['Motivated', 'Adventurous', 'Comfort']",69.0,86.7,3.4,Past great do town such agent protect firm fill fire ability dream product.
food_000267,Citrus Sandwiches,Brazilian,Rice Dishes,Kerala,Berry Season,Thunderstorm,premium,569,35.2,5.1,95.6,"['mustard', 'shellfish']",['Pescatarian'],"['Comforting', 'Focused', 'Sunny']",76.4,62.5,4.9,Television information foot left read thing position without pattern find art machine accept play happen instead.
food_000268,Creamy Pasta,Korean,Salads,Uttar Pradesh,Festive,Rainy,medium,519,24.8,5.6,92.3,[],['Pescatarian'],"['Motivated', 'Happy', 'Romantic']",54.0,96.2,4.4,Maybe growth treat research center explain study travel list rich safe ball low picture.
food_000269,Smoked Wraps,Mexican,Salads,Northeast India,Harvest,Cool,premium,264,17.5,5.5,36.1,"['fish', 'lupin', 'wheat']","['Heart-Healthy', 'Vegan', 'Vegetarian']","['Happy', 'Adventurous', 'Cheerful']",58.9,67.5,4.4,Manage father meet someone radio across rather without be what heavy until.
food_000270,Citrus Pasta,North Indian,Lunch,Andhra Pradesh,New Year,Monsoon,low,766,38.8,21.1,105.2,"['onion', 'sesame oil']","['Dairy-Free', 'Low Sugar']","['Comforting', 'Adventurous', 'Spicy']",47.4,87.2,4.2,Position big building test kind law single result school hit how yourself while say project effect around.
food_000271,Citrus Lunch,Greek,Wraps,Kerala,Valentine,Windy,medium,210,21.0,34.1,0.0,"['mustard', 'sesame', 'sesame oil']","['Nut-Free', 'Low Sugar']","['Focused', 'Cheerful', 'Happy']",64.1,67.1,4.1,Color become woman world window cause meet style opportunity class theory send fight growth whom nation task perhaps.
food_000272,Creamy Snacks,North Indian,Seafood,Uttar Pradesh,Festive,Breezy,high,586,3.6,12.8,114.1,"['peanuts', 'tree nuts', 'lupin']",['Low Sugar'],"['Nostalgic', 'Focused', 'Sweet']",70.7,85.5,4.1,Indeed discussion skin century wall but card movement stop development everything benefit thank red.
food_000273,Tandoori Bowl,Filipino,Dinner,Maharashtra,Ramadan,Windy,low,483,16.2,32.6,31.2,[],['Heart-Healthy'],"['Happy', 'Motivated', 'Festive']",62.1,59.6,3.7,People kid themselves dark song today town quality effect easy over agent start security.
food_000274,Spiced Juices,American Comfort,Lunch,South India,Diwali,Warm,premium,152,22.8,21.3,0.0,['celery'],['Vegetarian'],"['Social', 'Focused', 'Sunny']",58.5,59.0,3.6,New as Democrat remain whose young region along natural rock pressure argue crime cultural understand result according first.
food_000275,Citrus Bread,Filipino,Appetizers,Central India,Berry Season,Snowy,premium,178,33.6,18.2,0.0,"['sesame', 'wheat', 'sesame oil']","['Gluten-Free', 'Kosher']","['Cozy', 'Comforting', 'Focused']",91.9,76.1,4.3,Finish item likely beautiful single third security build audience she discuss mind.
food_000276,Herbed Appetizers,East Asian,Seafood,Assam,Citrus Season,Heatwave,low,559,18.6,31.8,49.6,['almond'],"['High Protein', 'Low Carb']","['Cozy', 'Nostalgic', 'Energized']",52.9,75.5,4.8,Ground language experience administration for management heart out newspaper reveal cup spend lose bag need place.
food_000277,Herbed Fermented,Brazilian,Main Course,Goa,Valentine,Holiday,high,595,2.6,26.0,87.7,"['milk', 'egg', 'corn']","['Dairy-Free', 'Low Sodium', 'Diabetes-Friendly']","['Motivated', 'Savory', 'Festive']",86.7,74.9,4.9,War campaign full young sense TV trade thing difficult.
food_000278,Spiced Smoothies,Moroccan,Snacks,Telangana,Cold Weather,Sunny,low,199,2.5,23.1,0.0,"['mustard', 'sesame oil', 'lupin']","['Kosher', 'Diabetes-Friendly', 'Paleo']","['Relaxed', 'Adventurous', 'Sweet']",66.5,74.8,3.4,Until food everybody piece history quite bad authority practice left compare simply race north star ago whose maintain.
food_000279,Smoked Dinner,Indonesian,Soups,Telangana,Citrus Season,Seasonal,medium,388,31.2,5.6,53.2,['hazelnut'],"['Diabetes-Friendly', 'High Protein']","['Comfort', 'Motivated', 'Calm']",51.2,73.1,3.6,Set center read garden deal newspaper keep course their include rich outside country.
food_000280,Masala Platter,Mexican,Wraps,West Bengal,Warm Weather,Festive,high,489,20.5,20.9,54.7,"['fish', 'hazelnut', 'milk']","['Vegetarian', 'Low Sugar', 'Dairy-Free']","['Cheerful', 'Spicy', 'Relaxed']",81.0,81.3,4.8,Whether while sense sometimes foot drop clear available night change citizen maintain might course property audience forget.
food_000281,Citrus Sandwiches,South Indian,Beverages,Himachal Pradesh,Harvest,Monsoon,medium,317,21.3,20.8,11.1,"['tree nuts', 'mustard', 'hazelnut']","['Pescatarian', 'Diabetes-Friendly']","['Comforting', 'Happy', 'Focused']",93.9,84.5,3.6,Cover throw career concern Democrat require trip light administration focus participant.
food_000282,Smoked Salads,Latin American,Plant-based,Telangana,Ramadan,Cool,medium,650,3.8,1.1,156.2,['soy'],"['Vegan', 'Kosher', 'Diabetes-Friendly']","['Cheerful', 'Cozy', 'Romantic']",63.9,92.9,3.2,Front bed affect order debate management operation enter remember agency.
food_000283,Herbed Tea & Coffee,Italian,Desserts,East India,Summer Vacation,Festive,low,131,37.2,15.6,0.0,[],['Keto'],"['Spicy', 'Energized', 'Peaceful']",89.6,74.7,3.3,Month trial particular foreign work range choose early wish.
food_000284,Citrus Street Food,Greek,Seafood,North India,Autumn,Snowy,medium,221,6.7,7.5,31.7,[],['Diabetes-Friendly'],"['Cheerful', 'Nostalgic', 'Peaceful']",85.8,96.7,3.2,Analysis thing individual group management sing interest less.
food_000285,Creamy Wraps,Nordic,Grills,Telangana,New Year,Snowy,low,499,36.1,33.3,13.7,[],"['Paleo', 'Kosher']","['Comfort', 'Peaceful', 'Relaxed']",81.2,77.2,3.7,Determine away window hair specific affect produce vote brother thank position recognize two space sport value.
food_000286,Roasted Wraps,East Asian,Sushi,Punjab,Citrus Season,Heatwave,premium,491,35.7,24.7,31.5,"['lupin', 'gluten']","['Paleo', 'Halal']","['Sunny', 'Motivated', 'Social']",83.2,92.6,4.4,Forward direction hospital away position trip box long establish tough high especially arm general quickly.
food_000287,Paneer Bowl,Caribbean,Smoothies,North India,Monsoon,Heatwave,low,603,23.0,18.5,86.1,[],"['Low Carb', 'Keto', 'Pescatarian']","['Nostalgic', 'Cozy', 'Peaceful']",53.5,87.6,4.5,Professor more exactly fear purpose left thought defense four everyone record century help tend.
food_000288,Fresh Street Food,Latin American,Sandwiches,Himachal Pradesh,Warm Weather,Sunny,medium,321,32.6,34.6,0.0,['lupin'],"['Dairy-Free', 'Nut-Free']","['Sweet', 'Adventurous', 'Sunny']",92.4,79.3,3.2,Not about soldier determine card marriage strong business issue research professor others.
food_000289,Spiced Wraps,Mexican,Dessertbites,Telangana,Summer,Cloudy,medium,213,20.1,15.9,0.0,"['sesame', 'wheat', 'garlic']","['Pescatarian', 'High Protein', 'Halal']","['Happy', 'Cozy', 'Focused']",72.9,70.9,4.0,This reflect music visit big beyond only season suffer.
food_000290,Zesty Healthy Bowls,American Comfort,Sandwiches,West Bengal,Spring,Humid,high,201,24.9,14.6,0.0,[],"['Paleo', 'Vegan', 'Low Sodium']","['Nostalgic', 'Comforting', 'Savory']",75.3,60.2,4.0,Order join place blood pull cut power relationship approach firm maybe improve close.
food_000291,Herbed Curry,Middle Eastern,Dessertbites,North India,Ramadan,Sunny,premium,437,4.6,2.0,100.2,"['sulphites', 'celery', 'garlic']","['Paleo', 'Kosher', 'Gluten-Free']","['Peaceful', 'Motivated', 'Sweet']",61.4,75.7,3.3,Other pressure skill study all civil reveal discover school present whom score color detail itself provide new away.
food_000292,Fresh Juices,African,Smoothies,Andhra Pradesh,Cold Weather,Rainy,medium,364,26.5,30.4,0.0,"['yeast', 'cashew']",['Gluten-Free'],"['Social', 'Spicy', 'Energized']",75.3,85.4,4.5,Paper listen drive tell money partner write cause example may over far home.
food_000293,Herbed Plant-based,Healthy Fusion,Dessertbites,East India,Warm Weather,Breezy,high,626,25.1,14.4,99.0,[],"['Pescatarian', 'Gluten-Free']","['Cozy', 'Comfort', 'Peaceful']",90.7,56.9,3.8,Such safe dog dog many for grow light ball treatment economic world if inside.
food_000294,Tandoori Wrap,Mediterranean,Desserts,Himachal Pradesh,Thanksgiving,Humid,premium,107,29.1,10.8,0.0,"['sesame', 'celery']",['Vegan'],"['Social', 'Calm', 'Sweet']",52.6,59.2,4.0,Notice skin trouble kitchen explain this within may reflect store result would oil.
food_000295,Spiced Main Course,Vietnamese,Breakfast,Telangana,Citrus Season,Stormy,high,647,38.6,23.8,69.6,['mustard'],"['Pescatarian', 'High Protein', 'Vegan']","['Peaceful', 'Social', 'Adventurous']",74.4,65.6,4.1,Place benefit network fall where lot happy long happen office build man.
food_000296,Spiced Lunch,Korean,Dessertbites,Northeast India,Diwali,Humid,high,573,12.4,9.2,110.2,['wheat'],"['Dairy-Free', 'Vegetarian', 'Gluten-Free']","['Spicy', 'Sweet', 'Relaxed']",98.0,84.2,3.2,Establish both possible customer this above if require partner available name kind present argue let field.
food_000297,Fresh Main Course,Greek,Plant-based,Andhra Pradesh,Navratri,Foggy,low,331,27.2,11.6,29.5,"['gluten', 'hazelnut']",['Vegetarian'],"['Savory', 'Happy', 'Comfort']",95.8,64.1,4.3,Easy power friend amount tend official pressure affect condition someone decade.
food_000298,Spiced Dessertbites,African,Rice Dishes,South India,Summer,Seasonal,low,767,18.9,4.8,162.1,"['celery', 'soy']","['Vegetarian', 'Vegan', 'High Protein']","['Comforting', 'Social', 'Motivated']",64.9,96.8,3.4,Apply another material risk enough I year former war when style cut work bank call note adult wish.
food_000299,Fresh Healthy Bowls,Indonesian,Appetizers,East India,New Year,Stormy,premium,117,12.7,31.7,0.0,['cashew'],"['Keto', 'Pescatarian']","['Festive', 'Sweet', 'Peaceful']",56.1,85.4,3.3,Daughter animal management will open now always drive might same why play them discuss product million.
food_000300,Roasted Sushi,Turkish,Desserts,North India,Summer,Snowy,low,313,35.5,25.6,0.0,[],"['Low Carb', 'Nut-Free', 'Diabetes-Friendly']","['Motivated', 'Comfort', 'Cozy']",89.9,66.8,4.7,Stock moment building her television share beat truth example huge PM resource establish she.
food_000301,Idli Platter,Thai,Grills,Punjab,New Year,Rainy,medium,403,2.2,7.2,82.3,[],"['High Protein', 'Halal', 'Low Sugar']","['Relaxed', 'Calm', 'Social']",75.3,58.5,3.7,Rate evidence record teach structure nearly when dream raise.
food_000302,Herbed Seafood,Australian,Rice Dishes,Andhra Pradesh,Valentine,Stormy,low,324,38.4,29.2,0.0,['egg'],"['Heart-Healthy', 'Kosher', 'Vegan']","['Motivated', 'Sweet', 'Romantic']",72.5,90.3,4.9,Score together arrive only start before set deep.
food_000303,Herbed Snacks,Korean,Lunch,Himachal Pradesh,Berry Season,Thunderstorm,high,773,4.1,2.3,184.0,"['fish', 'sesame oil', 'almond']","['Vegetarian', 'High Protein', 'Low Sugar']","['Motivated', 'Cozy', 'Romantic']",66.3,91.5,4.3,Quality media field parent heavy according take shake education couple network identify field offer network enter.
food_000304,Smoked Sushi,South Indian,Pasta,East India,Summer,Holiday,high,209,26.2,9.3,5.1,"['soy', 'fish', 'tree nuts']",['Vegan'],"['Adventurous', 'Nostalgic', 'Cozy']",83.4,73.1,3.6,Almost him them case fact even reduce market sure make morning treatment.
food_000305,Smoked Grills,South Indian,Grills,Jammu & Kashmir,Monsoon,Rainy,high,652,34.6,15.1,94.4,['egg'],"['Low Sugar', 'Nut-Free']","['Happy', 'Motivated', 'Cheerful']",55.6,63.4,4.2,Mention lead line factor size attack operation alone consider say able issue event.
food_000306,Golden Salads,Indonesian,Soups,East India,New Year,Breezy,low,324,20.3,27.0,0.0,"['shellfish', 'celery', 'soy']",['Halal'],"['Comfort', 'Relaxed', 'Comforting']",87.8,90.0,4.1,Sure for even long sense out go significant record table activity need language do total dark.
food_000307,Roasted Juices,American Comfort,Salads,Himachal Pradesh,Festive,Stormy,high,258,14.9,19.6,5.5,"['peanuts', 'gluten']","['Paleo', 'Low Sugar', 'Nut-Free']","['Romantic', 'Cheerful', 'Social']",46.1,62.7,3.9,Strong civil meet budget friend how plan your against politics five speak look seven blue option whom.
food_000308,Sambar Salad,Mediterranean,Snacks,Kerala,Monsoon,Dry,medium,405,24.8,34.2,0.0,['yeast'],"['Paleo', 'Low Sodium']","['Calm', 'Energized', 'Festive']",47.4,65.5,4.7,But get student well one office board shake hour political best institution open scientist air this option.
food_000309,Citrus Seafood,Mediterranean,Beverages,Assam,Christmas,Heatwave,medium,611,19.6,11.6,107.0,"['garlic', 'sesame', 'wheat']","['Vegan', 'Keto']","['Calm', 'Social', 'Motivated']",81.8,71.1,3.8,Note song heart individual admit help market few white condition Democrat development management month late majority.
food_000310,Zesty Healthy Bowls,East Asian,Fermented,Bengal,Diwali,Breezy,medium,315,24.2,16.6,17.2,"['corn', 'lupin', 'garlic']","['Low Carb', 'Low Sugar']","['Comfort', 'Focused', 'Motivated']",67.6,81.7,3.5,Pass age drug each course onto enter agreement commercial design build speak measure particular.
food_000311,Herbed Healthy Bowls,Australian,Main Course,Maharashtra,Autumn,Windy,high,119,22.7,12.0,0.0,"['shellfish', 'hazelnut']","['Paleo', 'Pescatarian', 'Kosher']","['Spicy', 'Festive', 'Comfort']",58.3,84.0,3.6,Concern wife less cut huge step building third pass century that age day trip.
food_000312,Smoked Juices,Indonesian,Grills,Kerala,Christmas,Stormy,premium,847,10.0,8.6,182.4,"['nightshades', 'sulphites', 'egg']","['Low Sugar', 'Diabetes-Friendly']","['Cozy', 'Social', 'Motivated']",74.3,80.2,4.7,Dog bad many argue recently debate remember town scientist identify another case light my avoid even ground.
food_000313,Creamy Wraps,Australian,Bread,Goa,Navratri,Stormy,premium,782,30.6,26.8,104.6,[],"['Vegan', 'Heart-Healthy', 'Gluten-Free']","['Adventurous', 'Cheerful', 'Sunny']",60.9,84.7,3.4,While director pay policy magazine probably check heavy result civil thousand.
food_000314,Zesty Beverages,Indonesian,Appetizers,Bengal,Festive,Windy,low,112,33.4,21.3,0.0,"['mustard', 'shellfish', 'fish']","['Gluten-Free', 'High Protein']","['Energized', 'Comforting', 'Peaceful']",55.5,56.2,3.3,Social successful environment order write feel cell expert special.
food_000315,Biryani Platter,Mediterranean,Smoothies,Tamil Nadu,Monsoon,Dry,high,242,24.9,32.9,0.0,"['sesame', 'shellfish', 'gluten']",['Heart-Healthy'],"['Relaxed', 'Sunny', 'Calm']",71.6,80.3,4.8,In rock establish white paper front box already then raise line research spend manage specific.
food_000316,Golden Dessertbites,Thai,Tea & Coffee,East India,Diwali,Misty,high,259,17.8,6.7,31.9,"['almond', 'soy', 'hazelnut']","['Keto', 'Low Sugar', 'Halal']","['Energized', 'Calm', 'Focused']",67.9,81.6,4.8,Door drug must speak fly enjoy born want writer.
food_000317,Herbed Grills,Nordic,Curry,Gujarat,Eid,Cloudy,medium,413,17.6,6.2,71.7,[],['Heart-Healthy'],"['Sunny', 'Cheerful', 'Savory']",47.4,63.9,3.8,Share policy low class his less forward box company between become professional.
food_000318,Fresh Desserts,Korean,Dinner,Bengal,Cold Weather,Stormy,medium,562,33.2,29.5,40.9,[],['Dairy-Free'],"['Romantic', 'Spicy', 'Sunny']",46.0,62.3,3.2,Art door figure rich perhaps message street detail move call.
food_000319,Spiced Dessertbites,North Indian,Bread,Sikkim,Harvest,Breezy,medium,730,32.8,22.6,98.8,"['hazelnut', 'mustard', 'nightshades']",['Vegetarian'],"['Energized', 'Sunny', 'Social']",92.5,85.8,3.7,Wide environmental thus tough sense meet race reveal themselves stage recognize expect fight series ok less.
food_000320,Grilled Juices,Moroccan,Bread,Bengal,New Year,Windy,medium,251,3.7,18.2,18.1,['sesame oil'],['Kosher'],"['Cozy', 'Romantic', 'Calm']",62.1,90.1,3.2,Sing phone compare fear care above now mean mean citizen son single send.
food_000321,Citrus Lunch,Healthy Fusion,Dinner,Central India,Valentine,Festive,medium,148,35.6,14.7,0.0,[],"['Low Sodium', 'Paleo', 'Vegan']","['Savory', 'Cheerful', 'Sunny']",71.5,88.0,3.7,Both different particularly fear program reality boy term exist cut four job consumer long fact tend.
food_000322,Idli Bowl,Lebanese,Sushi,Odisha,Christmas,Heatwave,medium,318,2.8,26.7,16.6,"['fish', 'sesame oil', 'egg']",['Paleo'],"['Comforting', 'Happy', 'Nostalgic']",57.5,60.3,3.3,Test very edge nation out worker language yeah life possible attention feel institution to family.
food_000323,Creamy Rice Dishes,Italian,Street Food,South India,Spring,Heatwave,high,375,30.5,8.4,44.3,['yeast'],['High Protein'],"['Calm', 'Sunny', 'Peaceful']",63.2,86.5,3.4,Beat picture lawyer million fish carry clearly stock recent network guy kind usually together time officer difference.
food_000324,Zesty Dessertbites,American Comfort,Desserts,Bengal,Festive,Holiday,premium,289,11.0,3.2,54.0,['fish'],"['Low Sodium', 'Dairy-Free']","['Calm', 'Nostalgic', 'Sweet']",61.5,86.2,4.9,Team the Mrs and mouth although focus central fear avoid guy.
food_000325,Creamy Fermented,Vietnamese,Sandwiches,Telangana,Summer Vacation,Festive,premium,239,33.1,27.9,0.0,[],"['Paleo', 'Low Carb']","['Focused', 'Festive', 'Sunny']",65.2,55.9,3.6,Fly record air reveal appear phone picture detail reality worker protect.
food_000326,Zesty Juices,American Comfort,Desserts,Tamil Nadu,Winter,Sunny,medium,822,16.2,14.5,156.7,"['celery', 'garlic']","['Gluten-Free', 'Low Sugar']","['Energized', 'Romantic', 'Sunny']",65.9,72.9,3.4,Plan edge responsibility movie scientist firm happy several something.
food_000327,Creamy Juices,British,Healthy Bowls,East India,Spring,Misty,medium,332,11.2,1.7,68.0,[],"['Paleo', 'Diabetes-Friendly', 'Dairy-Free']","['Motivated', 'Adventurous', 'Festive']",78.4,90.0,4.2,Side adult kind black happen exactly partner find meeting catch.
food_000328,Smoked Wraps,Japanese,Tea & Coffee,Jammu & Kashmir,Summer,Heatwave,high,249,33.5,9.2,8.0,"['wheat', 'mustard', 'corn']","['Gluten-Free', 'Vegan', 'Nut-Free']","['Sweet', 'Comforting', 'Adventurous']",96.3,68.0,4.5,Service decision author foreign performance baby Republican participant doctor technology land such those air opportunity campaign.
food_000329,Tandoori Platter,Mediterranean,Fermented,East India,Thanksgiving,Heatwave,medium,254,8.7,6.9,39.3,[],"['Low Sugar', 'Gluten-Free']","['Social', 'Energized', 'Focused']",70.8,60.8,3.5,Reason dinner customer white option especially describe field service score sure.
food_000330,Herbed Street Food,French,Dinner,Delhi,Autumn,Foggy,medium,110,24.3,17.0,0.0,[],"['Vegetarian', 'Nut-Free']","['Sweet', 'Energized', 'Romantic']",50.3,83.9,4.0,Organization accept sometimes level total ready recent for themselves from talk over ready.
food_000331,Citrus Dessertbites,Lebanese,Wraps,Andhra Pradesh,Eid,Warm,low,325,37.8,23.4,0.0,"['sulphites', 'peanuts']",['Heart-Healthy'],"['Sunny', 'Adventurous', 'Comfort']",48.0,71.3,4.7,Machine result education he movement call population about should follow room training campaign always.
food_000332,Spiced Rice Dishes,Peruvian,Seafood,Assam,Thanksgiving,Dry,premium,409,2.6,12.9,70.6,"['almond', 'nightshades']",['Diabetes-Friendly'],"['Sunny', 'Relaxed', 'Comforting']",87.8,57.0,4.9,State official real article with heavy third morning age main cause us.
food_000333,Spiced Desserts,British,Desserts,Assam,Warm Weather,Heatwave,low,589,32.3,10.9,90.4,"['soy', 'nightshades', 'peanuts']","['High Protein', 'Keto']","['Social', 'Focused', 'Relaxed']",74.1,83.9,3.9,Break without on off save admit middle real begin.
food_000334,Zesty Rice Dishes,Moroccan,Seafood,Central India,Autumn,Snowy,medium,822,20.7,27.9,122.0,[],"['Nut-Free', 'Low Sugar', 'Halal']","['Sunny', 'Spicy', 'Cozy']",56.9,69.3,3.4,Enough another cell bring situation listen heart well attack.
food_000335,Creamy Sushi,Latin American,Sushi,Goa,Monsoon,Warm,premium,834,2.1,2.6,200.6,"['sulphites', 'lupin', 'almond']",['High Protein'],"['Romantic', 'Sunny', 'Comfort']",89.9,78.0,3.6,Statement especially vote clear kitchen off institution public method cover defense.
food_000336,Idli Bowl,East Asian,Juices,Central India,Spring,Festive,low,360,39.9,24.9,0.0,"['mustard', 'hazelnut', 'celery']",['Nut-Free'],"['Adventurous', 'Social', 'Calm']",88.9,75.6,4.8,Everyone herself instead different late know seven whatever rule rich.
food_000337,Creamy Bread,Middle Eastern,Breakfast,Sikkim,Christmas,Warm,low,564,39.6,26.6,41.5,"['mustard', 'hazelnut']",['Kosher'],"['Romantic', 'Adventurous', 'Cheerful']",73.0,71.8,4.7,Radio service party occur purpose dinner scene black action challenge weight sort thus center anyone apply deep.
food_000338,Spiced Healthy Bowls,French,Desserts,Tamil Nadu,Harvest,Dry,low,823,34.5,4.0,162.2,"['corn', 'almond', 'soy']",['Keto'],"['Comforting', 'Happy', 'Focused']",90.5,88.8,3.2,Very sure chance audience may single class book theory market interest language respond western very with get them the.
food_000339,Roasted Tea & Coffee,North Indian,Snacks,Maharashtra,Christmas,Monsoon,low,690,38.3,23.0,82.5,[],"['Kosher', 'Paleo']","['Motivated', 'Comforting', 'Comfort']",81.7,71.1,3.2,Stand put admit a easy night decade society.
food_000340,Grilled Smoothies,Vietnamese,Main Course,East India,Autumn,Holiday,premium,575,40.0,24.7,48.2,"['egg', 'hazelnut']","['Low Sodium', 'Low Sugar', 'Pescatarian']","['Comfort', 'Sunny', 'Spicy']",51.6,67.8,3.1,Democrat sense boy father least machine capital kid loss strategy some project image role lawyer something not media against.
food_000341,Grilled Breakfast,American Comfort,Bread,Gujarat,Festive,Festive,high,648,19.0,11.3,117.6,['egg'],"['Low Carb', 'Pescatarian', 'Kosher']","['Energized', 'Relaxed', 'Romantic']",75.5,56.7,3.7,Throughout choose total two tough first bill position possible defense child catch.
food_000342,Golden Seafood,French,Bread,Sikkim,Back to School,Snowy,medium,791,13.9,31.9,112.1,['hazelnut'],['Vegan'],"['Calm', 'Energized', 'Social']",77.1,97.9,3.6,Toward several himself baby child everybody last keep line hot four attorney cost leader model put card follow second.
food_000343,Sambar Wrap,German,Pasta,Telangana,Summer,Seasonal,medium,489,19.3,33.1,28.5,['yeast'],['Gluten-Free'],"['Festive', 'Social', 'Comforting']",94.8,84.1,3.8,Seem when lose economic conference go strategy spend improve people realize other health rule bad three behavior ahead.
food_000344,Herbed Street Food,Latin American,Curry,Gujarat,Cold Weather,Thunderstorm,low,735,5.4,31.9,106.6,['sesame'],['Keto'],"['Sunny', 'Calm', 'Savory']",52.8,88.5,4.6,Sense such administration either team yourself peace her building decision plant financial voice green church.
food_000345,Zesty Main Course,Greek,Healthy Bowls,East India,Warm Weather,Cool,medium,702,5.8,2.2,164.8,['lupin'],"['Kosher', 'High Protein', 'Dairy-Free']","['Adventurous', 'Festive', 'Comfort']",84.8,68.7,4.3,Trial might bad community defense near apply participant fall we region clear forget.
food_000346,Fresh Beverages,Nordic,Soups,Central India,Berry Season,Thunderstorm,low,529,39.5,28.0,29.8,"['onion', 'hazelnut', 'fish']","['Gluten-Free', 'Paleo']","['Cozy', 'Cheerful', 'Relaxed']",59.6,76.6,3.2,Put amount but car lay relate she medical truth always partner mention cut.
food_000347,Fresh Seafood,Australian,Breakfast,Telangana,Summer Vacation,Snowy,high,607,28.0,23.8,70.2,[],"['Low Sugar', 'Heart-Healthy', 'Pescatarian']","['Comfort', 'Cozy', 'Spicy']",51.6,77.9,3.5,Maybe determine bad church player general raise child drop clearly member financial information world voice create right very floor.
food_000348,Herbed Healthy Bowls,Moroccan,Fermented,Assam,New Year,Humid,premium,216,21.5,33.4,0.0,"['peanuts', 'sulphites']","['High Protein', 'Pescatarian', 'Low Carb']","['Romantic', 'Nostalgic', 'Sweet']",65.1,73.2,3.6,Cover raise about send last American career others deal expect rather debate my whole hold mean unit.
food_000349,Spiced Healthy Bowls,Brazilian,Lunch,Odisha,Berry Season,Monsoon,low,86,25.4,11.8,0.0,['celery'],"['Vegetarian', 'Vegan']","['Cozy', 'Happy', 'Social']",45.3,70.2,4.1,Act money TV culture reality yard discussion edge but name may throw.
food_000350,Idli Salad,Vietnamese,Smoothies,Goa,Diwali,Cold,medium,191,39.6,23.1,0.0,"['gluten', 'lupin', 'hazelnut']",['Keto'],"['Social', 'Nostalgic', 'Energized']",52.4,73.9,3.8,Success point them share her always ten federal against born statement tonight ability option hot generation white house.
food_000351,Citrus Fermented,Mexican,Seafood,Sikkim,Ramadan,Snowy,low,489,21.1,32.4,28.2,[],['Vegetarian'],"['Adventurous', 'Savory', 'Comforting']",65.6,91.3,4.5,Kid state all want student current will community.
food_000352,Creamy Soups,Vietnamese,Appetizers,Himachal Pradesh,Ramadan,Cloudy,medium,712,7.8,18.1,129.5,"['hazelnut', 'fish']","['Pescatarian', 'Keto', 'High Protein']","['Romantic', 'Peaceful', 'Focused']",85.6,65.7,5.0,Between challenge pay easy will simple lot night even dark respond save land strategy.
food_000353,Smoked Dinner,American Comfort,Desserts,Telangana,Winter,Festive,high,132,16.5,18.6,0.0,['sulphites'],"['Diabetes-Friendly', 'Vegetarian']","['Peaceful', 'Cozy', 'Energized']",96.9,85.1,3.2,Focus might late participant economic fight really economic consider during miss general everything stand.
food_000354,Roasted Seafood,South Indian,Lunch,Central India,Navratri,Dry,high,366,36.5,4.0,46.0,"['sulphites', 'mustard']",['Keto'],"['Comfort', 'Spicy', 'Adventurous']",95.3,62.9,3.7,Usually effort recognize its decade fall modern score process education get better perform happy.
food_000355,Herbed Desserts,Italian,Salads,Jammu & Kashmir,Christmas,Cloudy,high,724,30.2,4.7,140.2,['shellfish'],"['Heart-Healthy', 'Diabetes-Friendly', 'Vegan']","['Relaxed', 'Spicy', 'Cheerful']",93.3,80.2,4.5,Ask charge simple bag subject north rest reflect yard energy analysis.
food_000356,Fresh Rice Dishes,British,Main Course,Sikkim,Eid,Cold,low,814,6.5,15.5,162.1,[],['Low Carb'],"['Adventurous', 'Nostalgic', 'Energized']",72.8,75.8,4.6,Fire affect become hand pay radio left should prevent sister stage time turn once girl.
food_000357,Sambar Platter,Mediterranean,Beverages,Odisha,Summer Vacation,Misty,medium,701,12.3,6.9,147.4,[],"['Heart-Healthy', 'Low Carb', 'Halal']","['Peaceful', 'Festive', 'Nostalgic']",56.5,61.9,3.6,Material where bad address card cause be truth executive others wall political himself hot enjoy finish just middle charge.
food_000358,Spiced Rice Dishes,Indonesian,Desserts,Uttar Pradesh,Monsoon,Foggy,low,334,39.6,7.7,26.6,"['sulphites', 'egg']","['Low Carb', 'Halal', 'Gluten-Free']","['Cozy', 'Nostalgic', 'Cheerful']",79.4,60.0,4.3,Thus none professional peace remain kid cover student discussion past want carry pull sound large against it.
food_000359,Roasted Rice Dishes,Moroccan,Fermented,Jammu & Kashmir,Autumn,Misty,medium,729,25.0,7.6,140.2,['wheat'],"['Kosher', 'Gluten-Free', 'High Protein']","['Calm', 'Cozy', 'Comforting']",62.2,74.0,4.8,Concern share professional sound yard industry blue particular perform guy usually must west late place in.
food_000360,Spiced Appetizers,Vietnamese,Juices,Rajasthan,Citrus Season,Cool,medium,246,35.6,28.7,0.0,['egg'],"['High Protein', 'Diabetes-Friendly']","['Sunny', 'Romantic', 'Peaceful']",55.0,84.6,4.5,Chair discussion technology include process investment deal start little we about dream nor share ability.
food_000361,Smoked Fermented,Nordic,Dessertbites,South India,Spring,Snowy,premium,165,12.2,32.9,0.0,[],['Nut-Free'],"['Relaxed', 'Social', 'Adventurous']",87.0,80.8,4.5,Until catch control political reach analysis know article rock.
food_000362,Spiced Dessertbites,British,Main Course,South India,Cold Weather,Windy,medium,125,5.9,10.7,1.3,['gluten'],['Vegetarian'],"['Calm', 'Cozy', 'Sunny']",89.3,77.0,3.7,Lot thing green measure two push sport first day hold spend music avoid dream maintain.
food_000363,Herbed Pasta,Latin American,Soups,Gujarat,Diwali,Cold,high,421,6.5,32.4,25.9,['soy'],"['Nut-Free', 'Dairy-Free']","['Focused', 'Cozy', 'Adventurous']",92.5,94.6,4.2,Song opportunity attorney institution actually drug upon occur must sign fight important stuff away able serious.
food_000364,Sambar Platter,Australian,Dinner,Karnataka,Monsoon,Snowy,premium,818,32.3,34.2,95.2,"['sesame', 'tree nuts', 'egg']","['Paleo', 'Gluten-Free']","['Sunny', 'Comforting', 'Cheerful']",51.0,90.0,3.8,Behavior southern role leave within decade him present.
food_000365,Zesty Seafood,Japanese,Wraps,Sikkim,Ramadan,Seasonal,low,625,22.4,8.4,115.0,['hazelnut'],['High Protein'],"['Comforting', 'Comfort', 'Social']",82.9,58.6,3.7,Trade summer detail worry father someone condition tough at whether high without girl science.
food_000366,Zesty Wraps,Brazilian,Desserts,Himachal Pradesh,Back to School,Snowy,low,328,10.0,8.2,53.5,['celery'],"['Vegetarian', 'Halal', 'Low Sugar']","['Comforting', 'Energized', 'Romantic']",51.2,87.1,4.0,Consumer sea return bit Mr both southern want more source agree conference debate test wife expert why.
food_000367,Fresh Juices,South Indian,Sushi,Telangana,Monsoon,Humid,medium,223,30.4,24.6,0.0,"['nightshades', 'cashew']","['Vegetarian', 'Paleo', 'Vegan']","['Adventurous', 'Energized', 'Sweet']",66.8,67.9,4.0,Edge federal condition management analysis statement their type center voice mention word act focus anything change.
food_000368,Creamy Beverages,Filipino,Sushi,Assam,Diwali,Stormy,premium,358,39.0,18.5,8.9,['celery'],"['Vegan', 'Keto', 'Low Sugar']","['Focused', 'Spicy', 'Relaxed']",51.6,97.1,4.0,Just water story painting music chair cell tax truth Republican site hit media hit land wonder.
food_000369,Herbed Healthy Bowls,Mexican,Salads,Uttar Pradesh,Autumn,Windy,medium,697,31.6,12.1,115.4,[],['Low Sugar'],"['Savory', 'Comfort', 'Nostalgic']",53.6,65.3,4.1,Left board represent artist story provide few degree game social thank address watch prepare enter guess foreign cultural.
food_000370,Roasted Breakfast,Vietnamese,Lunch,Punjab,Navratri,Cloudy,medium,445,30.6,33.6,5.0,"['lupin', 'tree nuts', 'hazelnut']","['Keto', 'Low Sodium', 'Low Sugar']","['Peaceful', 'Romantic', 'Savory']",61.7,76.5,3.0,Leave ahead fine win blue price fall answer later medical long recently likely rich structure full you goal road.
food_000371,Biryani Wrap,Moroccan,Sandwiches,Bengal,Citrus Season,Cloudy,premium,815,8.1,33.7,119.8,"['nightshades', 'tree nuts']","['Dairy-Free', 'Low Sodium']","['Savory', 'Cozy', 'Energized']",83.6,77.2,3.5,Do one tough what hour boy thought then place discover coach store against section visit perform.
food_000372,Fresh Snacks,East Asian,Fermented,Himachal Pradesh,Cold Weather,Cloudy,high,545,13.9,32.7,48.8,"['lupin', 'egg']",['Low Sodium'],"['Motivated', 'Festive', 'Happy']",59.8,61.9,4.5,Remember adult suffer traditional evidence best art middle key key certainly benefit end window reality fish any make our.
food_000373,Citrus Grills,Japanese,Wraps,Northeast India,Monsoon,Breezy,medium,719,38.2,13.4,111.4,"['almond', 'milk']","['Vegan', 'Halal', 'Kosher']","['Calm', 'Spicy', 'Comfort']",71.8,84.3,4.7,Evening commercial know production building left really author thank their gas chair mean especially special stop.
food_000374,Fresh Rice Dishes,Korean,Bread,Bengal,Eid,Breezy,premium,627,36.2,16.5,83.4,"['corn', 'shellfish', 'celery']","['Gluten-Free', 'Low Sodium']","['Cheerful', 'Happy', 'Social']",83.8,58.7,3.2,Who walk back knowledge animal glass thousand measure clearly return enough able.
food_000375,Creamy Seafood,North Indian,Pasta,Delhi,Spring,Cold,premium,298,4.1,30.4,2.0,"['sesame', 'cashew']",['Gluten-Free'],"['Adventurous', 'Relaxed', 'Festive']",81.2,96.0,3.2,Pull hit who billion town read cup after man person contain.
food_000376,Roasted Beverages,Brazilian,Lunch,Bengal,Thanksgiving,Warm,medium,283,15.3,15.0,21.7,['hazelnut'],"['Halal', 'Heart-Healthy']","['Sweet', 'Sunny', 'Comfort']",81.5,75.4,3.2,Mission husband sometimes base center else provide able term necessary.
food_000377,Fresh Desserts,German,Juices,Andhra Pradesh,Winter,Snowy,low,591,34.8,4.4,103.1,[],"['Paleo', 'Nut-Free']","['Motivated', 'Sweet', 'Romantic']",66.5,96.7,3.4,Audience mission she data manager nothing drive space senior card visit rest school view glass building.
food_000378,Tandoori Bowl,American Comfort,Salads,Central India,Warm Weather,Sunny,high,389,36.1,17.8,21.1,"['corn', 'lupin', 'yeast']","['Nut-Free', 'Vegan']","['Focused', 'Motivated', 'Cozy']",82.1,92.3,3.4,Minute hour position from talk social clear TV charge social successful leave become officer.
food_000379,Herbed Plant-based,Mexican,Rice Dishes,Himachal Pradesh,Berry Season,Windy,medium,186,5.4,1.1,38.6,[],"['Heart-Healthy', 'Low Carb', 'Dairy-Free']","['Energized', 'Nostalgic', 'Cozy']",50.5,95.1,3.4,Heavy compare program real president put reflect serve form left article middle pass reason office figure.
food_000380,Spiced Healthy Bowls,Filipino,Sandwiches,Telangana,Citrus Season,Misty,high,309,21.3,9.7,34.1,"['almond', 'fish', 'gluten']","['Vegan', 'Vegetarian']","['Comfort', 'Adventurous', 'Comforting']",61.3,83.3,3.7,World among save gas stage conference that officer respond yet control case physical course foot study foreign buy better.
food_000381,Creamy Juices,North Indian,Plant-based,Jammu & Kashmir,Thanksgiving,Snowy,high,257,17.3,11.5,21.1,['onion'],['Kosher'],"['Festive', 'Spicy', 'Focused']",57.2,61.8,3.4,Job process participant coach account statement back face loss human prevent continue compare.
food_000382,Spiced Juices,British,Curry,Bengal,Warm Weather,Misty,premium,831,7.0,16.2,164.3,['cashew'],['Dairy-Free'],"['Social', 'Spicy', 'Calm']",64.0,82.2,4.5,Source last lay generation reason keep certain face near direction result enjoy billion.
food_000383,Herbed Desserts,Latin American,Snacks,Odisha,Berry Season,Windy,premium,369,12.0,6.7,65.2,['celery'],['Diabetes-Friendly'],"['Comfort', 'Cozy', 'Relaxed']",89.8,58.3,4.9,Huge add election responsibility have stop fall walk play high organization pattern seem great.
food_000384,Golden Lunch,Middle Eastern,Appetizers,Karnataka,Festive,Holiday,low,200,39.1,34.8,0.0,[],['Low Carb'],"['Romantic', 'Social', 'Comfort']",77.5,75.8,4.0,Though push clearly above blue live one dinner day partner candidate seek mission.
food_000385,Paneer Bowl,Healthy Fusion,Dinner,North India,Monsoon,Foggy,high,436,28.9,23.0,28.3,"['onion', 'celery', 'shellfish']","['Low Sodium', 'Keto']","['Festive', 'Sunny', 'Romantic']",87.9,75.1,3.3,Red sea cover return gas exactly degree peace easy establish although history nature light lay summer along clearly interest.
food_000386,Creamy Salads,Caribbean,Pasta,Gujarat,Berry Season,Misty,premium,660,15.4,31.5,78.7,[],"['Low Carb', 'Dairy-Free', 'Low Sugar']","['Nostalgic', 'Peaceful', 'Comforting']",68.8,90.2,3.1,Modern off run role type student question structure financial.
food_000387,Herbed Breakfast,Moroccan,Healthy Bowls,Goa,Monsoon,Warm,medium,406,28.2,25.2,16.6,"['fish', 'yeast']",['Kosher'],"['Nostalgic', 'Social', 'Peaceful']",75.1,64.2,3.2,Choose treatment technology skin increase thus subject together special study.
food_000388,Smoked Salads,Moroccan,Fermented,Telangana,Navratri,Warm,medium,130,32.5,17.7,0.0,[],"['Low Sodium', 'Dairy-Free']","['Cheerful', 'Sweet', 'Sunny']",67.3,97.6,4.2,Record upon president drive reveal star owner job whatever sister beat attorney responsibility current someone could in hope walk.
food_000389,Spiced Street Food,Brazilian,Smoothies,Punjab,Cold Weather,Heatwave,low,740,2.6,16.7,144.8,"['sesame', 'sulphites']","['Kosher', 'Vegan']","['Spicy', 'Cheerful', 'Happy']",67.0,90.7,3.8,End candidate for laugh consumer spring food do time animal best pay event this occur necessary.
food_000390,Herbed Street Food,South Indian,Soups,Punjab,Winter,Snowy,high,784,29.5,8.3,147.8,"['yeast', 'gluten']","['Vegan', 'Paleo', 'Kosher']","['Energized', 'Romantic', 'Savory']",83.4,58.8,3.2,Once administration somebody rest matter now suggest next create more player magazine right read kind you international body.
food_000391,Grilled Fermented,Turkish,Sandwiches,Gujarat,Monsoon,Warm,premium,678,35.7,33.8,57.8,[],"['High Protein', 'Dairy-Free', 'Diabetes-Friendly']","['Happy', 'Festive', 'Cheerful']",68.7,72.8,3.5,Girl improve wall evening make her owner dream believe.
food_000392,Masala Wrap,Moroccan,Rice Dishes,North India,Harvest,Cloudy,low,93,27.5,16.7,0.0,"['shellfish', 'wheat']","['Nut-Free', 'Kosher', 'Paleo']","['Motivated', 'Adventurous', 'Peaceful']",70.8,71.6,4.8,Produce of as take member stuff they notice without ok organization near.
food_000393,Roasted Sushi,American Comfort,Dinner,Uttar Pradesh,Thanksgiving,Humid,premium,743,5.9,16.4,142.9,[],"['Low Sodium', 'Paleo']","['Comfort', 'Happy', 'Peaceful']",50.8,59.6,3.7,Factor alone see war chance politics around past range for.
food_000394,Citrus Snacks,Greek,Street Food,Punjab,Back to School,Foggy,low,130,26.6,25.8,0.0,"['soy', 'sesame oil', 'sesame']","['Diabetes-Friendly', 'Low Carb', 'Low Sugar']","['Romantic', 'Energized', 'Calm']",60.6,73.2,3.4,Prove reflect network her fire moment fly another.
food_000395,Creamy Snacks,African,Pasta,East India,Christmas,Misty,medium,305,29.9,30.8,0.0,['lupin'],"['Dairy-Free', 'Halal', 'Diabetes-Friendly']","['Nostalgic', 'Comfort', 'Romantic']",55.9,66.5,4.0,Energy seem probably high perform among sometimes message defense.
food_000396,Fresh Desserts,Moroccan,Dinner,Rajasthan,Festive,Warm,low,93,27.3,15.3,0.0,[],['Vegetarian'],"['Savory', 'Comforting', 'Happy']",96.6,55.9,4.0,Their place thousand institution yes phone factor continue happy health official sport east type yet.
food_000397,Herbed Snacks,Healthy Fusion,Grills,Assam,Festive,Snowy,high,391,32.5,12.1,38.0,"['almond', 'garlic']","['Halal', 'High Protein']","['Comfort', 'Comforting', 'Nostalgic']",63.6,76.1,4.8,Hot although reveal shake recently marriage north stock affect democratic professional indeed institution.
food_000398,Creamy Soups,Greek,Juices,South India,Winter,Snowy,premium,755,39.8,12.8,120.2,"['lupin', 'shellfish', 'egg']",['Kosher'],"['Romantic', 'Festive', 'Spicy']",75.6,56.3,5.0,Economic policy something many stuff near add toward wrong field drive site everybody they especially.
food_000399,Idli Bowl,French,Salads,Punjab,Warm Weather,Heatwave,high,523,32.2,20.0,53.5,[],['Diabetes-Friendly'],"['Adventurous', 'Motivated', 'Savory']",63.4,89.1,4.2,Doctor analysis others sing far president successful mother although maintain expert growth Democrat you win necessary my.
food_000400,Spiced Seafood,North Indian,Salads,Himachal Pradesh,Warm Weather,Windy,premium,393,2.2,12.7,67.5,['lupin'],"['Paleo', 'Vegan']","['Festive', 'Adventurous', 'Social']",47.6,90.9,4.2,Activity season perform church somebody responsibility rich onto although when a time table really police.
food_000401,Roasted Pasta,Japanese,Wraps,Delhi,Autumn,Foggy,medium,398,8.6,15.5,56.0,['almond'],['Low Carb'],"['Adventurous', 'Cozy', 'Spicy']",87.6,92.7,3.6,Assume none describe together include couple entire take race thousand parent place image.
food_000402,Citrus Grills,Mexican,Snacks,Kerala,Summer Vacation,Breezy,medium,781,29.1,16.7,128.6,"['nightshades', 'gluten', 'yeast']",['Pescatarian'],"['Relaxed', 'Adventurous', 'Nostalgic']",67.3,73.4,4.2,Doctor more want teach without month fly visit.
food_000403,Zesty Sandwiches,East Asian,Smoothies,Central India,Winter,Breezy,low,135,5.2,9.8,6.5,[],"['Diabetes-Friendly', 'Halal']","['Cheerful', 'Energized', 'Romantic']",50.7,97.4,4.4,Choice decide child almost book management present other knowledge system black head possible behind difficult popular physical agree.
food_000404,Fresh Pasta,East Asian,Appetizers,South India,Diwali,Sunny,premium,784,9.6,2.8,180.1,[],['Low Sugar'],"['Romantic', 'Happy', 'Comfort']",91.6,61.6,3.8,Recognize attorney wall front article free language sound teacher along term I law vote law time because challenge.
food_000405,Herbed Wraps,Italian,Dessertbites,Northeast India,Back to School,Festive,premium,229,26.2,6.9,15.5,['onion'],"['Low Sugar', 'High Protein', 'Heart-Healthy']","['Nostalgic', 'Savory', 'Romantic']",79.8,90.2,3.7,Development interesting traditional sense see minute difference they on they institution majority pattern.
food_000406,Masala Salad,East Asian,Breakfast,Himachal Pradesh,Back to School,Windy,medium,114,26.5,31.3,0.0,"['tree nuts', 'nightshades']","['Heart-Healthy', 'Paleo', 'Vegetarian']","['Focused', 'Comforting', 'Peaceful']",47.3,81.7,3.7,Record establish concern marriage thousand who next time feeling collection party pay.
food_000407,Roasted Plant-based,German,Sushi,Andhra Pradesh,Back to School,Snowy,premium,754,13.5,14.1,143.3,"['garlic', 'sesame oil', 'almond']",['Low Carb'],"['Adventurous', 'Cheerful', 'Comforting']",79.2,94.4,3.1,Run article morning under positive add matter happy will.
food_000408,Grilled Juices,Vietnamese,Street Food,Maharashtra,New Year,Windy,medium,473,30.7,15.0,53.8,[],['Gluten-Free'],"['Motivated', 'Comforting', 'Comfort']",77.4,57.8,3.6,Matter interest among amount usually coach stage realize to however.
food_000409,Smoked Juices,Vietnamese,Sandwiches,Central India,Diwali,Stormy,premium,245,18.5,18.7,0.7,[],"['Keto', 'Diabetes-Friendly', 'Vegetarian']","['Adventurous', 'Comfort', 'Comforting']",49.6,89.0,4.1,Late arm some interview style husband live PM political south would quickly Mrs page level here research our while.
food_000410,Zesty Healthy Bowls,American Comfort,Dessertbites,Tamil Nadu,Warm Weather,Monsoon,low,445,25.5,19.8,41.2,"['cashew', 'celery', 'egg']","['Gluten-Free', 'Diabetes-Friendly', 'Kosher']","['Peaceful', 'Nostalgic', 'Romantic']",48.6,60.9,4.0,Professor drop news modern resource girl her lawyer thousand vote once account evening else family pass question assume.
food_000411,Roasted Dinner,Japanese,Tea & Coffee,Goa,Summer,Humid,high,627,23.9,29.9,65.6,"['sesame oil', 'milk', 'yeast']","['Keto', 'Dairy-Free', 'High Protein']","['Festive', 'Comfort', 'Energized']",71.5,95.1,3.8,Baby well situation information soldier purpose write hear.
food_000412,Fresh Dinner,Filipino,Fermented,Central India,Spring,Stormy,high,657,36.4,24.8,72.0,[],"['Gluten-Free', 'Heart-Healthy']","['Spicy', 'Happy', 'Adventurous']",46.9,87.9,4.4,Tell or them whether two process know teacher Republican now choose start team official lawyer religious beautiful western.
food_000413,Idli Platter,Australian,Soups,Karnataka,Spring,Sunny,high,778,28.0,1.1,164.0,"['hazelnut', 'tree nuts', 'corn']","['Pescatarian', 'Low Carb', 'Gluten-Free']","['Romantic', 'Motivated', 'Savory']",65.5,75.7,3.7,Around window candidate occur game here respond perform record.
food_000414,Spiced Juices,German,Fermented,Sikkim,Warm Weather,Rainy,premium,335,32.9,3.1,43.9,[],"['Halal', 'Dairy-Free']","['Calm', 'Nostalgic', 'Adventurous']",54.6,60.4,4.0,Record room senior little other outside deal management.
food_000415,Citrus Fermented,Brazilian,Healthy Bowls,Maharashtra,Back to School,Cool,low,644,13.1,23.1,95.9,[],['Halal'],"['Cozy', 'Happy', 'Festive']",59.2,77.7,3.4,Cold test school concern thus heavy Congress result size reflect small or price forward difference professor short best of.
food_000416,Fresh Rice Dishes,German,Dessertbites,Kerala,Spring,Stormy,premium,544,38.2,1.2,95.1,"['mustard', 'egg', 'milk']","['Kosher', 'High Protein']","['Comfort', 'Sunny', 'Sweet']",59.3,91.0,3.1,Plant serious Mrs stay across huge exist admit.
food_000417,Citrus Dessertbites,Spanish,Fermented,Goa,Winter,Festive,premium,348,32.8,20.9,7.2,"['corn', 'milk', 'peanuts']","['Kosher', 'Halal', 'Nut-Free']","['Nostalgic', 'Spicy', 'Motivated']",63.1,87.6,4.1,Step method personal power analysis feel sound reduce arm college case.
food_000418,Smoked Fermented,Filipino,Breakfast,Uttar Pradesh,Valentine,Cloudy,medium,635,13.2,20.2,100.1,"['almond', 'sesame']","['Vegetarian', 'Vegan', 'Paleo']","['Sweet', 'Cheerful', 'Festive']",59.5,56.7,3.9,Add forward score first trial people power set together phone heart pattern store society myself.
food_000419,Roasted Pasta,American Comfort,Wraps,Punjab,Warm Weather,Cloudy,medium,644,13.9,2.7,141.0,"['sesame', 'garlic']",['High Protein'],"['Focused', 'Adventurous', 'Energized']",85.6,62.7,3.2,Matter pattern beyond something anyone professor protect future happen education customer board make.
food_000420,Biryani Salad,British,Soups,Punjab,Valentine,Foggy,premium,633,29.3,21.2,81.2,"['peanuts', 'onion', 'egg']",['Low Sugar'],"['Cheerful', 'Sweet', 'Comforting']",49.1,70.0,3.1,Skill college fight natural beat policy think break listen mean.
food_000421,Golden Breakfast,African,Rice Dishes,Goa,Ramadan,Cool,medium,244,16.0,10.5,21.4,[],"['Low Sugar', 'Kosher', 'Low Sodium']","['Peaceful', 'Savory', 'Comforting']",76.3,61.5,3.8,Like peace news fear everyone foreign education office order natural pretty pay move truth yourself including century politics.
food_000422,Zesty Juices,Filipino,Soups,Jammu & Kashmir,Summer Vacation,Holiday,high,508,22.5,4.7,93.9,"['almond', 'onion', 'nightshades']","['Low Carb', 'Keto']","['Sweet', 'Nostalgic', 'Calm']",87.3,92.8,3.5,Without relationship unit standard toward director three anything.
food_000423,Zesty Grills,German,Wraps,Goa,Summer,Cold,high,158,36.8,23.0,0.0,"['fish', 'wheat', 'tree nuts']","['High Protein', 'Kosher', 'Low Sugar']","['Sweet', 'Adventurous', 'Festive']",68.8,81.0,3.7,Range visit prove long sense hope music camera country join matter structure only certain painting.
food_000424,Herbed Wraps,American Comfort,Beverages,Odisha,Winter,Humid,premium,349,31.1,25.0,0.0,[],"['Vegetarian', 'Halal']","['Focused', 'Relaxed', 'Adventurous']",50.4,75.2,4.8,Civil keep remain other phone wife soon small hospital authority great place decision almost.
food_000425,Golden Snacks,African,Dessertbites,Andhra Pradesh,Warm Weather,Festive,low,819,3.7,26.0,142.6,"['cashew', 'nightshades', 'corn']","['Diabetes-Friendly', 'Halal']","['Adventurous', 'Focused', 'Peaceful']",68.8,70.3,3.3,Fund artist decision continue direction move themselves candidate history state watch standard tell sort well system night test.
food_000426,Herbed Soups,Middle Eastern,Grills,North India,Warm Weather,Foggy,high,384,20.7,2.2,70.3,"['mustard', 'sulphites', 'celery']","['Low Sodium', 'Gluten-Free']","['Energized', 'Social', 'Cozy']",72.8,77.3,4.2,Leg cause issue network give thank visit already wrong leg their than.
food_000427,Masala Wrap,Korean,Soups,Rajasthan,Diwali,Foggy,premium,762,12.6,3.8,169.3,['gluten'],"['Vegan', 'Heart-Healthy', 'Low Carb']","['Spicy', 'Social', 'Comfort']",72.0,78.7,4.7,Available coach officer word many though contain huge much nice conference.
food_000428,Fresh Wraps,Brazilian,Sandwiches,Himachal Pradesh,Autumn,Windy,medium,585,12.0,30.3,66.1,[],"['Gluten-Free', 'Halal']","['Calm', 'Relaxed', 'Cheerful']",83.8,97.7,4.0,Including agree on today consumer information edge customer I read.
food_000429,Citrus Salads,Caribbean,Lunch,Telangana,Autumn,Heatwave,medium,651,27.1,30.8,66.3,[],['Paleo'],"['Sweet', 'Sunny', 'Calm']",78.6,56.5,3.5,Several first four share far behavior executive home recently fine through sport action one.
food_000430,Creamy Dinner,African,Dinner,Assam,Harvest,Sunny,high,582,23.2,7.7,105.0,"['sesame oil', 'celery']","['High Protein', 'Nut-Free', 'Low Sodium']","['Happy', 'Peaceful', 'Focused']",67.2,62.7,4.7,Senior avoid sound western yourself director size look better million stop.
food_000431,Roasted Wraps,Vietnamese,Appetizers,Gujarat,New Year,Windy,premium,537,14.4,23.4,67.2,"['almond', 'peanuts']","['Kosher', 'Halal']","['Adventurous', 'Happy', 'Sweet']",69.6,60.0,4.4,Establish site lead be thus recently interesting task box throughout hospital make pattern Mrs reflect high.
food_000432,Creamy Plant-based,Nordic,Street Food,Uttar Pradesh,Navratri,Thunderstorm,medium,532,18.2,9.5,93.4,['sulphites'],"['Vegan', 'Paleo', 'High Protein']","['Cozy', 'Calm', 'Focused']",70.7,57.3,4.6,Cause can alone great that design individual safe past seek light matter boy.
food_000433,Zesty Dinner,Australian,Smoothies,Bengal,Navratri,Cold,medium,750,3.9,7.8,166.1,"['hazelnut', 'fish', 'mustard']",['Halal'],"['Cheerful', 'Cozy', 'Social']",97.2,78.0,4.9,Civil happy sister gas per statement drop design entire across.
food_000434,Biryani Wrap,North Indian,Beverages,Himachal Pradesh,Diwali,Sunny,low,114,12.4,4.8,5.3,['sesame'],['Gluten-Free'],"['Relaxed', 'Peaceful', 'Cozy']",79.7,88.7,3.0,You once step type phone thing he total arrive worker threat seven trial argue half take.
food_000435,Zesty Juices,Brazilian,Pasta,Himachal Pradesh,Navratri,Thunderstorm,premium,103,13.5,16.3,0.0,"['celery', 'mustard', 'corn']",['High Protein'],"['Cozy', 'Spicy', 'Festive']",96.4,59.3,3.6,Rather stuff world task reach attention part back everyone civil although heart.
food_000436,Smoked Sushi,Nordic,Curry,East India,Autumn,Breezy,medium,105,17.1,8.5,0.0,"['sulphites', 'tree nuts']","['Gluten-Free', 'Vegan', 'Low Carb']","['Focused', 'Social', 'Happy']",74.8,70.9,3.2,City part dog news defense somebody different least treatment it heart appear.
food_000437,Roasted Juices,North Indian,Fermented,West Bengal,Valentine,Thunderstorm,premium,425,33.7,1.8,68.5,[],"['Low Sugar', 'Kosher']","['Spicy', 'Happy', 'Savory']",76.7,84.6,3.6,Economy address lose community together what under gas fast.
food_000438,Creamy Desserts,German,Dinner,Gujarat,Thanksgiving,Cloudy,premium,93,8.2,26.3,0.0,[],['Pescatarian'],"['Happy', 'Focused', 'Peaceful']",68.2,62.1,3.3,Drug dinner ball throughout only song ask rest high different election employee free while without sister budget so hour.
food_000439,Golden Healthy Bowls,Filipino,Bread,Uttar Pradesh,Summer Vacation,Warm,medium,657,26.7,5.4,125.4,"['onion', 'sesame oil']","['Diabetes-Friendly', 'High Protein']","['Social', 'Cheerful', 'Adventurous']",55.8,77.5,4.0,Space whose economy threat others become be evidence environmental that.
food_000440,Zesty Sandwiches,French,Tea & Coffee,Tamil Nadu,Harvest,Windy,high,418,5.6,22.1,49.2,['lupin'],"['Vegetarian', 'Heart-Healthy', 'Keto']","['Festive', 'Nostalgic', 'Cozy']",48.5,80.6,3.7,Grow party gas life skin beautiful turn hold model action all gas pay sometimes want.
food_000441,Idli Bowl,East Asian,Snacks,North India,Harvest,Foggy,low,209,32.3,20.8,0.0,"['sesame oil', 'almond']","['Low Sugar', 'Gluten-Free']","['Comfort', 'Calm', 'Social']",62.5,87.9,4.9,Thank audience political perhaps actually receive plant ask true miss mission high talk various instead once head defense.
food_000442,Citrus Appetizers,East Asian,Grills,Odisha,Thanksgiving,Monsoon,high,592,30.9,8.8,97.3,"['lupin', 'mustard', 'onion']","['Gluten-Free', 'Heart-Healthy']","['Savory', 'Social', 'Focused']",86.0,71.9,4.4,Should same ask opportunity computer add standard agree matter yes others health police democratic relationship series prove she newspaper.
food_000443,Spiced Healthy Bowls,Spanish,Wraps,South India,Eid,Humid,high,557,31.3,12.4,80.0,['celery'],"['Low Sodium', 'Heart-Healthy']","['Comfort', 'Social', 'Motivated']",77.7,73.2,4.1,Building citizen health citizen modern well wear daughter civil window threat realize.
food_000444,Creamy Lunch,Italian,Lunch,South India,Valentine,Monsoon,premium,792,28.8,10.0,146.7,[],"['Diabetes-Friendly', 'Dairy-Free', 'Nut-Free']","['Motivated', 'Happy', 'Focused']",75.3,57.5,4.5,Speak development while language high operation notice collection live difference town check.
food_000445,Herbed Wraps,East Asian,Tea & Coffee,North India,Festive,Snowy,low,202,4.1,22.5,0.0,"['shellfish', 'cashew']","['Vegetarian', 'Low Sodium', 'Pescatarian']","['Cheerful', 'Focused', 'Comforting']",50.2,57.7,4.9,Understand drug arrive part hair understand family easy past high record blood open little difficult several clear social.
food_000446,Grilled Sandwiches,Greek,Desserts,North India,Valentine,Cloudy,premium,125,12.5,7.4,2.1,[],"['Low Carb', 'Diabetes-Friendly']","['Comforting', 'Romantic', 'Cheerful']",54.2,76.7,4.1,Couple side statement purpose consider audience leave heart force.
food_000447,Grilled Plant-based,Middle Eastern,Street Food,Jammu & Kashmir,Citrus Season,Sunny,premium,90,10.3,13.4,0.0,['mustard'],"['Low Sugar', 'Halal', 'Kosher']","['Adventurous', 'Nostalgic', 'Energized']",83.4,58.5,4.4,Military available prepare father analysis behind analysis energy other every threat seek safe decade degree.
food_000448,Masala Platter,African,Salads,Rajasthan,Diwali,Foggy,high,443,24.0,12.5,58.6,['milk'],"['Kosher', 'Gluten-Free', 'Low Carb']","['Sweet', 'Social', 'Cozy']",68.8,82.6,4.3,Use population win where Mrs outside require his get spend bit key should tonight first benefit strong.
food_000449,Roasted Salads,Australian,Main Course,Bengal,Summer Vacation,Dry,high,558,11.9,32.3,54.9,"['tree nuts', 'nightshades', 'wheat']","['Halal', 'Dairy-Free']","['Sunny', 'Sweet', 'Energized']",78.4,77.2,4.4,Then mother sell success side current speech human especially national never candidate spend serious.
food_000450,Grilled Sandwiches,African,Snacks,Rajasthan,Eid,Cool,high,639,9.1,1.3,147.7,"['celery', 'garlic', 'fish']","['Halal', 'Dairy-Free']","['Cheerful', 'Happy', 'Sunny']",69.2,89.8,3.1,Cold gas decide can Republican doctor religious property use under protect upon face.
food_000451,Roasted Pasta,Turkish,Breakfast,Rajasthan,Summer Vacation,Humid,premium,794,37.8,7.3,144.3,['almond'],"['Vegan', 'Diabetes-Friendly']","['Nostalgic', 'Adventurous', 'Comforting']",84.8,96.8,3.8,Rather explain way attention defense space want she kind think prepare trouble far business participant care.
food_000452,Grilled Bread,Healthy Fusion,Salads,Telangana,Summer,Stormy,low,648,34.1,13.4,97.8,"['yeast', 'almond', 'celery']","['Low Sugar', 'Heart-Healthy', 'High Protein']","['Sunny', 'Motivated', 'Calm']",63.3,75.5,3.8,Western trade identify sell keep avoid trip dark born month conference worker.
food_000453,Herbed Healthy Bowls,Peruvian,Wraps,Northeast India,Christmas,Seasonal,low,580,27.5,34.0,41.0,['fish'],"['Halal', 'Low Sodium']","['Peaceful', 'Comfort', 'Sunny']",91.9,56.2,4.3,Smile administration focus decision wife act he young marriage hot late how.
food_000454,Roasted Smoothies,Indonesian,Beverages,Telangana,Monsoon,Cool,premium,771,33.2,1.7,155.7,['celery'],"['Keto', 'High Protein', 'Kosher']","['Relaxed', 'Comforting', 'Romantic']",67.4,96.2,4.6,Effect water against individual low build above hit report fact history meet value wife put street.
food_000455,Sambar Salad,Vietnamese,Rice Dishes,Central India,Christmas,Thunderstorm,premium,839,26.1,21.3,135.7,"['garlic', 'hazelnut']","['Halal', 'Vegan']","['Focused', 'Cozy', 'Spicy']",68.9,89.5,4.7,Television agent almost arrive customer purpose purpose guess stand generation feeling Mr institution begin star speech by me positive.
food_000456,Fresh Appetizers,Lebanese,Juices,Odisha,Thanksgiving,Rainy,medium,120,6.6,17.4,0.0,"['sesame', 'corn']","['Dairy-Free', 'Kosher']","['Comfort', 'Spicy', 'Festive']",92.1,70.8,3.6,Strategy assume two reality organization whose father expert produce avoid least bad mind set note live throw.
food_000457,Grilled Dinner,German,Lunch,Sikkim,Christmas,Stormy,low,627,5.6,25.6,93.5,"['lupin', 'nightshades']","['High Protein', 'Heart-Healthy', 'Pescatarian']","['Peaceful', 'Sweet', 'Motivated']",67.8,82.2,3.2,Particularly suddenly per against bank agent ability military great cup set yard hundred money remain operation.
food_000458,Creamy Smoothies,German,Dinner,Andhra Pradesh,Citrus Season,Cool,high,102,9.0,26.3,0.0,[],"['Keto', 'Kosher']","['Social', 'Sweet', 'Festive']",84.4,86.0,4.2,Fire include woman this situation study market whose issue sit thousand letter skill.
food_000459,Roasted Grills,American Comfort,Fermented,Telangana,Valentine,Humid,high,767,3.7,14.3,155.9,[],"['Low Sugar', 'Vegetarian']","['Cozy', 'Adventurous', 'Festive']",60.1,62.8,3.9,Remember war central every dog scientist somebody play go send pattern end four region sense together.
food_000460,Golden Wraps,Mediterranean,Pasta,Himachal Pradesh,Berry Season,Breezy,medium,730,24.6,19.2,114.7,"['sulphites', 'lupin']","['Paleo', 'High Protein']","['Happy', 'Social', 'Spicy']",74.6,75.5,4.3,Include senior responsibility scientist husband lead interesting me woman president.
food_000461,Roasted Appetizers,Thai,Dinner,Tamil Nadu,Summer Vacation,Cold,premium,848,14.0,23.8,144.4,['sesame oil'],"['Pescatarian', 'Low Sugar']","['Comfort', 'Nostalgic', 'Spicy']",78.1,56.3,5.0,Always oil single learn half laugh radio reach set behind series southern feeling view weight way.
food_000462,Biryani Platter,American Comfort,Snacks,Jammu & Kashmir,Diwali,Humid,premium,643,17.5,26.4,83.8,"['lupin', 'cashew']",['Nut-Free'],"['Peaceful', 'Spicy', 'Sweet']",76.8,73.0,3.5,Doctor American cultural husband study else event couple.
food_000463,Fresh Rice Dishes,Japanese,Appetizers,Karnataka,Cold Weather,Warm,premium,256,28.0,3.9,27.2,"['corn', 'shellfish', 'cashew']",['High Protein'],"['Adventurous', 'Peaceful', 'Relaxed']",67.2,79.9,4.9,Best action role start will ready art compare decade power.
food_000464,Zesty Grills,South Indian,Juices,Northeast India,Citrus Season,Misty,medium,277,34.3,6.1,21.2,['garlic'],"['Low Sugar', 'Low Sodium', 'Gluten-Free']","['Nostalgic', 'Relaxed', 'Comfort']",91.4,70.9,4.2,Ability owner central hope tough various relationship finish person.
food_000465,Smoked Sandwiches,Indonesian,Snacks,Northeast India,Navratri,Humid,premium,819,38.6,0.7,164.6,"['celery', 'egg', 'corn']","['Keto', 'Halal']","['Savory', 'Spicy', 'Comfort']",80.9,56.4,4.0,Dinner my if subject she piece writer might enter attack.
food_000466,Creamy Plant-based,Thai,Smoothies,East India,Summer Vacation,Breezy,premium,207,5.9,29.7,0.0,[],"['Low Sodium', 'Diabetes-Friendly', 'Low Sugar']","['Cheerful', 'Adventurous', 'Calm']",75.7,87.6,3.4,Produce word floor program common risk season third company beat foot these culture environmental assume against should down.
food_000467,Citrus Plant-based,Nordic,Main Course,Andhra Pradesh,Diwali,Breezy,high,541,28.6,20.1,61.4,['onion'],"['Vegetarian', 'Keto']","['Comforting', 'Sweet', 'Savory']",85.4,80.6,3.6,Court answer win between home million senior machine dog issue Republican stop respond democratic front simply during return him.
food_000468,Golden Appetizers,East Asian,Juices,East India,Monsoon,Snowy,premium,473,11.8,8.4,87.5,['wheat'],['Low Carb'],"['Comforting', 'Peaceful', 'Sweet']",75.9,91.6,4.0,Of including citizen military understand could whom sometimes bad fear you away responsibility individual this.
food_000469,Sambar Platter,Japanese,Seafood,South India,Festive,Heatwave,low,94,27.4,2.7,0.0,['sesame'],"['Keto', 'Nut-Free', 'Diabetes-Friendly']","['Comforting', 'Happy', 'Motivated']",55.9,64.7,4.7,Along similar low last recently value hold those almost establish treat choose describe already suggest.
food_000470,Zesty Dinner,North Indian,Smoothies,South India,Autumn,Warm,medium,357,23.0,18.9,23.7,[],"['High Protein', 'Keto']","['Festive', 'Focused', 'Calm']",91.2,86.9,4.4,Power three test quite message best fall treatment indicate religious hot.
food_000471,Roasted Lunch,German,Dessertbites,Bengal,Monsoon,Heatwave,low,292,10.6,20.7,15.8,[],"['Gluten-Free', 'Keto']","['Happy', 'Romantic', 'Motivated']",69.6,80.0,4.0,Just him far six in pass peace whatever scene past among follow either worry go product.
food_000472,Golden Plant-based,Mexican,Snacks,North India,Back to School,Dry,high,730,25.3,16.2,120.8,"['garlic', 'cashew']",['Nut-Free'],"['Peaceful', 'Happy', 'Savory']",85.0,55.0,4.9,Drive take several rock there mother report media visit according describe none factor.
food_000473,Fresh Breakfast,French,Rice Dishes,Odisha,Autumn,Humid,low,406,35.9,18.1,24.9,"['almond', 'mustard', 'peanuts']","['Nut-Free', 'Diabetes-Friendly']","['Spicy', 'Focused', 'Social']",54.5,76.3,4.5,Husband commercial rather health not national type decision.
food_000474,Citrus Beverages,French,Pasta,Tamil Nadu,Warm Weather,Snowy,high,276,31.1,27.6,0.0,['sulphites'],"['Diabetes-Friendly', 'Nut-Free', 'Dairy-Free']","['Cozy', 'Festive', 'Calm']",77.3,91.7,3.9,School financial sing majority threat another couple half development certain door public discover.
food_000475,Golden Smoothies,German,Street Food,Odisha,Diwali,Thunderstorm,high,507,2.2,32.9,50.5,['nightshades'],"['Vegetarian', 'Pescatarian']","['Social', 'Savory', 'Festive']",66.7,57.4,4.7,Book why power free picture easy low others technology successful away Republican born benefit argue animal call technology chance.
food_000476,Masala Wrap,Australian,Salads,Northeast India,Summer Vacation,Breezy,premium,244,14.4,17.0,8.4,[],"['Kosher', 'Halal', 'Heart-Healthy']","['Happy', 'Calm', 'Festive']",69.9,86.0,3.1,Real our up provide knowledge trial gun station seat keep detail sell continue piece.
food_000477,Grilled Desserts,East Asian,Juices,Bengal,Navratri,Thunderstorm,premium,683,13.4,7.4,140.7,"['yeast', 'onion']","['Vegetarian', 'Gluten-Free']","['Relaxed', 'Cheerful', 'Comforting']",58.0,58.8,4.5,Try according character question business movie glass during clearly easy soldier president.
food_000478,Grilled Snacks,British,Main Course,Uttar Pradesh,Berry Season,Sunny,high,737,17.6,14.2,134.7,[],"['Halal', 'Vegetarian', 'Dairy-Free']","['Cozy', 'Energized', 'Peaceful']",47.5,75.9,4.6,Half country leg yeah large follow each scientist western attention.
food_000479,Zesty Dinner,Spanish,Fermented,Gujarat,Cold Weather,Humid,premium,667,37.1,21.5,81.3,"['sesame', 'nightshades', 'tree nuts']","['Nut-Free', 'Vegan', 'Gluten-Free']","['Sweet', 'Cheerful', 'Motivated']",84.9,97.7,4.8,Single billion guy cause whom with hair whom coach put catch explain little seem.
food_000480,Golden Bread,Caribbean,Wraps,Kerala,Valentine,Stormy,medium,414,22.2,23.0,29.5,"['hazelnut', 'wheat']",['Low Sugar'],"['Adventurous', 'Social', 'Nostalgic']",88.5,63.6,3.2,Paper experience husband food sort manage million environment smile better.
food_000481,Roasted Beverages,Peruvian,Street Food,Maharashtra,Harvest,Dry,premium,514,39.7,8.5,69.7,[],['Heart-Healthy'],"['Romantic', 'Sunny', 'Comfort']",85.9,94.6,4.7,Recognize know serious past local purpose far street stage Congress page sense line time capital reason.
food_000482,Grilled Grills,Nordic,Smoothies,Jammu & Kashmir,Autumn,Cloudy,premium,672,29.5,4.7,127.9,"['sesame oil', 'lupin', 'sulphites']","['Low Sugar', 'Keto']","['Relaxed', 'Peaceful', 'Comforting']",51.4,87.5,3.5,Head summer she type someone whose unit allow establish system whole anyone performance against design player management loss.
food_000483,Chutney Bowl,Thai,Healthy Bowls,Himachal Pradesh,Summer,Thunderstorm,medium,746,26.5,13.9,128.7,"['cashew', 'sulphites']",['Paleo'],"['Calm', 'Focused', 'Comfort']",95.4,75.3,4.0,Investment life different he notice yeah girl difficult pull claim product cold career join.
food_000484,Creamy Dessertbites,German,Bread,Himachal Pradesh,Eid,Festive,high,241,17.9,6.5,27.7,['lupin'],['Low Sodium'],"['Comfort', 'Happy', 'Social']",53.0,77.3,3.8,Lose TV note conference stage beyond human member you data customer create degree tell law drop economic.
food_000485,Spiced Curry,African,Seafood,Punjab,Monsoon,Thunderstorm,premium,466,31.0,25.4,28.3,"['fish', 'egg']","['Gluten-Free', 'Vegan']","['Happy', 'Motivated', 'Cozy']",50.3,62.3,3.3,Quite Mr tree piece month road raise score eight goal material run system find team doctor each.
food_000486,Fresh Seafood,Moroccan,Curry,Goa,Berry Season,Windy,medium,846,33.6,20.2,132.4,['fish'],"['Gluten-Free', 'Halal', 'Vegan']","['Sunny', 'Nostalgic', 'Romantic']",72.3,60.4,3.5,Professional consumer so maintain college beyond could bad table.
food_000487,Creamy Healthy Bowls,Greek,Sushi,Uttar Pradesh,Monsoon,Warm,medium,757,7.5,25.9,123.5,"['cashew', 'milk', 'shellfish']",['Vegetarian'],"['Adventurous', 'Energized', 'Calm']",84.6,91.6,3.8,Answer their industry service protect learn TV management eight.
food_000488,Golden Main Course,Turkish,Smoothies,Odisha,Harvest,Breezy,low,638,18.7,26.2,81.9,"['sulphites', 'soy']","['Nut-Free', 'Kosher']","['Happy', 'Spicy', 'Motivated']",72.3,83.2,4.3,House page truth plan put wish training condition it same open production information including blue everything.
food_000489,Herbed Snacks,Spanish,Desserts,Gujarat,New Year,Breezy,medium,643,29.1,4.9,120.6,[],"['Low Sodium', 'Low Sugar', 'Pescatarian']","['Peaceful', 'Social', 'Adventurous']",69.0,69.9,4.6,Speech million position more leave learn year billion south perhaps.
food_000490,Chutney Wrap,Greek,Grills,Punjab,Cold Weather,Cold,premium,463,8.0,24.0,53.8,['hazelnut'],['Pescatarian'],"['Social', 'Festive', 'Energized']",90.5,82.3,3.6,What those site whose bar stop affect international key heart pull technology your team letter around still under.
food_000491,Golden Pasta,Italian,Tea & Coffee,Sikkim,Diwali,Dry,medium,148,4.3,14.7,0.0,['celery'],['Pescatarian'],"['Sunny', 'Sweet', 'Social']",88.6,61.2,4.7,Several ever officer program your military until campaign chair evening particular.
food_000492,Citrus Breakfast,East Asian,Salads,Odisha,Monsoon,Foggy,low,732,6.5,11.2,151.3,"['fish', 'almond', 'nightshades']","['Keto', 'Low Carb']","['Savory', 'Motivated', 'Adventurous']",78.3,59.4,4.8,Network seem her suggest watch less PM style.
food_000493,Roasted Soups,Korean,Wraps,Jammu & Kashmir,Festive,Monsoon,high,615,5.9,34.9,69.3,"['fish', 'almond']","['Pescatarian', 'Low Sugar']","['Energized', 'Romantic', 'Festive']",76.7,80.9,4.8,Weight light game white itself central it market clear way part into clear decision marriage.
food_000494,Fresh Soups,Latin American,Tea & Coffee,West Bengal,New Year,Holiday,low,685,18.5,9.7,130.9,"['yeast', 'sesame oil', 'wheat']","['Kosher', 'Vegetarian']","['Savory', 'Romantic', 'Sweet']",88.8,97.9,3.2,Fund eat already together anything against resource analysis fact vote during.
food_000495,Fresh Sushi,British,Juices,Punjab,Eid,Breezy,premium,615,3.4,14.3,118.2,"['almond', 'gluten', 'shellfish']","['Low Sodium', 'Vegetarian', 'Nut-Free']","['Cheerful', 'Romantic', 'Nostalgic']",84.5,89.6,4.6,Pay degree three western mission human police size finally ok hope building east set agreement surface whole Mrs.
food_000496,Roasted Fermented,Italian,Sandwiches,Punjab,Navratri,Breezy,high,244,10.0,27.1,0.0,"['lupin', 'soy', 'garlic']",['Nut-Free'],"['Comforting', 'Spicy', 'Calm']",62.1,78.5,4.7,Fire debate than structure seat many nature stock carry suffer company seven growth resource out.
food_000497,Biryani Platter,Nordic,Smoothies,Tamil Nadu,Valentine,Monsoon,low,450,30.7,33.6,6.2,"['onion', 'hazelnut']","['Dairy-Free', 'Kosher', 'Low Carb']","['Spicy', 'Focused', 'Sunny']",50.9,68.9,3.4,State approach nature nice boy score because country forward affect subject cost Congress address you never five politics ago.
food_000498,Herbed Juices,Spanish,Healthy Bowls,Delhi,Monsoon,Misty,medium,380,25.3,34.0,0.0,[],['Paleo'],"['Festive', 'Comfort', 'Happy']",56.9,68.9,4.7,Serious allow color full air from themselves half staff rest common Congress computer describe popular.
food_000499,Creamy Curry,Healthy Fusion,Breakfast,Northeast India,Ramadan,Breezy,high,644,39.9,7.1,105.1,"['cashew', 'wheat', 'celery']","['Low Carb', 'Halal', 'Kosher']","['Comforting', 'Festive', 'Cozy']",72.5,63.0,3.7,Behind week very great will month old choice anyone.
food_000500,Herbed Plant-based,British,Soups,Sikkim,Warm Weather,Snowy,premium,599,28.9,19.0,78.1,['lupin'],"['High Protein', 'Diabetes-Friendly', 'Paleo']","['Sweet', 'Energized', 'Motivated']",88.8,59.5,4.0,Minute create least kitchen series not citizen save stock stock case.
