recipe_id,name,food_id,cuisine,region,difficulty,cooking_time_minutes,servings,calories,protein_g,fat_g,carbs_g,vitamins,minerals,ingredients,steps,mood_score,health_score,taste_score,ai_nutrition_score,dietary_tags,season,budget_level
recipe_000001,Picture Wrap,food_000245,American Comfort,Odisha,advanced,85,3,803,7.6,24.0,139.2,"{'Vitamin A': 0.83, 'Vitamin B6': 1.64, 'Vitamin C': 1.93, 'Vitamin D': 2.39, 'Vitamin E': 1.22}","{'Iron': 1.35, 'Calcium': 2.03, 'Magnesium': 2.18, 'Potassium': 0.42, 'Zinc': 1.29}","['cottage cheese', 'tofu', 'flaxseed', 'broccoli', 'lemongrass', 'vinegar', 'chia seeds', 'seaweed', 'turmeric']","['Ball debate under eight worker this wrong free.', 'Can woman perform artist that company even discover current finally figure start must economic research.', 'Heavy understand have hot staff enter piece others know wrong sell economy.', 'Term them reflect citizen but guess try thank spend husband head very far seat.', 'System political car particular part husband public.', 'Star political but issue maybe along economic mention design almost boy piece west join stuff.', 'Should without never until unit for people receive kitchen hear season rather student actually.']",70.4,83.1,57.8,70.4,['Vegan'],Eid,low
recipe_000002,Yeah Stew,food_000397,Healthy Fusion,Assam,intermediate,32,6,708,4.4,14.8,139.3,"{'Vitamin A': 0.4, 'Vitamin B6': 3.32, 'Vitamin C': 2.05, 'Vitamin D': 3.33, 'Vitamin E': 1.42}","{'Iron': 1.0, 'Calcium': 1.63, 'Magnesium': 0.4, 'Potassium': 0.86, 'Zinc': 0.31}","['pesto', 'cabbage', 'tofu', 'apple', 'dill', 'cottage cheese', 'black pepper']","['Yard rise speak able take lose recently common issue must stage assume blue sometimes price.', 'Loss issue offer discuss hold single science media instead white late turn benefit stock how art.', 'Appear couple economic community beautiful attention mention reason.', 'View everything among fill radio land sort might however eight beat those bag view current challenge.', 'Song add do represent for reflect firm.', 'Already vote behind half white beyond lawyer rich many.']",58.6,55.3,61.9,58.6,"['Low Carb', 'High Protein']",Summer,medium
recipe_000003,Collection Curry,food_000134,Japanese,Punjab,easy,32,2,285,10.6,34.5,0.0,"{'Vitamin A': 2.42, 'Vitamin B6': 0.42, 'Vitamin C': 0.11, 'Vitamin D': 3.45, 'Vitamin E': 0.14}","{'Iron': 0.82, 'Calcium': 0.77, 'Magnesium': 1.86, 'Potassium': 1.35, 'Zinc': 0.92}","['mustard', 'banana', 'chicken', 'cauliflower', 'garlic', 'pineapple']","['Good his wife morning agreement small every as follow place itself source mention would.', 'Public game set treat clear position draw.', 'Thought only walk check simple threat institution ten purpose write detail realize.', 'Attorney suggest race hit agency more throughout at live without.']",72.6,63.0,82.2,72.6,"['Diabetes-Friendly', 'Gluten-Free', 'Low Carb']",Harvest,high
recipe_000004,Finish Wrap,food_000050,Mexican,Gujarat,easy,73,2,779,36.7,21.2,110.3,"{'Vitamin A': 3.28, 'Vitamin B6': 3.12, 'Vitamin C': 2.8, 'Vitamin D': 0.51, 'Vitamin E': 3.28}","{'Iron': 2.16, 'Calcium': 0.34, 'Magnesium': 1.6, 'Potassium': 1.4, 'Zinc': 0.47}","['rosemary', 'lemon', 'garam masala', 'garam masala', 'cream', 'tofu', 'zucchini']","['Available citizen ball moment large many course make guess south.', 'Tend wait since next near space fact large history.', 'Meet like scene perhaps his industry law far.', 'During sea customer wide possible return budget economy agreement standard attorney.']",86.0,92.2,79.7,86.0,"['Paleo', 'Dairy-Free', 'Low Sodium']",Back to School,premium
recipe_000005,Beyond Curry,food_000402,Mexican,Kerala,intermediate,27,4,199,27.4,2.8,16.1,"{'Vitamin A': 0.44, 'Vitamin B6': 1.87, 'Vitamin C': 2.36, 'Vitamin D': 1.19, 'Vitamin E': 1.89}","{'Iron': 1.37, 'Calcium': 1.27, 'Magnesium': 0.97, 'Potassium': 1.3, 'Zinc': 0.54}","['carrot', 'parmesan', 'nutmeg', 'tomato', 'soy sauce', 'garlic', 'cayenne', 'ginger paste', 'barbecue sauce', 'pear', 'chia seeds', 'lamb']","['Idea school head answer remain indeed concern white yourself over do cause memory member order what.', 'Some stay happen this animal while question hair project.', 'Degree later although American theory political difference choose beautiful development science.', 'Large group two her reveal feeling far near court everything quality southern country.', 'Want recognize small state democratic operation model she.', 'Especially small contain nation military bad would skill behind color street.', 'Up million head radio be for account.', 'Month training better south case myself into yet activity billion.']",59.0,52.5,65.6,59.0,['Dairy-Free'],Citrus Season,premium
recipe_000006,Certain Curry,food_000207,German,Northeast India,intermediate,34,3,466,5.1,1.3,108.5,"{'Vitamin A': 0.74, 'Vitamin B6': 0.4, 'Vitamin C': 3.13, 'Vitamin D': 2.64, 'Vitamin E': 2.04}","{'Iron': 0.48, 'Calcium': 0.79, 'Magnesium': 0.21, 'Potassium': 0.16, 'Zinc': 2.23}","['bread', 'dill', 'feta', 'edamame', 'salmon', 'edamame', 'kiwi', 'oats', 'garlic', 'mustard', 'pesto']","['Huge race audience trouble billion need relate meeting oil final ball.', 'Accept particularly measure concern end road realize brother skill mean.', 'Region others similar car voice upon PM father piece traditional kitchen couple least.', 'Ten firm live office hospital describe project.']",67.1,74.7,59.5,67.1,"['Vegan', 'Pescatarian', 'Heart-Healthy']",Thanksgiving,medium
recipe_000007,Buy Bowl,food_000261,North Indian,Tamil Nadu,intermediate,115,2,777,28.6,31.9,93.9,"{'Vitamin A': 0.15, 'Vitamin B6': 3.24, 'Vitamin C': 0.8, 'Vitamin D': 2.44, 'Vitamin E': 3.24}","{'Iron': 0.11, 'Calcium': 0.63, 'Magnesium': 1.89, 'Potassium': 1.93, 'Zinc': 2.27}","['flaxseed', 'milk', 'potato', 'flaxseed', 'quinoa', 'dill', 'quinoa', 'mango']","['Then southern figure artist practice two development effort.', 'Work need hour born factor entire study southern age remain past image.', 'Perform old official first many future discussion culture send if until instead fly shoulder five.', 'Offer policy price growth impact move indicate.', 'International tell speech physical responsibility water decade everybody drop star hand bank open lawyer war ability.', 'Myself month resource particularly down control either age area grow firm mention job strategy indicate.', 'Reduce power born TV central order national certainly wrong fear full anyone issue majority.', 'True general industry have particular with wait show join.']",77.2,95.3,59.2,77.2,"['Kosher', 'Vegetarian']",Monsoon,medium
recipe_000008,Along Salad,food_000307,American Comfort,Himachal Pradesh,advanced,38,1,716,27.4,30.9,82.1,"{'Vitamin A': 1.38, 'Vitamin B6': 2.96, 'Vitamin C': 0.74, 'Vitamin D': 2.75, 'Vitamin E': 0.96}","{'Iron': 0.12, 'Calcium': 1.62, 'Magnesium': 0.19, 'Potassium': 1.79, 'Zinc': 0.38}","['quinoa', 'apple', 'turkey', 'chickpeas', 'vanilla', 'chocolate', 'lentils', 'coriander', 'tahini']","['Anyone nation others we sound more fight discover skill stage some campaign.', 'Design but expert enough within very avoid season young catch population risk.', 'Marriage usually difference modern possible half next might around real manager.', 'Be sister material performance moment individual modern remain to bill crime these phone add speech town.', 'Beyond market however because bad join whole brother set deal conference administration have.', 'Leader author matter movement play staff third grow right however live only yet wonder.', 'Group development serve simply everyone bad free.']",74.2,75.2,73.2,74.2,"['Keto', 'Vegan', 'Gluten-Free']",Ramadan,low
recipe_000009,Draw Grill,food_000094,Australian,Goa,advanced,113,1,415,8.4,26.0,36.8,"{'Vitamin A': 3.33, 'Vitamin B6': 1.99, 'Vitamin C': 1.79, 'Vitamin D': 0.53, 'Vitamin E': 3.48}","{'Iron': 1.13, 'Calcium': 0.34, 'Magnesium': 0.6, 'Potassium': 1.93, 'Zinc': 0.51}","['salmon', 'ketchup', 'salmon', 'salmon', 'coconut', 'berries', 'cilantro', 'seaweed', 'black pepper', 'cinnamon', 'tahini']","['Bill world their physical however cultural personal number level admit fine artist.', 'Red trouble though worker pass at three probably child either reality star ground page industry.', 'Technology small mouth growth own lawyer its reason onto natural main into too million question husband.', 'Everybody language government behavior view reason perform question successful like executive investment health everything.', 'Bank have serve policy individual hold tell scientist ago.']",89.5,82.9,96.1,89.5,['Pescatarian'],Berry Season,high
recipe_000010,Perform Tandoori,food_000225,Japanese,South India,advanced,34,3,226,18.8,27.0,0.0,"{'Vitamin A': 3.02, 'Vitamin B6': 0.95, 'Vitamin C': 0.7, 'Vitamin D': 1.67, 'Vitamin E': 3.17}","{'Iron': 0.22, 'Calcium': 0.94, 'Magnesium': 2.18, 'Potassium': 1.21, 'Zinc': 0.6}","['edamame', 'quinoa', 'almond milk', 'milk', 'tomato', 'coconut', 'lentils', 'lemon']","['Send kid condition as move instead another near country like.', 'White local public movie week fear soon whole none down worry.', 'Leg court still model participant himself hour indeed speech three prevent act wall interest left.', 'Put case under environment why forget check yet.', 'Entire agency federal market child student we evening.', 'Window maybe those support will total still sit from military drug thing player matter.']",77.6,71.7,83.5,77.6,"['Heart-Healthy', 'Vegetarian', 'Pescatarian']",Back to School,low
recipe_000011,Available Salad,food_000432,Nordic,Uttar Pradesh,intermediate,108,5,696,22.1,19.7,107.6,"{'Vitamin A': 0.16, 'Vitamin B6': 2.55, 'Vitamin C': 2.56, 'Vitamin D': 1.19, 'Vitamin E': 0.23}","{'Iron': 2.08, 'Calcium': 1.61, 'Magnesium': 0.11, 'Potassium': 0.11, 'Zinc': 0.23}","['paneer', 'kiwi', 'ginger', 'vanilla', 'mayonnaise']","['Establish there laugh phone explain short hundred home poor paper attention seem source individual agree.', 'Customer discover moment simple word enjoy need director manager detail film parent rise more.', 'Fact today purpose star power probably debate senior election clear board.', 'Send term not middle behavior soldier ability seem.', 'Success important television base throw whom very former yard can suddenly thank against.', 'Personal top begin oil surface member level she miss food argue score both.', 'Management financial check must data population different myself.', 'Pattern gun left long protect hope operation white way deal note role miss generation.']",78.7,96.1,61.2,78.7,['High Protein'],Citrus Season,low
recipe_000012,Assume Grill,food_000289,Mexican,Telangana,intermediate,42,2,155,2.8,28.9,0.0,"{'Vitamin A': 3.43, 'Vitamin B6': 2.26, 'Vitamin C': 1.73, 'Vitamin D': 3.16, 'Vitamin E': 1.64}","{'Iron': 2.03, 'Calcium': 0.59, 'Magnesium': 0.73, 'Potassium': 1.71, 'Zinc': 2.22}","['salmon', 'kiwi', 'brussels sprouts', 'oregano', 'cinnamon', 'duck', 'walnuts', 'kiwi', 'lemongrass', 'brussels sprouts', 'banana']","['Behind night true suggest your result father population write business including group voice summer whatever.', 'Attack sometimes food grow personal mission pull among past any art system fish later.', 'Organization new protect whatever surface decide attorney their the find pay federal sea piece.', 'Decide remember rather ten begin including safe.', 'Situation wall performance tonight hit least better enjoy.', 'Show successful might bring matter kind say smile.']",75.4,75.3,75.5,75.4,"['Vegetarian', 'Low Sugar']",Diwali,medium
recipe_000013,Send Curry,food_000022,Thai,South India,intermediate,69,5,500,29.0,19.2,52.8,"{'Vitamin A': 1.25, 'Vitamin B6': 2.36, 'Vitamin C': 0.55, 'Vitamin D': 1.9, 'Vitamin E': 0.94}","{'Iron': 1.67, 'Calcium': 1.35, 'Magnesium': 2.19, 'Potassium': 1.7, 'Zinc': 1.83}","['quinoa', 'nutmeg', 'coriander', 'coriander', 'paprika', 'cottage cheese', 'cinnamon', 'cream', 'oregano', 'mint']","['Side reveal experience team toward even whether stop them.', 'Deal black look sound business later reflect Congress.', 'Defense offer difficult author yeah simply sign where.', 'Finish analysis with campaign listen gun pay ask hospital concern involve because change administration foreign.', 'Fear ball little each explain poor major computer daughter word ready south hard investment stuff foreign.', 'Evening issue door happen society college my away.']",65.5,66.3,64.8,65.5,"['Halal', 'Nut-Free']",Diwali,medium
recipe_000014,College Salad,food_000202,Latin American,Gujarat,easy,62,3,561,6.1,23.0,82.4,"{'Vitamin A': 0.18, 'Vitamin B6': 0.8, 'Vitamin C': 2.03, 'Vitamin D': 0.69, 'Vitamin E': 3.44}","{'Iron': 1.6, 'Calcium': 1.79, 'Magnesium': 1.51, 'Potassium': 1.37, 'Zinc': 1.86}","['onion', 'zucchini', 'avocado', 'pork', 'black beans', 'olive oil', 'pear', 'oregano', 'mayonnaise', 'vinegar', 'cabbage']","['High evening better participant actually town laugh decide focus fast themselves friend itself card.', 'There treat catch answer where air magazine quite within whose indeed money bill learn arm.', 'Cell mean performance task phone person food several where Republican.', 'Type decide wait protect discover receive push stuff avoid Congress majority music system seven example leave.', 'Too mind factor design miss store teach collection.', 'Home pattern particular like be may show source science number.', 'Approach animal have agent table way official collection especially here energy even American.']",78.5,89.1,67.9,78.5,"['High Protein', 'Pescatarian']",Monsoon,premium
recipe_000015,Something Grill,food_000162,Indonesian,Tamil Nadu,intermediate,100,2,707,22.2,22.2,104.6,"{'Vitamin A': 3.27, 'Vitamin B6': 1.31, 'Vitamin C': 2.63, 'Vitamin D': 3.36, 'Vitamin E': 1.15}","{'Iron': 0.25, 'Calcium': 1.47, 'Magnesium': 0.79, 'Potassium': 2.09, 'Zinc': 1.08}","['cheese', 'chicken', 'lentils', 'onion', 'beef', 'yogurt']","['Recent baby financial image trip treat sign present baby talk investment late shake animal security share.', 'Particular however able season still take shake poor.', 'Information describe charge learn table degree animal way group bad very.', 'Computer hotel trip affect idea pass tonight car.', 'Focus up throughout want wrong market discussion one.', 'Military draw citizen religious own such choice teacher hotel year write draw step.']",53.3,50.1,56.5,53.3,"['Dairy-Free', 'Vegan']",Cold Weather,medium
recipe_000016,Sure Salad,food_000462,American Comfort,Jammu & Kashmir,easy,72,6,247,17.8,18.9,1.4,"{'Vitamin A': 3.09, 'Vitamin B6': 1.71, 'Vitamin C': 1.72, 'Vitamin D': 2.71, 'Vitamin E': 2.09}","{'Iron': 2.27, 'Calcium': 0.9, 'Magnesium': 1.07, 'Potassium': 1.36, 'Zinc': 1.08}","['oats', 'kidney beans', 'chocolate', 'fish sauce', 'oats', 'paneer', 'pear', 'chili flakes', 'cream', 'coconut milk', 'lamb', 'tomato']","['Sea everything everything read sit support production base.', 'Technology agent bring tough who girl floor one hold.', 'Size occur relate safe per community painting fish star idea culture agree it late.', 'Little type drive break though onto off edge late out TV perform century book win.', 'Side candidate field lay rate physical their group ready practice cause significant.']",67.5,53.4,81.6,67.5,"['Halal', 'Heart-Healthy', 'Low Sodium']",Summer,high
recipe_000017,Blood Salad,food_000036,French,Punjab,easy,72,3,218,25.7,23.9,0.0,"{'Vitamin A': 3.44, 'Vitamin B6': 1.78, 'Vitamin C': 2.21, 'Vitamin D': 2.11, 'Vitamin E': 3.47}","{'Iron': 0.9, 'Calcium': 0.66, 'Magnesium': 1.23, 'Potassium': 2.26, 'Zinc': 2.09}","['pumpkin', 'egg', 'shrimp', 'flaxseed', 'parmesan', 'feta', 'cheese', 'soy sauce']","['Successful letter expert not street plan list surface response you pull pull call evening successful west.', 'Alone movie deep capital five story Republican.', 'Man film dream until answer magazine you method several show school above ground.', 'May few audience perform western model smile admit oil certainly edge American mission all can.', 'System style imagine study at foot build scene law actually many technology same window.', 'Usually develop treatment condition smile try born head star sure.', 'Cell mother approach get act new left thus store make industry term mouth no again.', 'Season result name past worry heart mean simple chance somebody age whose.']",72.7,50.9,94.4,72.7,['Vegan'],Citrus Season,medium
recipe_000018,Standard Bowl,food_000359,Moroccan,Jammu & Kashmir,advanced,53,2,349,19.1,15.4,33.5,"{'Vitamin A': 0.78, 'Vitamin B6': 1.7, 'Vitamin C': 1.42, 'Vitamin D': 2.46, 'Vitamin E': 1.02}","{'Iron': 0.93, 'Calcium': 0.91, 'Magnesium': 1.23, 'Potassium': 2.29, 'Zinc': 1.03}","['pear', 'cheese', 'beef', 'black beans', 'spinach', 'cumin', 'zucchini', 'lentils', 'turkey', 'mango', 'chicken', 'pasta']","['Method opportunity realize hundred long shake but game deep daughter white site final watch arm.', 'Into interesting figure actually personal item rise.', 'Need send data join current themselves visit word true order production song according.', 'Likely heart sit ready they official character issue cost head rate my deal its case.', 'Red fast question order network hand student scene.', 'Manage moment PM forget bank newspaper maybe member investment project.', 'Southern up news popular different thus that prevent attack cultural care easy office.']",70.7,84.7,56.7,70.7,"['Low Carb', 'Diabetes-Friendly']",Harvest,premium
recipe_000019,Stuff Bowl,food_000145,Korean,Goa,easy,84,6,165,36.7,32.2,0.0,"{'Vitamin A': 1.37, 'Vitamin B6': 0.62, 'Vitamin C': 2.82, 'Vitamin D': 2.75, 'Vitamin E': 3.04}","{'Iron': 0.12, 'Calcium': 0.13, 'Magnesium': 1.88, 'Potassium': 2.01, 'Zinc': 1.46}","['thyme', 'paneer', 'chicken', 'ginger paste', 'cumin', 'ginger paste', 'seaweed', 'cilantro', 'oats', 'potato']","['Material every institution apply chance matter forget side suddenly goal notice yet stage charge within wrong.', 'Add or trade it mind religious direction treatment.', 'Child important alone available create so forward save range.', 'Top walk laugh scientist ability option attorney man house left.', 'Bring different return support such pull no.']",69.5,80.3,58.6,69.5,"['Nut-Free', 'Kosher']",Autumn,low
recipe_000020,Too Tandoori,food_000029,French,Maharashtra,advanced,120,1,222,9.6,26.2,0.0,"{'Vitamin A': 2.54, 'Vitamin B6': 1.42, 'Vitamin C': 2.23, 'Vitamin D': 0.75, 'Vitamin E': 2.88}","{'Iron': 1.66, 'Calcium': 1.19, 'Magnesium': 1.65, 'Potassium': 1.13, 'Zinc': 1.71}","['rice', 'vinegar', 'parmesan', 'kiwi', 'almonds', 'quinoa']","['Mission do civil cause politics include moment manage debate.', 'Last plan enough box responsibility baby American possible per.', 'Where process now assume stuff increase that film apply.', 'Feel fly my during upon sound off reach.']",54.2,49.9,58.5,54.2,"['Low Sodium', 'Low Carb']",Winter,low
recipe_000021,Traditional Salad,food_000091,British,Bengal,advanced,42,3,349,7.5,19.2,36.6,"{'Vitamin A': 1.44, 'Vitamin B6': 2.94, 'Vitamin C': 1.11, 'Vitamin D': 1.5, 'Vitamin E': 2.28}","{'Iron': 0.58, 'Calcium': 0.65, 'Magnesium': 0.86, 'Potassium': 0.63, 'Zinc': 0.12}","['carrot', 'cabbage', 'fish sauce', 'egg', 'lamb', 'almonds']","['Event new enter go loss relationship growth finally.', 'Black value cup mouth professor floor impact practice direction.', 'Several control allow dark health parent president since travel.', 'Image rise base animal evidence foreign speak book southern style travel spend year.', 'Available director ten condition something whose owner gas.']",89.4,82.1,96.8,89.4,['Gluten-Free'],Spring,low
recipe_000022,Chance Bowl,food_000253,Mediterranean,West Bengal,easy,85,2,830,4.3,26.6,143.3,"{'Vitamin A': 2.04, 'Vitamin B6': 2.57, 'Vitamin C': 1.18, 'Vitamin D': 1.32, 'Vitamin E': 2.86}","{'Iron': 0.91, 'Calcium': 0.76, 'Magnesium': 1.18, 'Potassium': 1.3, 'Zinc': 1.74}","['lentils', 'duck', 'peach', 'yogurt', 'milk', 'sweet potato', 'edamame', 'honey', 'oats', 'kiwi', 'cauliflower', 'peach']","['Expert skin world interview five place American perhaps help kitchen agreement design two.', 'Single wall black direction religious true not different step cup type indeed.', 'Start professional step include able peace dog although house tax miss yet music face.', 'Ability local his physical everybody city explain line college population check moment environmental.']",77.1,80.7,73.5,77.1,['Halal'],Thanksgiving,premium
recipe_000023,Sound Curry,food_000451,Turkish,Rajasthan,intermediate,35,1,412,37.1,29.7,0.0,"{'Vitamin A': 1.46, 'Vitamin B6': 0.15, 'Vitamin C': 2.79, 'Vitamin D': 2.35, 'Vitamin E': 0.69}","{'Iron': 1.4, 'Calcium': 0.5, 'Magnesium': 0.31, 'Potassium': 0.96, 'Zinc': 0.43}","['cinnamon', 'lemon', 'chili flakes', 'turkey', 'lamb', 'oregano', 'coriander', 'tofu', 'turmeric', 'feta', 'milk', 'basil']","['Customer imagine relate structure minute trial perform cut people authority personal.', 'Ability stand security lay themselves market fear out available data away medical responsibility improve wide.', 'Foot force teach anyone degree off land.', 'Each second seat entire ball quite start least win series learn upon.', 'Necessary mother three produce family spend great officer.']",83.2,69.6,96.8,83.2,"['Kosher', 'Gluten-Free']",Diwali,high
recipe_000024,Leave Salad,food_000117,American Comfort,Odisha,easy,77,3,578,25.1,17.7,79.6,"{'Vitamin A': 3.31, 'Vitamin B6': 2.83, 'Vitamin C': 1.52, 'Vitamin D': 0.14, 'Vitamin E': 1.15}","{'Iron': 0.45, 'Calcium': 1.49, 'Magnesium': 1.6, 'Potassium': 1.04, 'Zinc': 0.37}","['grapes', 'garlic', 'soy sauce', 'cilantro', 'ginger', 'egg', 'chia seeds', 'cayenne', 'cauliflower', 'shrimp', 'chili flakes', 'walnuts']","['Force class security change spend whole now visit than politics rate.', 'Spend hot music early population lead quality staff address successful wrong method these along turn including.', 'Song east receive state trip we during blue sure man.', 'Join central other leave easy business for against.', 'Central special top while bed pressure approach yard key step hit manage.', 'Size hospital actually six room share east serious look nature.', 'Action stop discuss even street late rather.', 'Line role explain professor establish artist behavior future ago.']",81.9,90.1,73.7,81.9,"['Halal', 'Kosher']",Monsoon,high
recipe_000025,Party Curry,food_000290,American Comfort,West Bengal,advanced,70,1,144,2.7,13.3,3.4,"{'Vitamin A': 2.47, 'Vitamin B6': 3.17, 'Vitamin C': 3.38, 'Vitamin D': 2.76, 'Vitamin E': 2.05}","{'Iron': 2.11, 'Calcium': 1.66, 'Magnesium': 1.44, 'Potassium': 1.89, 'Zinc': 0.65}","['milk', 'pumpkin', 'turmeric powder', 'feta', 'kidney beans', 'pineapple', 'pork', 'mango']","['Teacher represent point measure music spring issue heavy event bring.', 'Hard fight behind bill still church so best media total list agency choose forward tree price.', 'Allow smile blue lose energy yeah send money onto sit participant knowledge talk perform nature.', 'City tax painting today message senior traditional rather available marriage third knowledge call tough clearly.', 'Make message job teacher include majority these despite shake author.', 'Eye camera free already property of music wish media floor story skill.']",80.3,95.1,65.6,80.3,"['Keto', 'Low Sugar']",Monsoon,high
recipe_000026,Available Grill,food_000042,Brazilian,Bengal,intermediate,72,3,582,19.6,31.6,54.8,"{'Vitamin A': 2.52, 'Vitamin B6': 1.34, 'Vitamin C': 2.74, 'Vitamin D': 1.71, 'Vitamin E': 0.86}","{'Iron': 0.11, 'Calcium': 0.88, 'Magnesium': 1.47, 'Potassium': 1.34, 'Zinc': 1.82}","['cinnamon', 'oregano', 'cream cheese', 'carrot', 'parmesan', 'edamame']","['Behind management meet ahead east through beyond film test left meet may.', 'North relationship newspaper natural TV instead option reduce collection plan member physical cell happen pull.', 'Crime nearly scientist line film like response season try the.', 'Religious star may true century marriage whether father a difference.', 'Stuff major pattern discover manager enjoy focus including some key out hot.', 'Inside realize shake traditional reduce rise white moment remain church life when.']",89.7,83.6,95.7,89.7,"['Low Sugar', 'Pescatarian', 'Kosher']",Citrus Season,medium
recipe_000027,Idea Grill,food_000491,Italian,Sikkim,advanced,66,3,699,6.6,25.8,110.1,"{'Vitamin A': 0.59, 'Vitamin B6': 0.19, 'Vitamin C': 2.32, 'Vitamin D': 2.69, 'Vitamin E': 0.37}","{'Iron': 1.12, 'Calcium': 2.1, 'Magnesium': 0.42, 'Potassium': 1.48, 'Zinc': 1.32}","['oats', 'parmesan', 'basil', 'mustard seed', 'oats', 'garam masala', 'lentils', 'pasta', 'berries']","['Television serve idea change or watch low the performance.', 'Magazine ok house may particular bag return half.', 'Amount ever magazine TV will both think I deal contain but defense place choice.', 'Cover factor he college appear article challenge under.', 'Size shoulder image front single as father material year none their letter movie social audience.']",70.9,55.3,86.6,70.9,['Low Carb'],Back to School,high
recipe_000028,Off Tandoori,food_000102,Nordic,Maharashtra,advanced,15,5,701,19.2,6.1,142.3,"{'Vitamin A': 2.93, 'Vitamin B6': 1.38, 'Vitamin C': 0.19, 'Vitamin D': 1.58, 'Vitamin E': 1.2}","{'Iron': 0.49, 'Calcium': 1.45, 'Magnesium': 1.77, 'Potassium': 1.52, 'Zinc': 0.81}","['onion', 'egg', 'black beans', 'cayenne', 'brown sugar', 'chili flakes']","['Black happen return create left above also democratic bank seven believe dog imagine cold newspaper.', 'Side ten meet significant article give near she recent.', 'Everyone their pull letter very value leave have poor score during business.', 'Onto service push think voice fine author prove drug can.', 'Something difficult provide field center for play teacher eye alone action.', 'Try suggest decision reveal or loss other open general add garden light hundred lawyer chair.']",78.1,95.7,60.5,78.1,['Paleo'],Ramadan,low
recipe_000029,Floor Stew,food_000475,German,Odisha,easy,17,6,223,7.8,18.5,6.3,"{'Vitamin A': 1.88, 'Vitamin B6': 2.28, 'Vitamin C': 1.45, 'Vitamin D': 0.63, 'Vitamin E': 2.9}","{'Iron': 1.89, 'Calcium': 1.09, 'Magnesium': 0.35, 'Potassium': 2.11, 'Zinc': 0.67}","['soy sauce', 'pork', 'cheese', 'vanilla', 'pork', 'lamb', 'ginger', 'dill', 'nutmeg', 'sour cream']","['Occur budget current night admit firm its nothing do bad them girl never.', 'Truth follow speech leg truth fire hit better concern respond organization.', 'Build dark week course similar born indicate line ability common money much research.', 'Even wind analysis race lead spring memory picture what scientist life amount.']",76.5,57.5,95.4,76.5,"['Vegetarian', 'Diabetes-Friendly', 'Nut-Free']",New Year,premium
recipe_000030,Ask Stew,food_000022,Thai,South India,intermediate,75,2,304,30.8,33.3,0.0,"{'Vitamin A': 0.18, 'Vitamin B6': 2.53, 'Vitamin C': 1.51, 'Vitamin D': 0.33, 'Vitamin E': 0.78}","{'Iron': 0.18, 'Calcium': 0.6, 'Magnesium': 1.18, 'Potassium': 0.87, 'Zinc': 0.28}","['egg', 'oregano', 'lamb', 'pumpkin', 'grapes', 'cinnamon', 'chicken', 'thyme', 'seaweed', 'shrimp']","['Ever suddenly memory director number herself her student.', 'Responsibility high one military wish despite wide across heart onto project will your majority.', 'Management talk development take identify unit name something what factor raise.', 'Media share fall over none animal grow responsibility good produce learn yet structure ability benefit child.', 'Start customer throw follow drug tend voice Republican five thousand clearly arm himself reach.', 'Traditional may form help fire away sister.', 'Activity tonight long local knowledge continue send street charge pass southern word film husband.']",74.2,52.3,96.0,74.2,"['Low Sugar', 'Gluten-Free']",Cold Weather,low
recipe_000031,Mention Tandoori,food_000469,Japanese,South India,easy,35,5,842,25.7,9.7,163.0,"{'Vitamin A': 2.31, 'Vitamin B6': 1.64, 'Vitamin C': 1.61, 'Vitamin D': 3.39, 'Vitamin E': 2.38}","{'Iron': 1.79, 'Calcium': 0.55, 'Magnesium': 0.35, 'Potassium': 0.95, 'Zinc': 0.33}","['lamb', 'cauliflower', 'banana', 'beef', 'zucchini', 'egg', 'berries', 'cinnamon']","['Chance suggest smile visit owner cut western state.', 'Send follow home although past factor drug.', 'Difficult before man quickly entire study nor right suffer lead deal partner kid she culture.', 'Recently on present soldier agree how class more reduce least officer development the determine spring.']",68.3,65.6,71.1,68.3,"['Dairy-Free', 'Pescatarian', 'Halal']",Harvest,high
recipe_000032,One Curry,food_000185,Filipino,Rajasthan,advanced,119,2,135,26.6,8.4,0.0,"{'Vitamin A': 1.8, 'Vitamin B6': 2.55, 'Vitamin C': 2.55, 'Vitamin D': 1.66, 'Vitamin E': 1.43}","{'Iron': 1.76, 'Calcium': 2.13, 'Magnesium': 1.16, 'Potassium': 1.41, 'Zinc': 1.85}","['thyme', 'tofu', 'bread', 'lentils', 'avocado', 'pesto', 'cabbage', 'beef']","['Lot usually charge wife respond religious particularly.', 'Bit nor set nature college pattern view power future produce six indeed catch.', 'Option perhaps arrive series idea have school carry she section growth him area.', 'So next student west able beyond only challenge relate ground indicate why purpose always.', 'Station board left south reveal and why front would then.']",91.5,89.7,93.3,91.5,['Keto'],Winter,low
recipe_000033,Stop Stew,food_000318,Korean,Bengal,easy,25,6,91,38.0,32.6,0.0,"{'Vitamin A': 0.36, 'Vitamin B6': 1.52, 'Vitamin C': 0.18, 'Vitamin D': 2.72, 'Vitamin E': 3.15}","{'Iron': 0.76, 'Calcium': 0.68, 'Magnesium': 2.15, 'Potassium': 2.05, 'Zinc': 1.86}","['coconut milk', 'onion', 'brown sugar', 'avocado', 'watermelon', 'carrot', 'mustard seed']","['Threat three nearly positive social deep political approach give.', 'Organization analysis year source very often walk even activity send work join from.', 'Hair despite operation ten trial time instead form.', 'Check marriage manager just exist later night pick three cause network shoulder radio final.', 'Game important perhaps already east line since store school simple author without inside eat.', 'Quickly just institution provide position somebody law seek shake parent first eat PM group interest.']",66.6,65.2,68.0,66.6,"['Vegetarian', 'Heart-Healthy', 'High Protein']",Festive,low
recipe_000034,Court Stew,food_000058,American Comfort,Kerala,intermediate,100,3,822,10.9,30.5,126.0,"{'Vitamin A': 1.45, 'Vitamin B6': 1.38, 'Vitamin C': 0.23, 'Vitamin D': 1.57, 'Vitamin E': 1.68}","{'Iron': 0.49, 'Calcium': 0.13, 'Magnesium': 2.07, 'Potassium': 1.54, 'Zinc': 2.21}","['chicken', 'oats', 'coconut', 'cayenne', 'ginger', 'cottage cheese', 'chocolate', 'lemon', 'avocado']","['Participant difference present study research product school military position cup nature authority.', 'Add certainly loss most stay huge follow site conference brother everyone writer tend four high color.', 'Student gun simple a grow technology another easy would need sit face.', 'Dinner store anything realize collection reality defense.']",77.2,74.5,79.9,77.2,"['Diabetes-Friendly', 'Keto', 'Kosher']",Valentine,low
recipe_000035,Election Bowl,food_000344,Latin American,Gujarat,easy,84,4,272,10.9,16.0,21.1,"{'Vitamin A': 2.13, 'Vitamin B6': 1.65, 'Vitamin C': 1.71, 'Vitamin D': 0.66, 'Vitamin E': 2.34}","{'Iron': 0.92, 'Calcium': 1.31, 'Magnesium': 0.42, 'Potassium': 1.72, 'Zinc': 0.86}","['pineapple', 'oats', 'lemongrass', 'parmesan', 'almonds', 'flaxseed', 'fish sauce', 'duck', 'onion', 'salmon', 'honey']","['Soon something public everybody research among Mrs produce could.', 'Spring true improve nor can source news country beyond kid house lose.', 'Western note western star company size peace general fight box wind produce not politics follow however.', 'Situation shoulder general reduce address road future personal hundred security.']",67.3,79.5,55.1,67.3,"['Heart-Healthy', 'Low Sodium']",Diwali,medium
recipe_000036,Start Tandoori,food_000417,Spanish,Goa,advanced,30,5,849,35.8,23.8,122.9,"{'Vitamin A': 1.63, 'Vitamin B6': 1.93, 'Vitamin C': 2.41, 'Vitamin D': 3.13, 'Vitamin E': 1.27}","{'Iron': 2.12, 'Calcium': 2.26, 'Magnesium': 0.42, 'Potassium': 0.85, 'Zinc': 1.49}","['cauliflower', 'banana', 'turmeric', 'beef', 'soy sauce', 'watermelon']","['Reveal style direction standard number particular chair pattern someone argue write building offer.', 'Find success well training miss add ground reveal father customer list wonder good we through.', 'Seat stand before prepare wish system way reality realize majority.', 'Such play protect raise tend cost possible quite sound peace economy lot idea history.', 'Son red worry day red suggest light record me role front human economic new would black.', 'Parent left rock within sea every say low relate field player effort.', 'Be individual I write peace voice leave natural example ok sport heart matter toward nearly.']",84.2,96.0,72.5,84.2,['Low Sugar'],Christmas,low
recipe_000037,Police Curry,food_000422,Filipino,Jammu & Kashmir,easy,38,6,194,39.6,19.3,0.0,"{'Vitamin A': 0.5, 'Vitamin B6': 2.59, 'Vitamin C': 2.81, 'Vitamin D': 1.96, 'Vitamin E': 1.44}","{'Iron': 1.55, 'Calcium': 0.96, 'Magnesium': 1.37, 'Potassium': 1.75, 'Zinc': 1.61}","['black beans', 'grapes', 'mushroom', 'turkey', 'almonds', 'kiwi', 'chia seeds', 'feta', 'beef']","['Article then thought enough bag could control project young apply door guy within onto nearly our.', 'No special exactly traditional which national offer stage.', 'Day wall music modern player possible measure off.', 'Put try find until perform remain series analysis.', 'Organization Congress maybe but meet be standard new upon rest know Mr boy protect less.', 'Structure his project Mr respond Congress strong street camera type face beat case.', 'Style can rich move cold audience wrong him garden appear back.']",76.4,75.5,77.3,76.4,"['Heart-Healthy', 'Gluten-Free', 'Pescatarian']",Harvest,low
recipe_000038,Collection Wrap,food_000458,German,Andhra Pradesh,intermediate,11,6,596,32.4,17.6,77.0,"{'Vitamin A': 0.18, 'Vitamin B6': 0.21, 'Vitamin C': 0.51, 'Vitamin D': 0.73, 'Vitamin E': 2.74}","{'Iron': 0.26, 'Calcium': 0.66, 'Magnesium': 2.19, 'Potassium': 1.03, 'Zinc': 0.89}","['walnuts', 'lamb', 'nutmeg', 'pasta', 'tahini', 'quinoa', 'sour cream', 'pumpkin', 'coconut milk']","['Newspaper thousand you establish side that friend rather decision collection never generation word board training community.', 'Blue morning image blood reduce minute her while give almost common American.', 'Fall bag daughter true born whole parent station.', 'Pressure remain scientist chair government car strategy son number simple serve return word green design agree.', 'Affect life indicate news control box might.']",88.1,81.8,94.4,88.1,"['Dairy-Free', 'Low Sodium', 'Low Sugar']",Eid,medium
recipe_000039,Have Curry,food_000156,Peruvian,Kerala,intermediate,79,1,714,24.4,17.0,115.8,"{'Vitamin A': 1.54, 'Vitamin B6': 2.1, 'Vitamin C': 3.09, 'Vitamin D': 3.33, 'Vitamin E': 2.43}","{'Iron': 2.29, 'Calcium': 0.94, 'Magnesium': 2.22, 'Potassium': 1.77, 'Zinc': 0.29}","['spinach', 'dill', 'milk', 'sesame seeds', 'tofu', 'banana', 'oats', 'turmeric powder', 'mozzarella', 'oregano', 'lamb', 'ketchup']","['Benefit ten beautiful serious program family safe ability city air.', 'Popular generation unit hope subject machine lay TV people between turn.', 'Arm treat never here cold to party media every system.', 'Happy step today our major look share none bag production left should memory movie.']",64.3,47.2,81.4,64.3,['High Protein'],Citrus Season,low
recipe_000040,Where Curry,food_000233,Middle Eastern,Karnataka,easy,67,3,847,14.8,21.3,149.0,"{'Vitamin A': 0.33, 'Vitamin B6': 0.72, 'Vitamin C': 1.03, 'Vitamin D': 2.02, 'Vitamin E': 2.82}","{'Iron': 1.28, 'Calcium': 1.69, 'Magnesium': 0.66, 'Potassium': 0.36, 'Zinc': 1.24}","['avocado', 'brussels sprouts', 'vanilla', 'coconut milk', 'lentils', 'kiwi', 'cumin', 'sweet potato', 'peach', 'cream cheese', 'tofu', 'rosemary']","['Detail relationship require room summer view live year girl.', 'Sign money personal his process place include every raise others.', 'Data hand save best job question act try cost maintain.', 'Purpose city city read civil current everyone general.', 'Couple example beyond for similar soldier without development produce.', 'Though suffer she air before deal Republican tend surface network church.', 'Couple culture professor gas huge he particularly almost name behavior trade record.']",68.7,62.1,75.2,68.7,['Vegan'],Diwali,high
recipe_000041,Drug Stew,food_000219,Indonesian,Jammu & Kashmir,easy,31,2,783,7.9,29.4,121.7,"{'Vitamin A': 2.73, 'Vitamin B6': 0.25, 'Vitamin C': 0.72, 'Vitamin D': 1.26, 'Vitamin E': 2.42}","{'Iron': 1.96, 'Calcium': 0.6, 'Magnesium': 1.08, 'Potassium': 1.64, 'Zinc': 2.11}","['oregano', 'cream cheese', 'duck', 'ginger paste', 'apple']","['Than wind a loss drug family life rest doctor argue around music example staff blood material.', 'Apply free like stage might player toward executive fish statement say act type past.', 'Good three strategy region standard while big line answer under heart chance threat.', 'Before first four stuff former throughout second carry couple nothing author short natural.', 'Professional fill out budget reveal student law purpose west.']",67.2,70.8,63.6,67.2,['Vegetarian'],Back to School,premium
recipe_000042,Site Wrap,food_000188,Nordic,Jammu & Kashmir,easy,83,2,795,18.3,24.9,124.4,"{'Vitamin A': 0.33, 'Vitamin B6': 0.4, 'Vitamin C': 3.08, 'Vitamin D': 2.36, 'Vitamin E': 1.71}","{'Iron': 1.22, 'Calcium': 0.64, 'Magnesium': 2.14, 'Potassium': 0.4, 'Zinc': 0.15}","['coriander', 'turmeric powder', 'spinach', 'kidney beans', 'vinegar', 'pineapple']","['Network reason quality key quickly senior company born.', 'Only pretty office him top research best brother improve design south sometimes off human include young.', 'Top lose choose certain important science detail.', 'Section drug owner energy whole near entire response institution.', 'Read key when class set fire past different report own explain.', 'Past letter outside as brother head across close investment.', 'Reduce itself continue weight more relate to his listen learn.']",79.0,64.5,93.6,79.0,"['Low Sugar', 'High Protein', 'Nut-Free']",Cold Weather,high
recipe_000043,Experience Bowl,food_000286,East Asian,Punjab,intermediate,112,2,569,4.5,27.8,75.2,"{'Vitamin A': 0.14, 'Vitamin B6': 0.3, 'Vitamin C': 2.78, 'Vitamin D': 0.48, 'Vitamin E': 2.36}","{'Iron': 1.39, 'Calcium': 0.12, 'Magnesium': 2.04, 'Potassium': 0.4, 'Zinc': 2.13}","['almonds', 'zucchini', 'chili flakes', 'pasta', 'turmeric']","['Drive production stock admit film east music myself.', 'Kitchen building person political experience school card billion education choice big organization weight rate develop.', 'Issue culture should commercial give keep grow represent the wife simple create because well able firm.', 'System affect start national responsibility total under sort newspaper second until head.', 'Knowledge others growth establish would itself beyond high whose step against employee.', 'School light central because for dark eye large go.', 'North bill from response develop exactly special young water or begin work no well clear.']",65.0,66.9,63.0,65.0,['Diabetes-Friendly'],Ramadan,premium
recipe_000044,Happy Stew,food_000110,Moroccan,Rajasthan,easy,51,4,256,16.7,22.4,0.0,"{'Vitamin A': 3.47, 'Vitamin B6': 0.35, 'Vitamin C': 0.66, 'Vitamin D': 2.23, 'Vitamin E': 1.51}","{'Iron': 1.48, 'Calcium': 2.16, 'Magnesium': 1.92, 'Potassium': 0.99, 'Zinc': 1.76}","['grapes', 'cumin', 'thyme', 'chili flakes', 'seaweed', 'ginger', 'cayenne']","['Head hot single visit moment direction story dinner a fall hundred build.', 'Cover only spend middle quickly mouth mission above phone rather together close stuff help feeling when.', 'Rate have drop hundred light democratic camera enter street deal institution lose vote from finish.', 'Change why explain coach region involve treatment on.', 'Land plant sit high discussion before order specific rise next key sport decade bit.', 'Middle production call chance black without meeting pick room attorney change rest good.', 'She between occur series yes source from leave community something factor prove.', 'Without little west to address dinner charge enter rock little wonder quality two prepare through reality.']",82.9,87.6,78.3,82.9,['Low Sugar'],Eid,premium
recipe_000045,However Grill,food_000231,British,West Bengal,intermediate,48,5,310,30.4,4.9,36.1,"{'Vitamin A': 2.14, 'Vitamin B6': 1.52, 'Vitamin C': 2.01, 'Vitamin D': 2.5, 'Vitamin E': 2.74}","{'Iron': 1.8, 'Calcium': 0.19, 'Magnesium': 0.71, 'Potassium': 0.72, 'Zinc': 1.53}","['watermelon', 'lamb', 'pumpkin', 'olive oil', 'walnuts', 'broccoli', 'mayonnaise', 'salmon', 'dill', 'edamame', 'potato']","['Language name citizen push smile everybody either onto yard trip audience us machine hundred.', 'Nor several court deep go measure Mrs action.', 'Person include human political these game some between turn.', 'Foot less office side rock yard probably vote quite off hot free feeling which stage.', 'Force administration we describe available memory think hot opportunity.', 'Technology hot last actually generation nature traditional owner off dog much.', 'Together range church movie tough defense camera better picture especially from discussion east resource.']",84.2,86.9,81.4,84.2,"['Nut-Free', 'Heart-Healthy', 'Paleo']",Ramadan,premium
recipe_000046,Answer Wrap,food_000198,Filipino,South India,easy,54,3,784,24.4,19.8,127.0,"{'Vitamin A': 2.2, 'Vitamin B6': 0.31, 'Vitamin C': 2.24, 'Vitamin D': 3.28, 'Vitamin E': 3.07}","{'Iron': 1.41, 'Calcium': 0.6, 'Magnesium': 2.14, 'Potassium': 0.81, 'Zinc': 0.63}","['turmeric powder', 'pork', 'yogurt', 'chocolate', 'lemongrass', 'pork', 'ketchup']","['Loss they yes situation country husband baby boy western education.', 'Into suddenly throw government group evidence top.', 'Develop easy star would player edge color impact nice street money rate space participant identify style.', 'Case exist city star you debate dinner trip agent fast contain almost imagine dog brother.', 'Six bit growth positive ability movie happen good win write remember.', 'Research Congress heavy serious a attention value thus court young total.', 'Low positive plant responsibility recognize smile not character in.', 'Once old have admit charge world factor west worker oil join television weight.']",80.5,76.8,84.3,80.5,['Nut-Free'],Summer Vacation,premium
recipe_000047,Religious Bowl,food_000143,German,Maharashtra,advanced,116,3,692,18.1,23.2,102.7,"{'Vitamin A': 2.52, 'Vitamin B6': 1.98, 'Vitamin C': 0.8, 'Vitamin D': 1.67, 'Vitamin E': 1.87}","{'Iron': 0.36, 'Calcium': 1.69, 'Magnesium': 0.74, 'Potassium': 0.64, 'Zinc': 1.42}","['mozzarella', 'edamame', 'chocolate', 'shrimp', 'carrot', 'kiwi', 'kiwi']","['Year policy drop back born audience consider.', 'Ok conference too support son several service beyond address first quality feeling season laugh.', 'Huge late smile within throw believe rather fall generation four cell.', 'Where power affect stop fast sit it energy above shake protect issue continue front.', 'Painting focus actually relate surface right center research you church discussion discover agree.', 'Effort officer her indeed admit food which thus offer best admit boy political computer often outside.']",90.1,92.2,88.0,90.1,['Diabetes-Friendly'],Eid,medium
recipe_000048,Finish Curry,food_000201,Lebanese,East India,intermediate,90,4,814,12.3,20.1,146.0,"{'Vitamin A': 0.33, 'Vitamin B6': 2.86, 'Vitamin C': 0.97, 'Vitamin D': 1.78, 'Vitamin E': 3.28}","{'Iron': 1.31, 'Calcium': 1.91, 'Magnesium': 1.22, 'Potassium': 1.03, 'Zinc': 0.68}","['banana', 'black pepper', 'basil', 'garam masala', 'black beans', 'cinnamon']","['Specific moment rest article fill develop amount officer peace about treatment growth act tell contain.', 'Over series hold over because set similar campaign eight exist mention plant.', 'Task type job manager per whose writer pressure large care opportunity mention spend.', 'Go upon follow us my type military possible party source along begin ago level want.']",65.4,52.8,78.1,65.4,"['Keto', 'High Protein', 'Low Sugar']",Christmas,high
recipe_000049,Hand Salad,food_000062,Indonesian,Punjab,easy,38,5,265,6.7,26.7,0.0,"{'Vitamin A': 3.25, 'Vitamin B6': 2.43, 'Vitamin C': 0.8, 'Vitamin D': 3.13, 'Vitamin E': 2.03}","{'Iron': 0.12, 'Calcium': 0.84, 'Magnesium': 1.47, 'Potassium': 0.71, 'Zinc': 1.05}","['kidney beans', 'cilantro', 'black beans', 'ketchup', 'chickpeas', 'cumin']","['Return get third knowledge hard yes always improve true him improve between man talk policy.', 'Write movement reason lead court stage suddenly last fund rock add member happy suffer there.', 'Develop success win along campaign hotel enjoy television born center behind those win factor choice.', 'Gun there wait husband trip manager kid nor consumer student their politics west attorney piece.']",72.5,47.2,97.8,72.5,"['Low Carb', 'Heart-Healthy', 'Diabetes-Friendly']",Eid,medium
recipe_000050,Improve Stew,food_000078,Moroccan,Tamil Nadu,intermediate,84,5,646,24.2,26.8,77.0,"{'Vitamin A': 0.52, 'Vitamin B6': 0.94, 'Vitamin C': 1.48, 'Vitamin D': 0.92, 'Vitamin E': 2.17}","{'Iron': 2.06, 'Calcium': 2.12, 'Magnesium': 0.71, 'Potassium': 0.11, 'Zinc': 1.58}","['quinoa', 'sour cream', 'brussels sprouts', 'chicken', 'olive oil', 'yogurt', 'mango', 'turkey', 'brussels sprouts', 'chickpeas', 'ginger paste']","['So plan increase yeah he laugh themselves yourself decade laugh follow young ever whose interview service.', 'Claim anything reality rather star situation get TV high should who.', 'Card standard seem left others song miss.', 'Religious big administration indeed husband remember study morning issue away per can piece enjoy.', 'Attack although wind friend place any listen particular turn various address assume direction there treat ago.', 'Might news structure need me expect instead scene cover.', 'Way himself each east before law executive system their candidate chance federal word.']",79.3,96.2,62.4,79.3,"['Heart-Healthy', 'Keto']",New Year,low
recipe_000051,Customer Stew,food_000434,North Indian,Himachal Pradesh,intermediate,36,2,498,29.1,15.8,59.8,"{'Vitamin A': 0.17, 'Vitamin B6': 1.83, 'Vitamin C': 1.42, 'Vitamin D': 1.6, 'Vitamin E': 0.8}","{'Iron': 0.42, 'Calcium': 0.27, 'Magnesium': 1.94, 'Potassium': 1.6, 'Zinc': 0.47}","['chicken', 'sour cream', 'seaweed', 'chickpeas', 'quinoa', 'peach', 'lemongrass', 'vinegar', 'parmesan', 'mustard', 'pork']","['Writer best forget message sure human design.', 'Girl fear service with arm why star meeting town Mr analysis enter performance.', 'Young energy blue against value class mother product quite black consumer ready relate according.', 'Onto person determine detail often election site challenge course result positive guess them hospital.', 'Create son poor even wife prevent news activity worker reality none member low sense blue sea.', 'Sing live investment nothing issue food occur why commercial.']",76.1,65.4,86.8,76.1,"['Halal', 'Low Sugar']",Valentine,medium
recipe_000052,Possible Bowl,food_000367,South Indian,Telangana,intermediate,30,2,316,16.4,30.8,0.0,"{'Vitamin A': 1.27, 'Vitamin B6': 1.4, 'Vitamin C': 1.77, 'Vitamin D': 2.56, 'Vitamin E': 3.19}","{'Iron': 0.3, 'Calcium': 0.66, 'Magnesium': 0.6, 'Potassium': 0.91, 'Zinc': 2.29}","['watermelon', 'oats', 'ginger', 'cinnamon', 'flaxseed', 'mozzarella', 'chicken', 'oregano']","['Those social their try southern short significant thought bed cut expert game lose.', 'History just church clear because manage PM treatment toward.', 'Side allow tough position start bad PM sing road role benefit subject listen threat marriage painting.', 'Rich everyone former mind program hit language fish history community property least body include.', 'Reach wide establish page address benefit central site cut environment group.', 'Boy area people hot prove word determine movement trouble during remember take could.', 'Put part step model far respond impact head lay hair election several.', 'Us eat page north sing himself myself none interview bring send air staff customer government treatment.']",88.8,81.4,96.3,88.8,['Low Sugar'],Spring,premium
recipe_000053,Doctor Stew,food_000187,Brazilian,East India,advanced,110,6,314,5.4,32.1,0.9,"{'Vitamin A': 1.1, 'Vitamin B6': 3.02, 'Vitamin C': 1.05, 'Vitamin D': 3.21, 'Vitamin E': 0.88}","{'Iron': 0.79, 'Calcium': 1.25, 'Magnesium': 0.61, 'Potassium': 0.3, 'Zinc': 0.21}","['banana', 'cheese', 'mustard', 'banana', 'cinnamon']","['Employee most interview time white ahead husband admit state since laugh.', 'Imagine begin kind mean individual body respond like possible production.', 'Event cultural get after away myself next themselves young include long road.', 'Treat tax light spring news carry miss value order great not bill.', 'Again reach at left morning voice claim other possible high.']",70.5,81.9,59.0,70.5,['Dairy-Free'],Cold Weather,premium
recipe_000054,How Curry,food_000483,Thai,Himachal Pradesh,advanced,114,1,251,11.0,28.4,0.0,"{'Vitamin A': 0.52, 'Vitamin B6': 1.67, 'Vitamin C': 2.69, 'Vitamin D': 2.56, 'Vitamin E': 0.62}","{'Iron': 2.15, 'Calcium': 0.64, 'Magnesium': 0.12, 'Potassium': 1.98, 'Zinc': 1.79}","['edamame', 'coconut milk', 'chickpeas', 'garam masala', 'feta', 'bell pepper']","['Behind own media meet control most stay nothing wife.', 'Movie everything study stand animal we above former drop seven trade.', 'Way night science general radio old financial significant detail culture movement put bill result mother.', 'By base worry need test smile new feel morning defense officer name write.', 'Challenge become message across arrive green apply represent station beyond cause hit feel the.', 'Product yourself long character report move forward soon.', 'Fall walk surface us fall enter information upon discuss major feeling sort.', 'Anyone manage service would your everybody who.']",73.1,82.8,63.4,73.1,"['Vegan', 'Low Sugar', 'Gluten-Free']",Festive,low
recipe_000055,Claim Salad,food_000241,Brazilian,Odisha,advanced,76,3,215,11.2,21.5,0.0,"{'Vitamin A': 3.44, 'Vitamin B6': 0.56, 'Vitamin C': 1.08, 'Vitamin D': 1.9, 'Vitamin E': 1.77}","{'Iron': 1.76, 'Calcium': 1.31, 'Magnesium': 1.7, 'Potassium': 2.06, 'Zinc': 1.13}","['oats', 'paprika', 'bell pepper', 'chia seeds', 'paneer', 'flaxseed', 'oats', 'olive oil', 'pumpkin', 'cauliflower', 'lamb', 'tomato']","['Effort detail minute else high miss describe dream professional leader deal whose chair sit.', 'Foot picture end outside current line heart become quality likely her.', 'Baby lay style say not boy ahead bit wall prevent.', 'City seat project black discuss daughter blue manager.']",78.7,86.5,70.8,78.7,"['Kosher', 'Diabetes-Friendly', 'Paleo']",Summer Vacation,premium
recipe_000056,Language Grill,food_000086,Vietnamese,South India,easy,28,1,591,6.8,1.8,136.9,"{'Vitamin A': 0.78, 'Vitamin B6': 0.15, 'Vitamin C': 1.58, 'Vitamin D': 2.27, 'Vitamin E': 0.6}","{'Iron': 2.0, 'Calcium': 1.84, 'Magnesium': 1.75, 'Potassium': 1.53, 'Zinc': 0.76}","['paneer', 'cauliflower', 'vanilla', 'basil', 'basil', 'pasta', 'brown sugar', 'tofu', 'milk']","['Street past TV vote author camera them prevent focus.', 'Blue kind low lead three top interesting bank expert grow most history radio draw hope.', 'Camera size number edge call economy I president thing star say clear.', 'Table cost get your become feeling debate bring effort gas church language.', 'Him product seven peace now practice chair list size discover compare benefit car president hotel common.', 'Think hospital worker pull cup human ever meeting cut despite this bring.', 'Lay well report approach with feel front listen consumer since city throw certainly coach crime director.']",78.0,97.7,58.2,78.0,['Heart-Healthy'],Valentine,premium
recipe_000057,Economy Curry,food_000205,French,Kerala,intermediate,18,3,809,19.7,30.9,113.0,"{'Vitamin A': 0.28, 'Vitamin B6': 1.68, 'Vitamin C': 1.41, 'Vitamin D': 2.32, 'Vitamin E': 1.57}","{'Iron': 1.42, 'Calcium': 0.88, 'Magnesium': 1.23, 'Potassium': 1.15, 'Zinc': 2.15}","['oats', 'chili flakes', 'pumpkin', 'coconut milk', 'shrimp']","['Similar space tax back Mr nice certain news whole alone control relate entire.', 'Future street year cut attack player place table soon.', 'Determine because its against personal sometimes physical report organization shake base reveal use.', 'Nature provide car memory senior something on their will wait.', 'Hear rest answer research perform clear use collection think loss describe end.', 'Minute leave baby reflect outside affect concern friend play tell detail.']",71.0,67.0,74.9,71.0,"['Low Sugar', 'Paleo']",Summer Vacation,medium
recipe_000058,Increase Stew,food_000006,Peruvian,Himachal Pradesh,advanced,18,2,229,30.3,19.9,0.0,"{'Vitamin A': 1.35, 'Vitamin B6': 2.82, 'Vitamin C': 2.09, 'Vitamin D': 3.1, 'Vitamin E': 2.68}","{'Iron': 1.05, 'Calcium': 1.23, 'Magnesium': 1.57, 'Potassium': 1.31, 'Zinc': 1.75}","['tofu', 'cinnamon', 'nutmeg', 'beef', 'mozzarella', 'brussels sprouts', 'paprika', 'sesame seeds', 'zucchini', 'egg']","['Control behind arrive quickly reduce my power conference president less add issue check too executive lot.', 'Heart edge south run race reality hair no cell old dog including.', 'Teacher firm many carry situation fine final performance himself friend song medical particular so establish enough.', 'Company do box modern meet matter side course manage special couple small ask chance.', 'Sound fire give stop consider no hit serve kitchen vote able station bring once third.', 'Exactly parent whose decide car effort rich return view above today billion environment great tree.']",64.8,72.0,57.6,64.8,"['Nut-Free', 'Diabetes-Friendly']",Back to School,high
recipe_000059,Account Salad,food_000074,Lebanese,Jammu & Kashmir,easy,96,4,281,5.5,13.7,33.9,"{'Vitamin A': 1.55, 'Vitamin B6': 2.03, 'Vitamin C': 3.47, 'Vitamin D': 0.82, 'Vitamin E': 3.47}","{'Iron': 0.46, 'Calcium': 0.18, 'Magnesium': 1.7, 'Potassium': 1.83, 'Zinc': 0.58}","['lentils', 'turmeric', 'carrot', 'coriander', 'coconut', 'carrot', 'coriander', 'mozzarella', 'tahini']","['Send participant should court majority current they including should build car pretty find common.', 'Career describe simply behind form sea political organization hand.', 'Service player decide lawyer draw fight apply later get.', 'Trial loss guy discuss including should list lose million scientist no training one room employee note.', 'Must including employee particularly field writer field result war positive clearly accept consumer training.']",59.6,47.2,72.0,59.6,['Gluten-Free'],Back to School,high
recipe_000060,Stock Tandoori,food_000316,Thai,East India,intermediate,16,5,461,34.3,33.5,5.6,"{'Vitamin A': 2.42, 'Vitamin B6': 2.84, 'Vitamin C': 2.75, 'Vitamin D': 0.93, 'Vitamin E': 2.87}","{'Iron': 1.05, 'Calcium': 0.7, 'Magnesium': 2.17, 'Potassium': 0.76, 'Zinc': 2.24}","['squash', 'grapes', 'egg', 'mustard', 'lemon', 'grapes', 'kiwi', 'pesto', 'flaxseed', 'sweet potato']","['Keep community move himself method culture they result five particular fish fact herself similar consider.', 'Green remember although television particularly stuff successful country measure dream center heart agency lawyer hit wait.', 'Since student like trial specific by fall three commercial.', 'Few family place such coach laugh down dinner it short.', 'Both win need road already candidate example test history yard talk.', 'Happen mouth two society far explain operation this important course son person lose reason mother against.', 'Later news road find meeting chance model my third.', 'Ready stock article particularly two American remain ok that they party.']",70.3,74.6,66.1,70.3,"['Low Carb', 'Vegan']",Monsoon,medium
recipe_000061,Knowledge Wrap,food_000433,Australian,Bengal,intermediate,25,3,304,35.5,9.1,20.0,"{'Vitamin A': 1.74, 'Vitamin B6': 3.26, 'Vitamin C': 0.33, 'Vitamin D': 1.17, 'Vitamin E': 3.12}","{'Iron': 1.06, 'Calcium': 1.89, 'Magnesium': 0.44, 'Potassium': 1.14, 'Zinc': 0.17}","['vanilla', 'duck', 'nutmeg', 'coriander', 'coconut', 'beef', 'pasta', 'cheese', 'oats', 'olive oil']","['Letter they forward seat final up notice likely cultural to arrive career figure now special.', 'Often up deal allow program when usually office morning.', 'Perform word claim knowledge prevent indicate employee position blood letter stage wonder type bit.', 'Seek matter white office job mean put model able audience inside break yes out number join.', 'Detail animal film suffer face personal guess account chance rise student maybe.', 'Plant skin floor process summer agreement find edge cultural where.', 'Girl live forget difficult hold practice man small scientist air other area.', 'Your resource learn popular back memory level issue.']",94.0,94.1,93.9,94.0,['Diabetes-Friendly'],Ramadan,premium
recipe_000062,Move Salad,food_000302,Australian,Andhra Pradesh,intermediate,117,3,495,18.3,8.6,86.1,"{'Vitamin A': 0.61, 'Vitamin B6': 1.56, 'Vitamin C': 3.15, 'Vitamin D': 3.28, 'Vitamin E': 2.8}","{'Iron': 1.63, 'Calcium': 0.43, 'Magnesium': 0.21, 'Potassium': 1.14, 'Zinc': 0.17}","['olive oil', 'broccoli', 'egg', 'sweet potato', 'basil', 'cheese', 'coconut milk', 'cheese', 'cheese', 'parmesan']","['Star capital exist red lose produce morning.', 'Consider past indeed not game authority imagine by cup people clear free quality.', 'Tv down memory structure cell high where them a feel might relate.', 'Morning none set interesting north clearly PM industry.']",76.5,87.6,65.5,76.5,"['Halal', 'Nut-Free', 'Dairy-Free']",Summer,low
recipe_000063,Few Bowl,food_000085,Greek,Odisha,advanced,75,1,418,5.8,34.9,20.2,"{'Vitamin A': 0.47, 'Vitamin B6': 2.12, 'Vitamin C': 2.19, 'Vitamin D': 1.89, 'Vitamin E': 2.93}","{'Iron': 0.73, 'Calcium': 0.24, 'Magnesium': 1.43, 'Potassium': 0.67, 'Zinc': 1.52}","['tahini', 'carrot', 'parmesan', 'mushroom', 'cinnamon']","['Eat camera glass tax care chance current together without who size good more word.', 'Thus build nice officer start full also boy enough tonight likely last decade source.', 'Wait pattern suddenly discussion nothing possible letter value a crime keep.', 'Game beyond whose few factor rock step natural ball we view suggest if a road.', 'Seek world factor doctor life so trial animal foot.', 'Rich every walk happy democratic modern interest high whether care care let foot.', 'Evidence whatever may stage I way agree send poor anyone successful mother human simple five food.']",52.8,47.1,58.5,52.8,"['High Protein', 'Halal']",Diwali,low
recipe_000064,Lot Wrap,food_000202,Latin American,Gujarat,advanced,19,3,426,27.3,24.5,24.1,"{'Vitamin A': 2.37, 'Vitamin B6': 0.82, 'Vitamin C': 1.67, 'Vitamin D': 2.49, 'Vitamin E': 0.23}","{'Iron': 0.23, 'Calcium': 2.03, 'Magnesium': 0.42, 'Potassium': 2.3, 'Zinc': 0.38}","['shrimp', 'apple', 'chia seeds', 'garam masala', 'nutmeg', 'coriander', 'ginger paste', 'walnuts', 'parmesan']","['True race break room prepare upon model spring against nature choose but sport offer itself.', 'Common behind degree into process trial itself offer can such mother call rather become.', 'Fish three word include chance remember put.', 'The fast benefit player maybe according whole fast audience available east military knowledge.', 'Table energy according chair itself attention level plan health present pay.', 'Need surface some dream want certain range note almost like example.']",76.9,64.0,89.8,76.9,"['Nut-Free', 'Dairy-Free']",New Year,premium
recipe_000065,Interest Curry,food_000223,Moroccan,Rajasthan,easy,114,3,205,37.3,23.6,0.0,"{'Vitamin A': 0.32, 'Vitamin B6': 0.21, 'Vitamin C': 3.0, 'Vitamin D': 0.96, 'Vitamin E': 0.73}","{'Iron': 1.19, 'Calcium': 1.55, 'Magnesium': 0.97, 'Potassium': 1.66, 'Zinc': 0.81}","['chia seeds', 'quinoa', 'turmeric powder', 'apple', 'spinach', 'honey', 'olive oil', 'cinnamon', 'carrot']","['Successful check yard can recently girl operation finally.', 'Create something sure speech speak I leader.', 'Agency difference itself condition guess stuff approach professor sure stock yeah night.', 'You man such student out eight impact administration fill yourself long.', 'Life group American receive bank door dog say all significant lead Republican any wait reveal.', 'Worry look shoulder pattern last arm station lot represent loss follow success.']",83.8,83.7,83.9,83.8,"['Pescatarian', 'Nut-Free', 'Low Sodium']",Warm Weather,medium
recipe_000066,Later Wrap,food_000004,North Indian,Punjab,advanced,35,2,248,38.3,14.8,0.0,"{'Vitamin A': 2.55, 'Vitamin B6': 1.52, 'Vitamin C': 2.72, 'Vitamin D': 2.25, 'Vitamin E': 2.52}","{'Iron': 1.86, 'Calcium': 0.92, 'Magnesium': 0.11, 'Potassium': 1.16, 'Zinc': 1.91}","['tomato', 'turmeric', 'walnuts', 'thyme', 'cauliflower', 'dill', 'kidney beans']","['Fight painting lay heavy join do kind itself upon recognize.', 'Arrive sometimes simple a military over drive.', 'Key authority cover others season fine section.', 'Fight account also think he from week.', 'Food suffer sound why energy relationship result break.']",86.7,97.4,75.9,86.7,['Nut-Free'],Summer Vacation,high
recipe_000067,Dream Curry,food_000272,North Indian,Uttar Pradesh,advanced,83,2,621,39.8,21.6,66.8,"{'Vitamin A': 3.49, 'Vitamin B6': 1.65, 'Vitamin C': 1.07, 'Vitamin D': 0.16, 'Vitamin E': 2.1}","{'Iron': 2.22, 'Calcium': 0.24, 'Magnesium': 1.93, 'Potassium': 1.02, 'Zinc': 1.12}","['paprika', 'almond milk', 'sweet potato', 'black beans', 'shrimp']","['Other according necessary end condition also ok this.', 'Stand friend say policy identify garden sport ever education rise professional start knowledge bag benefit.', 'Let born summer save always police himself available.', 'Body control receive month character gun firm agent all institution per keep.', 'Dark take development because owner sign animal choose sound second.', 'Month face think much present term recent big record social six learn collection cause.', 'Seek coach I sense civil worry mission computer bit trip gas different third easy.', 'Heavy music expert do any north throughout environment garden yet personal development environment white red.']",74.7,68.1,81.3,74.7,"['High Protein', 'Diabetes-Friendly']",Valentine,high
recipe_000068,Mean Tandoori,food_000457,German,Sikkim,advanced,111,6,119,33.0,23.6,0.0,"{'Vitamin A': 0.91, 'Vitamin B6': 0.11, 'Vitamin C': 0.26, 'Vitamin D': 0.36, 'Vitamin E': 2.83}","{'Iron': 1.28, 'Calcium': 2.08, 'Magnesium': 2.17, 'Potassium': 0.14, 'Zinc': 2.01}","['mustard', 'almonds', 'tomato', 'kale', 'tahini']","['Difficult not clear knowledge west live beat however believe.', 'Describe process risk under can listen organization image guess game nation.', 'Challenge game record career hour modern risk how network western chance thing help poor six.', 'Inside team without adult left serve film him address address wrong join government today of reduce.', 'It break southern tend during prevent early trial relate past former cut car trouble.', 'Population grow eat arrive everybody program investment summer history be hundred point exist.', 'Charge as begin list everything prepare that hard authority.']",72.9,65.9,79.9,72.9,"['Vegan', 'High Protein']",Warm Weather,medium
recipe_000069,It Tandoori,food_000274,American Comfort,South India,easy,56,1,645,12.9,4.5,138.2,"{'Vitamin A': 3.32, 'Vitamin B6': 0.17, 'Vitamin C': 0.54, 'Vitamin D': 2.65, 'Vitamin E': 0.98}","{'Iron': 1.55, 'Calcium': 1.58, 'Magnesium': 1.01, 'Potassium': 2.09, 'Zinc': 0.55}","['bell pepper', 'sour cream', 'apple', 'zucchini', 'lentils', 'kiwi', 'mustard seed', 'cheese', 'beef', 'watermelon']","['Able military old organization performance thing art hear wall fast cell.', 'Apply last describe around unit expert million face make.', 'Brother indicate inside mention charge long direction no benefit check marriage.', 'Those open discussion everyone not including option old identify.', 'Mind reflect brother response deal try possible thousand son nice short sport lose member candidate trip.']",81.2,97.4,65.1,81.2,"['Dairy-Free', 'Low Carb']",Cold Weather,low
recipe_000070,Movement Salad,food_000040,Brazilian,Goa,advanced,12,5,204,34.4,0.6,15.2,"{'Vitamin A': 1.68, 'Vitamin B6': 0.52, 'Vitamin C': 2.37, 'Vitamin D': 1.05, 'Vitamin E': 0.38}","{'Iron': 1.84, 'Calcium': 0.88, 'Magnesium': 0.95, 'Potassium': 0.52, 'Zinc': 2.18}","['bell pepper', 'paneer', 'seaweed', 'cinnamon', 'pork', 'black pepper', 'rosemary', 'edamame', 'pesto']","['Wall risk region interesting your respond population item say option star avoid available much environment evening.', 'Cut somebody site lead only theory quality place star policy term world.', 'Fund continue significant rise relate American democratic really continue.', 'Skin success article open stop travel near office phone fund total friend company boy.', 'Ability current accept Mr amount until apply improve enjoy without especially.', 'Camera senior east after something meeting economy any response around defense federal arm member draw study.', 'Beautiful present well how cause there production fund within away brother resource growth better.', 'Pattern accept us can look game technology performance itself marriage service seem number improve matter.']",75.8,86.3,65.3,75.8,['Gluten-Free'],Festive,medium
recipe_000071,Save Salad,food_000176,Indonesian,Rajasthan,intermediate,81,4,614,33.0,19.0,77.8,"{'Vitamin A': 0.82, 'Vitamin B6': 0.75, 'Vitamin C': 2.27, 'Vitamin D': 2.73, 'Vitamin E': 2.64}","{'Iron': 0.25, 'Calcium': 2.28, 'Magnesium': 0.6, 'Potassium': 1.55, 'Zinc': 2.11}","['tofu', 'pork', 'oregano', 'parmesan', 'lamb', 'vinegar', 'cilantro', 'ginger paste', 'thyme', 'cream cheese']","['Term treat nice he imagine staff necessary go television agent home.', 'Drug place per side pattern story doctor people skin north significant agree.', 'Threat look she firm stock try high maintain.', 'To tax time with person ok husband voice receive low bar order police indicate.', 'Lawyer the begin TV benefit vote impact management rock bill bed while community its agree husband.', 'Already room dinner stage shoulder grow image cultural population discuss design generation recognize sense.', 'Court avoid chair research yeah opportunity theory almost little someone develop quality pull against.']",84.8,94.0,75.6,84.8,"['Nut-Free', 'Diabetes-Friendly']",Eid,medium
recipe_000072,Bad Stew,food_000461,Thai,Tamil Nadu,advanced,50,2,117,19.2,0.6,8.7,"{'Vitamin A': 2.12, 'Vitamin B6': 2.01, 'Vitamin C': 0.5, 'Vitamin D': 0.56, 'Vitamin E': 1.78}","{'Iron': 2.29, 'Calcium': 1.7, 'Magnesium': 0.85, 'Potassium': 1.47, 'Zinc': 0.17}","['apple', 'pork', 'coriander', 'duck', 'barbecue sauce', 'rice', 'milk', 'mint', 'cheese', 'turmeric']","['Offer wind still part forward production resource several lay medical together.', 'Debate list little direction accept trade thing as or feeling rest outside course short everyone guy.', 'Wish learn than wrong support conference movement family physical pick success western show senior rather contain.', 'Bag necessary on career trade day someone hair member.']",83.8,97.3,70.3,83.8,"['Pescatarian', 'Paleo']",Spring,low
recipe_000073,Participant Bowl,food_000029,French,Maharashtra,easy,56,1,760,38.6,5.2,139.7,"{'Vitamin A': 1.79, 'Vitamin B6': 2.61, 'Vitamin C': 1.48, 'Vitamin D': 0.19, 'Vitamin E': 1.07}","{'Iron': 0.51, 'Calcium': 0.3, 'Magnesium': 0.4, 'Potassium': 1.25, 'Zinc': 1.42}","['kidney beans', 'pork', 'fish sauce', 'vanilla', 'potato', 'mustard', 'honey']","['Wife him study throw day civil impact look again exist effect crime article well.', 'Rather now avoid threat trial leg speak small page office food especially.', 'Attention old direction interesting truth writer population fight sometimes.', 'Camera account alone step voice art establish current military rich support step write even.']",65.6,65.1,66.1,65.6,['Low Carb'],Navratri,high
recipe_000074,Should Stew,food_000455,Vietnamese,Central India,intermediate,44,6,267,23.9,20.6,0.0,"{'Vitamin A': 3.06, 'Vitamin B6': 1.96, 'Vitamin C': 3.18, 'Vitamin D': 2.34, 'Vitamin E': 0.44}","{'Iron': 0.99, 'Calcium': 2.15, 'Magnesium': 0.79, 'Potassium': 2.03, 'Zinc': 0.3}","['barbecue sauce', 'seaweed', 'black beans', 'lamb', 'sour cream', 'cheese', 'ginger paste', 'flaxseed', 'black beans']","['Large expect other interest affect room thought choice forget with provide dinner staff already.', 'State impact bank relationship leave offer though what reason scientist high participant establish property.', 'Fact action small heart radio manage increase nor particularly western.', 'Thought tend ground whom support table project design general vote keep economic sound.', 'Include machine peace else experience another finish let skill threat mouth story star scientist huge.', 'He light develop left today loss to cost tough fact.', 'Morning key project fish decision five anything friend use.', 'Street by executive news all difference daughter why bring plant economic him.']",53.0,47.6,58.4,53.0,['Paleo'],Summer,low
recipe_000075,Central Grill,food_000486,Moroccan,Goa,advanced,75,2,84,6.1,17.0,0.0,"{'Vitamin A': 1.24, 'Vitamin B6': 0.73, 'Vitamin C': 3.22, 'Vitamin D': 2.48, 'Vitamin E': 0.45}","{'Iron': 1.89, 'Calcium': 1.13, 'Magnesium': 1.7, 'Potassium': 0.38, 'Zinc': 1.72}","['berries', 'olive oil', 'sweet potato', 'pineapple', 'parmesan', 'oats']","['Go entire here stock right book safe together wife area hair I manage city business born.', 'Choose we development sea market free word change hope meet industry system radio.', 'Interview perform skin surface each history recent.', 'Wonder trip check against character trial approach half again.']",69.7,64.1,75.2,69.7,"['Vegetarian', 'Nut-Free']",Summer Vacation,high
recipe_000076,Stock Wrap,food_000296,Korean,Northeast India,easy,61,5,827,31.5,7.0,159.5,"{'Vitamin A': 1.48, 'Vitamin B6': 2.11, 'Vitamin C': 3.2, 'Vitamin D': 1.08, 'Vitamin E': 0.95}","{'Iron': 1.98, 'Calcium': 0.37, 'Magnesium': 1.02, 'Potassium': 1.53, 'Zinc': 1.19}","['brussels sprouts', 'grapes', 'oregano', 'carrot', 'tahini', 'mustard', 'shrimp', 'sesame seeds']","['Both room music ok situation wind say.', 'Allow none process oil just our surface ground send account unit.', 'Use town Mrs left then until personal traditional nice learn miss drug feeling cost.', 'Table TV since today soldier after outside couple media control point owner character time.', 'Wish generation enter yeah we authority major pick camera room music.']",63.3,48.1,78.5,63.3,['Low Carb'],Monsoon,medium
recipe_000077,Huge Tandoori,food_000417,Spanish,Goa,easy,57,3,674,6.6,23.7,108.6,"{'Vitamin A': 3.36, 'Vitamin B6': 2.05, 'Vitamin C': 2.32, 'Vitamin D': 2.54, 'Vitamin E': 2.92}","{'Iron': 0.13, 'Calcium': 0.34, 'Magnesium': 0.55, 'Potassium': 0.42, 'Zinc': 1.69}","['duck', 'tomato', 'cottage cheese', 'potato', 'kiwi', 'cinnamon', 'turmeric', 'avocado']","['Main member those per present Democrat kid on sing.', 'Civil consider recent bit public matter beat our natural policy anything.', 'He star little provide level amount middle effect if race school case.', 'Today deep friend town bad get ok experience.', 'Difference rest before once respond term knowledge you everyone child bring to action model TV contain.', 'Until serious agent ball nature fight soldier charge coach positive.']",53.9,47.1,60.7,53.9,"['Kosher', 'Nut-Free']",Summer Vacation,high
recipe_000078,Security Tandoori,food_000228,Vietnamese,Odisha,easy,70,5,286,34.6,5.5,24.5,"{'Vitamin A': 0.64, 'Vitamin B6': 2.76, 'Vitamin C': 2.93, 'Vitamin D': 2.64, 'Vitamin E': 1.88}","{'Iron': 0.55, 'Calcium': 0.34, 'Magnesium': 0.73, 'Potassium': 0.72, 'Zinc': 0.49}","['lemongrass', 'lemongrass', 'kidney beans', 'vinegar', 'onion', 'banana', 'rice', 'vinegar']","['Above purpose physical war include which new small friend painting student.', 'Great director speech support Mr nearly form without investment finally bag father understand.', 'Could table nothing even not face suddenly color as available certain.', 'At offer know question discuss run mother move could century human.', 'Top suddenly seek computer next rule let never lawyer create soon factor.', 'Situation plant main simple factor suggest avoid employee hospital leader must choose.', 'Direction painting opportunity pretty keep music your feel day miss how television thought put realize.']",63.4,55.0,71.7,63.4,['Heart-Healthy'],Eid,high
recipe_000079,Out Salad,food_000330,French,Delhi,advanced,112,3,540,9.6,30.3,57.2,"{'Vitamin A': 1.41, 'Vitamin B6': 3.45, 'Vitamin C': 1.98, 'Vitamin D': 2.28, 'Vitamin E': 0.59}","{'Iron': 0.69, 'Calcium': 0.92, 'Magnesium': 0.66, 'Potassium': 0.32, 'Zinc': 2.0}","['olive oil', 'cayenne', 'kale', 'cream', 'turmeric', 'chicken', 'cream cheese', 'walnuts', 'watermelon']","['Peace claim physical letter hold despite clear bar by star conference.', 'Majority the a response mind wind finally.', 'Interest college also increase skin already none teach common much minute prove would member you tonight.', 'Least cell right adult word allow set win business take carry still.', 'Specific sea so pull degree government keep American return win ball mother.', 'Just drug five determine forget morning nature situation I.', 'May score when describe order character east fire within.']",93.6,96.1,91.1,93.6,"['Kosher', 'Vegetarian', 'Vegan']",Warm Weather,low
recipe_000080,Work Bowl,food_000124,Caribbean,Northeast India,intermediate,95,5,338,32.8,26.6,0.0,"{'Vitamin A': 1.53, 'Vitamin B6': 1.26, 'Vitamin C': 1.74, 'Vitamin D': 0.74, 'Vitamin E': 2.59}","{'Iron': 1.69, 'Calcium': 1.03, 'Magnesium': 1.63, 'Potassium': 0.7, 'Zinc': 0.54}","['squash', 'dill', 'mustard', 'rice', 'lemon', 'chicken', 'egg']","['Show while writer born seven director party month participant.', 'Firm shake even individual whatever stock civil time adult walk ok interview anything best myself method.', 'Physical economy past focus yeah series season guy spend party player look.', 'Performance have agency interest two office think affect buy prove all star.', 'Stay sort event drive customer reach hold mention nothing high even tonight kind.', 'Production coach raise ten customer price condition action president.', 'Month state significant figure pull station thank red forget share few everybody really.', 'Health conference voice support hold there report consumer station join meeting statement cup state standard phone.']",79.1,74.5,83.7,79.1,"['Halal', 'Vegan', 'Low Sugar']",Ramadan,medium
recipe_000081,Upon Salad,food_000456,Lebanese,Odisha,easy,37,3,412,3.7,12.1,72.1,"{'Vitamin A': 1.5, 'Vitamin B6': 0.25, 'Vitamin C': 1.69, 'Vitamin D': 1.92, 'Vitamin E': 2.61}","{'Iron': 0.33, 'Calcium': 2.28, 'Magnesium': 1.31, 'Potassium': 1.68, 'Zinc': 0.59}","['dill', 'almonds', 'vinegar', 'pineapple', 'chicken', 'chocolate', 'potato', 'cilantro', 'coconut', 'turmeric']","['Case off write simply present foot place general.', 'Series at blood above recently simple idea expert continue save treatment trade.', 'Individual professor budget source build candidate exactly security among speech tough oil decide have.', 'Improve wear together experience lawyer have enjoy four stage.', 'Open wait tonight think minute management trip young natural especially until beat task.']",66.5,57.8,75.3,66.5,['Vegan'],Valentine,low
recipe_000082,Bag Grill,food_000471,German,Bengal,easy,111,4,498,6.6,10.2,95.0,"{'Vitamin A': 1.93, 'Vitamin B6': 2.24, 'Vitamin C': 2.69, 'Vitamin D': 0.25, 'Vitamin E': 2.44}","{'Iron': 1.29, 'Calcium': 1.55, 'Magnesium': 1.63, 'Potassium': 0.11, 'Zinc': 1.95}","['yogurt', 'pork', 'walnuts', 'brussels sprouts', 'black pepper', 'yogurt', 'ginger paste', 'banana']","['Store from benefit detail idea true discuss product job turn at then wide series.', 'Us people fast commercial star world open certain eye part water off.', 'Ever heart few hair ability dream major listen type store meeting seem.', 'Part several happen stand manager agree receive.', 'How about property performance conference after meet focus team something quickly.', 'Authority lose during right blood tend store so.', 'Throw million yet next large southern wish future across mission certainly free such middle.', 'New close clear mind drug notice work feeling affect scene marriage who dream foreign leg.']",74.5,68.8,80.3,74.5,"['Keto', 'Vegan']",Summer Vacation,medium
recipe_000083,Throughout Grill,food_000474,French,Tamil Nadu,advanced,27,1,364,2.0,24.5,33.9,"{'Vitamin A': 0.75, 'Vitamin B6': 2.9, 'Vitamin C': 0.9, 'Vitamin D': 0.25, 'Vitamin E': 0.71}","{'Iron': 1.92, 'Calcium': 0.53, 'Magnesium': 0.75, 'Potassium': 0.23, 'Zinc': 1.09}","['tofu', 'turkey', 'coconut milk', 'squash', 'mango', 'chicken', 'grapes']","['Amount actually soldier hotel foreign baby begin fight purpose.', 'Gas debate woman eye seem all huge walk begin production continue idea.', 'Beyond public large her who in professor because six.', 'Adult specific throw choice meet behavior tonight action beat carry tough fly decide.', 'Avoid nice never minute reality security imagine ok respond two fight thank fear hundred become cause.', 'Piece region art growth land job test we institution laugh the while American.']",90.1,84.9,95.2,90.1,['Low Sugar'],Eid,high
recipe_000084,Daughter Tandoori,food_000428,Brazilian,Himachal Pradesh,advanced,77,5,522,7.8,2.7,116.6,"{'Vitamin A': 0.47, 'Vitamin B6': 2.7, 'Vitamin C': 0.82, 'Vitamin D': 0.62, 'Vitamin E': 0.47}","{'Iron': 0.6, 'Calcium': 1.89, 'Magnesium': 0.69, 'Potassium': 1.24, 'Zinc': 1.32}","['mushroom', 'brown sugar', 'spinach', 'ketchup', 'bell pepper']","['Town common response safe career prove break thousand picture either year understand.', 'Where approach space strong me teach add action bill hospital action happy several.', 'Theory up part drop Democrat east wind everything various.', 'Serious claim shake nation happen pick site hold miss much allow.', 'Although community box her somebody expect air sense strategy actually do reduce whatever.', 'Art week remain will next draw prove red actually where total fine ever central.', 'Stand pay deep war sport manage almost executive spend yes late share doctor development hand.']",81.9,70.1,93.7,81.9,"['Nut-Free', 'Heart-Healthy', 'High Protein']",Festive,medium
recipe_000085,Rest Curry,food_000489,Spanish,Gujarat,advanced,71,4,515,8.5,29.4,54.1,"{'Vitamin A': 2.73, 'Vitamin B6': 1.68, 'Vitamin C': 0.41, 'Vitamin D': 2.08, 'Vitamin E': 2.81}","{'Iron': 0.38, 'Calcium': 0.22, 'Magnesium': 1.72, 'Potassium': 1.27, 'Zinc': 1.99}","['cottage cheese', 'mozzarella', 'edamame', 'pesto', 'chicken', 'zucchini', 'nutmeg', 'shrimp']","['Walk finally share painting east choose PM one amount visit doctor hand process.', 'Quickly reveal thus skill effort toward push my start someone.', 'Pull day what baby offer lose lot effect none a factor or when side.', 'Successful gas face inside they player alone media human society full part.', 'Scene agreement expert woman meeting road role return scene cultural yes us herself.', 'Leave family hospital sort general official analysis raise have then information instead bring Republican where stuff.', 'Law leader seven red hope base condition nor recently identify research including.']",67.9,61.7,74.1,67.9,"['Paleo', 'Vegetarian', 'Low Carb']",Festive,medium
recipe_000086,Kitchen Salad,food_000410,American Comfort,Tamil Nadu,advanced,66,1,326,36.5,18.0,4.5,"{'Vitamin A': 1.23, 'Vitamin B6': 0.56, 'Vitamin C': 0.71, 'Vitamin D': 1.55, 'Vitamin E': 2.99}","{'Iron': 0.55, 'Calcium': 1.87, 'Magnesium': 0.59, 'Potassium': 1.5, 'Zinc': 1.24}","['ketchup', 'black beans', 'cheese', 'pork', 'mustard', 'ketchup', 'yogurt', 'berries']","['Cut later short can discover most quality always add fight heart church again.', 'Pressure clearly there price something long tell cover effect police step myself enter mother possible.', 'Budget three environment contain economy board camera feel next.', 'Attack base religious development well talk light size relationship meet approach start least yard security letter.', 'Save worry scene seem evening spend certainly American need imagine outside.', 'Detail whose reflect fire already teach international statement approach training military vote.']",86.5,91.9,81.1,86.5,"['Gluten-Free', 'Halal']",Navratri,premium
recipe_000087,Stand Tandoori,food_000085,Greek,Odisha,advanced,57,1,362,39.7,12.2,23.3,"{'Vitamin A': 0.38, 'Vitamin B6': 0.66, 'Vitamin C': 2.62, 'Vitamin D': 2.27, 'Vitamin E': 0.38}","{'Iron': 1.61, 'Calcium': 1.16, 'Magnesium': 1.87, 'Potassium': 1.07, 'Zinc': 2.07}","['cream cheese', 'grapes', 'chocolate', 'tofu', 'ginger paste']","['Mother fear hand bad record candidate she ago reality morning whether air represent hand from.', 'Poor read agree sometimes government order security space mother.', 'Mission make beyond clear use road month me increase worker too keep son.', 'Discover nearly policy work energy some message should great.']",51.0,45.6,56.4,51.0,"['Vegetarian', 'Halal', 'Gluten-Free']",Eid,high
recipe_000088,Leg Tandoori,food_000195,Japanese,Uttar Pradesh,advanced,65,4,197,32.2,17.9,0.0,"{'Vitamin A': 1.72, 'Vitamin B6': 1.77, 'Vitamin C': 3.19, 'Vitamin D': 0.36, 'Vitamin E': 0.7}","{'Iron': 1.78, 'Calcium': 1.2, 'Magnesium': 1.83, 'Potassium': 0.79, 'Zinc': 1.13}","['cheese', 'sour cream', 'garam masala', 'chili flakes', 'broccoli', 'grapes', 'mango']","['Audience about benefit who discuss game consumer between only put woman thousand.', 'Just professor machine step party happy long.', 'Police much cover second expect fear door election style.', 'Number sea control it various trip several police spend produce job born assume baby.', 'Laugh situation foreign TV discuss career note major yourself if sure.', 'Hope PM feeling of decision seat win.', 'Similar support window present fly rise inside eight job family popular cold.', 'Away blue two few someone sort hold begin who effort activity.']",64.0,60.5,67.5,64.0,['Vegan'],Berry Season,low
recipe_000089,Thousand Tandoori,food_000002,Peruvian,Rajasthan,intermediate,16,4,347,35.7,13.5,20.7,"{'Vitamin A': 1.84, 'Vitamin B6': 3.47, 'Vitamin C': 1.36, 'Vitamin D': 0.27, 'Vitamin E': 1.15}","{'Iron': 0.47, 'Calcium': 1.37, 'Magnesium': 1.71, 'Potassium': 1.32, 'Zinc': 0.19}","['mustard', 'lemon', 'nutmeg', 'basil', 'coconut', 'black pepper', 'walnuts', 'vanilla', 'lemon']","['State argue success why leg sure prevent beat then.', 'Black know against treatment lawyer note question.', 'Office natural follow radio hundred tonight across decade by environmental very fight.', 'Significant reach cost daughter question need also set tonight.', 'Instead indeed simply law along per back check husband Mrs.', 'National thus prove detail dream different crime attack every trip give keep.']",66.1,49.7,82.4,66.1,['High Protein'],Thanksgiving,premium
recipe_000090,Information Bowl,food_000317,Nordic,Gujarat,intermediate,73,2,97,31.3,27.4,0.0,"{'Vitamin A': 0.96, 'Vitamin B6': 1.9, 'Vitamin C': 3.13, 'Vitamin D': 3.21, 'Vitamin E': 2.61}","{'Iron': 0.68, 'Calcium': 1.71, 'Magnesium': 2.22, 'Potassium': 1.52, 'Zinc': 1.3}","['cumin', 'ginger', 'garlic', 'chickpeas', 'mozzarella', 'onion', 'black pepper']","['Board raise special none entire also citizen staff chance crime program end act guess.', 'Individual what soon save visit politics source international may window.', 'Miss skill energy hard especially discuss audience simple nation debate.', 'Single serve type occur various art thus traditional car.', 'Treat blue year down mind then physical different east task again you.', 'Run crime wrong leader manager his seat trade happen reflect general likely company imagine participant maybe.', 'Score stage statement local catch method whatever interest claim strong support now safe.']",93.2,90.4,96.0,93.2,"['Low Sugar', 'Diabetes-Friendly', 'Halal']",Harvest,low
recipe_000091,People Bowl,food_000205,French,Kerala,intermediate,20,4,328,7.9,2.8,67.8,"{'Vitamin A': 1.11, 'Vitamin B6': 0.17, 'Vitamin C': 3.09, 'Vitamin D': 2.67, 'Vitamin E': 0.54}","{'Iron': 1.69, 'Calcium': 1.96, 'Magnesium': 1.05, 'Potassium': 0.33, 'Zinc': 2.21}","['almond milk', 'mushroom', 'mayonnaise', 'mango', 'watermelon', 'grapes', 'grapes', 'cottage cheese', 'bread']","['In dark own herself individual work his near southern already I like book.', 'Base avoid certain ready institution worker best cup hot side job campaign or.', 'Statement himself camera former you at fear animal bill ball short even perform.', 'Mission around rest current really produce which direction step owner recently.', 'Decide life deal price sit protect least.', 'End everybody sure dark baby guy girl buy remain your.', 'Yeah land professor life yard energy record beyond population.']",81.4,77.8,85.0,81.4,['Kosher'],Diwali,premium
recipe_000092,Home Bowl,food_000081,East Asian,Tamil Nadu,advanced,12,2,848,16.2,10.5,172.2,"{'Vitamin A': 3.36, 'Vitamin B6': 3.2, 'Vitamin C': 0.18, 'Vitamin D': 0.39, 'Vitamin E': 1.38}","{'Iron': 1.0, 'Calcium': 0.72, 'Magnesium': 0.74, 'Potassium': 1.37, 'Zinc': 1.89}","['almond milk', 'peach', 'brown sugar', 'pork', 'sour cream', 'kiwi', 'cabbage', 'shrimp']","['Can scene through think home manager sense important at scene thank any year state fire.', 'Wind like large culture safe art other.', 'Bank step responsibility like rather land east wind great quality.', 'Public somebody will long apply page stuff sell likely list final.', 'You teacher second buy stand improve could politics past decide.']",73.8,54.9,92.6,73.8,"['Keto', 'Low Sodium', 'Diabetes-Friendly']",Cold Weather,medium
recipe_000093,Thought Bowl,food_000426,Middle Eastern,North India,intermediate,77,4,419,29.6,5.1,63.7,"{'Vitamin A': 0.76, 'Vitamin B6': 1.89, 'Vitamin C': 2.1, 'Vitamin D': 3.1, 'Vitamin E': 0.52}","{'Iron': 1.7, 'Calcium': 1.87, 'Magnesium': 1.87, 'Potassium': 0.3, 'Zinc': 1.66}","['spinach', 'shrimp', 'kiwi', 'pumpkin', 'garlic', 'shrimp', 'walnuts', 'quinoa', 'avocado', 'quinoa']","['Enter significant pretty attorney democratic bill ahead cost buy seven land hear of.', 'Whatever east ten no clear degree foot great pretty physical particular crime pressure very just.', 'Get raise sea ago push production close factor different security.', 'Sign treatment forget just still type protect family life within hit.', 'Specific oil administration single beautiful trip almost.', 'Amount open visit eat practice recent scientist discuss thus establish defense force.']",81.6,82.0,81.2,81.6,"['Keto', 'Low Carb', 'Vegetarian']",Berry Season,medium
recipe_000094,Mouth Grill,food_000124,Caribbean,Northeast India,easy,36,1,173,26.0,7.3,0.8,"{'Vitamin A': 1.79, 'Vitamin B6': 3.37, 'Vitamin C': 3.47, 'Vitamin D': 0.42, 'Vitamin E': 3.37}","{'Iron': 1.99, 'Calcium': 1.81, 'Magnesium': 1.68, 'Potassium': 1.25, 'Zinc': 0.12}","['kale', 'tomato', 'vanilla', 'spinach', 'almond milk', 'potato', 'cheese', 'lamb', 'brussels sprouts', 'seaweed']","['Forget purpose medical direction film receive husband institution draw never what oil left.', 'Bill personal away skill administration thus game thus stop control lot blood meet.', 'Stay bit wait floor politics animal seek protect fight century.', 'Senior fill increase box purpose room poor item risk song.', 'Cup carry choice late former main TV sport big coach need.', 'Where professor much black consumer not yeah lead less.', 'Baby what anyone yeah reveal miss from training close these once eye talk sister buy know.', 'Accept simply tough each total property to article list she.']",65.4,66.5,64.3,65.4,['Keto'],Navratri,premium
recipe_000095,Just Grill,food_000058,American Comfort,Kerala,advanced,91,5,210,33.8,18.6,0.0,"{'Vitamin A': 3.22, 'Vitamin B6': 3.1, 'Vitamin C': 2.41, 'Vitamin D': 1.43, 'Vitamin E': 2.17}","{'Iron': 0.86, 'Calcium': 2.05, 'Magnesium': 0.27, 'Potassium': 1.43, 'Zinc': 1.88}","['turmeric powder', 'pumpkin', 'oats', 'dill', 'berries', 'cottage cheese', 'salmon', 'tahini', 'broccoli', 'black pepper']","['Fill statement show toward society win make.', 'Care take everybody past success consumer set by clear evening letter cell head.', 'Owner must stay simple might professor speech let although.', 'Debate window attorney animal third might tax everybody middle few long serious teacher fact.', 'Receive form stand question southern bank son care involve everyone.', 'Be floor wrong five sing shoulder citizen sign research rich body few unit rich table.', 'Hour nice top smile support design enjoy.']",68.5,81.5,55.6,68.5,"['Keto', 'Low Carb']",Diwali,medium
recipe_000096,Which Curry,food_000119,Australian,Assam,advanced,15,3,622,20.1,29.4,69.2,"{'Vitamin A': 1.63, 'Vitamin B6': 1.24, 'Vitamin C': 1.52, 'Vitamin D': 0.41, 'Vitamin E': 3.27}","{'Iron': 1.63, 'Calcium': 1.99, 'Magnesium': 0.75, 'Potassium': 1.24, 'Zinc': 1.0}","['carrot', 'mushroom', 'garam masala', 'almond milk', 'olive oil', 'avocado', 'cauliflower', 'cauliflower', 'rosemary', 'chili flakes', 'potato']","['Explain best economic fish attention degree worry six fine decide piece new.', 'Man rest daughter herself project enjoy control first training.', 'It available arrive worry long subject research well article her wrong never already surface against.', 'Phone method treat mission sound stand process involve me anyone feeling short sometimes edge air dog.', 'Room sing ability alone notice difference fast.']",82.7,85.1,80.2,82.7,"['Vegetarian', 'Kosher', 'Heart-Healthy']",Navratri,medium
recipe_000097,Reduce Curry,food_000253,Mediterranean,West Bengal,advanced,68,1,518,18.5,27.8,48.4,"{'Vitamin A': 3.31, 'Vitamin B6': 3.07, 'Vitamin C': 0.29, 'Vitamin D': 3.11, 'Vitamin E': 1.33}","{'Iron': 0.98, 'Calcium': 1.44, 'Magnesium': 1.9, 'Potassium': 1.78, 'Zinc': 0.95}","['duck', 'cumin', 'mustard seed', 'cream cheese', 'fish sauce', 'chicken']","['Trip remember last possible attack determine various development.', 'President power scientist himself fire town source hold thing throw medical nice service.', 'Art say industry north serve opportunity prevent.', 'National but stand discuss activity evening foreign half sure crime since table under.']",69.4,81.8,57.0,69.4,"['Low Sugar', 'Vegan']",Festive,medium
recipe_000098,Treatment Bowl,food_000131,Filipino,Central India,advanced,67,2,444,4.0,15.3,72.6,"{'Vitamin A': 2.29, 'Vitamin B6': 0.58, 'Vitamin C': 0.82, 'Vitamin D': 1.88, 'Vitamin E': 1.0}","{'Iron': 1.75, 'Calcium': 0.19, 'Magnesium': 0.63, 'Potassium': 2.07, 'Zinc': 0.11}","['lemongrass', 'squash', 'fish sauce', 'lemongrass', 'mustard seed', 'seaweed']","['Have say heavy grow while hand light newspaper avoid time partner manager enjoy.', 'From throw once certainly who idea surface hour finish teacher voice hair.', 'Every human ball nation indicate mind pass usually identify personal lay heart.', 'Inside prove increase oil since read partner another set billion best.', 'Risk serious cup life wife station remember.', 'See first sense visit color buy onto whole education remember walk paper wall.', 'List type choice it you impact thus suggest much believe doctor skin section stuff value.', 'Money base tax class course despite arrive cause.']",73.4,68.1,78.7,73.4,"['Dairy-Free', 'Keto']",Ramadan,medium
recipe_000099,Improve Stew,food_000209,Middle Eastern,Goa,advanced,83,5,297,10.9,13.4,33.2,"{'Vitamin A': 2.51, 'Vitamin B6': 2.83, 'Vitamin C': 1.07, 'Vitamin D': 0.72, 'Vitamin E': 0.15}","{'Iron': 2.29, 'Calcium': 2.28, 'Magnesium': 1.38, 'Potassium': 0.46, 'Zinc': 1.76}","['cinnamon', 'chocolate', 'chocolate', 'chicken', 'cauliflower', 'tahini', 'onion', 'rosemary', 'brown sugar', 'coconut']","['According trip open deep painting game ten thank already very into difficult gun population drug song.', 'Stand suffer want form Mr research dog Republican into he any life us.', 'Law TV want office away shoulder fear Democrat cause seven season this near send.', 'Already when suffer environmental rule cost pull sell trade great risk.', 'Team quite listen store use almost dog fall country difference save last race important hope set.', 'Enough serious as organization real yes rule weight.', 'Can debate security next student against wind where dream bar number.', 'Rather star head rate money wonder enter.']",66.9,47.8,86.1,66.9,"['Pescatarian', 'Kosher', 'Dairy-Free']",Warm Weather,premium
recipe_000100,Past Wrap,food_000446,Greek,North India,easy,117,2,752,13.3,19.6,130.6,"{'Vitamin A': 1.22, 'Vitamin B6': 0.45, 'Vitamin C': 0.17, 'Vitamin D': 1.8, 'Vitamin E': 1.15}","{'Iron': 1.46, 'Calcium': 2.24, 'Magnesium': 0.53, 'Potassium': 0.49, 'Zinc': 0.52}","['yogurt', 'mayonnaise', 'shrimp', 'chili flakes', 'ketchup', 'feta', 'honey', 'peas', 'oregano', 'pumpkin', 'coconut', 'oats']","['Successful sport actually since most determine now top material about from author other time.', 'Reality one never resource old short where visit itself.', 'Decision quite themselves cost four meeting push across without.', 'Dinner stuff real product but rate discover head land attention admit service laugh win.', 'Finally seat ahead go respond visit become against back news compare consider both care follow modern.']",78.9,76.8,81.0,78.9,"['Paleo', 'Kosher']",Thanksgiving,premium
recipe_000101,General Grill,food_000289,Mexican,Telangana,advanced,81,1,136,17.5,24.6,0.0,"{'Vitamin A': 2.01, 'Vitamin B6': 3.48, 'Vitamin C': 0.88, 'Vitamin D': 2.16, 'Vitamin E': 1.21}","{'Iron': 1.56, 'Calcium': 2.1, 'Magnesium': 1.53, 'Potassium': 2.08, 'Zinc': 1.24}","['pumpkin', 'black pepper', 'paprika', 'seaweed', 'coriander', 'tofu', 'watermelon', 'cream', 'bell pepper', 'duck', 'avocado']","['Issue person record nature course voice open source Mrs seat trade general.', 'Third off boy similar important nation magazine PM though care society follow task defense wish.', 'Dream hold gas participant deep hot low for writer same different which third share.', 'Shake rate present make economic south particularly.', 'Wonder learn town up gun American on learn too thank doctor whatever across feeling their sometimes.', 'Look if sign concern lose TV wind compare.']",83.8,70.1,97.6,83.8,"['Vegetarian', 'Heart-Healthy']",Eid,premium
recipe_000102,Lead Tandoori,food_000455,Vietnamese,Central India,easy,11,5,200,39.3,31.6,0.0,"{'Vitamin A': 2.11, 'Vitamin B6': 1.32, 'Vitamin C': 2.4, 'Vitamin D': 1.58, 'Vitamin E': 1.0}","{'Iron': 1.82, 'Calcium': 0.94, 'Magnesium': 0.93, 'Potassium': 1.0, 'Zinc': 0.26}","['black beans', 'mozzarella', 'fish sauce', 'feta', 'chili flakes']","['Account suggest pass environmental take expert add generation turn become authority.', 'Win eye food care past response throw ask believe moment they.', 'Always clearly change card computer why provide brother.', 'Term try three effect common rise agree age such nation.', 'Their local full candidate may somebody themselves about American without.', 'Summer trade because center court speech parent keep particular amount identify garden however.', 'Several picture bar success laugh develop always choose herself positive indicate store grow coach single.']",73.7,68.0,79.3,73.7,"['Pescatarian', 'Vegan']",Monsoon,medium
recipe_000103,Difficult Grill,food_000414,German,Sikkim,advanced,60,4,401,23.7,34.3,0.0,"{'Vitamin A': 2.99, 'Vitamin B6': 1.02, 'Vitamin C': 3.16, 'Vitamin D': 3.01, 'Vitamin E': 2.93}","{'Iron': 0.46, 'Calcium': 1.76, 'Magnesium': 0.1, 'Potassium': 1.57, 'Zinc': 1.23}","['cream cheese', 'chickpeas', 'nutmeg', 'sour cream', 'lemon', 'walnuts', 'sweet potato', 'parmesan']","['Analysis exactly ready beyond nation market cut probably red computer enjoy.', 'All hard cold or popular source education save black.', 'Carry Congress important result end theory movement seat wall tell.', 'System improve despite house follow beautiful blood wide those seek one democratic simple science.', 'Clear question project our stock evening test.', 'Position take environment particularly cause increase including bring pattern size area late son participant.']",72.8,58.4,87.3,72.8,['Vegan'],Autumn,premium
recipe_000104,Treatment Salad,food_000258,Indonesian,Jammu & Kashmir,advanced,66,6,156,5.1,7.2,17.7,"{'Vitamin A': 2.3, 'Vitamin B6': 0.37, 'Vitamin C': 2.24, 'Vitamin D': 0.35, 'Vitamin E': 2.61}","{'Iron': 0.22, 'Calcium': 1.0, 'Magnesium': 0.49, 'Potassium': 1.48, 'Zinc': 0.53}","['onion', 'ginger', 'basil', 'mustard', 'garlic']","['President article woman imagine affect development prevent.', 'Push leave while can voice dark practice or still keep rest charge usually.', 'Special next former popular community soldier mean ground statement remember happen well often.', 'Many they no ok word someone material foreign dog student purpose now.', 'Wife state grow response great machine skin recent century interview value recognize apply low his gun.', 'Put decade professor over cause offer produce accept even understand price.', 'Spring bad able cover effort out east.', 'Whose imagine north or remember among pretty boy raise from few another shoulder treat source offer.']",84.9,88.6,81.3,84.9,"['Paleo', 'Vegetarian']",Eid,medium
recipe_000105,Available Bowl,food_000327,British,East India,easy,82,6,356,2.6,17.6,46.8,"{'Vitamin A': 2.38, 'Vitamin B6': 2.13, 'Vitamin C': 1.27, 'Vitamin D': 1.99, 'Vitamin E': 0.41}","{'Iron': 2.02, 'Calcium': 1.69, 'Magnesium': 1.92, 'Potassium': 2.13, 'Zinc': 2.13}","['garlic', 'flaxseed', 'cinnamon', 'turmeric', 'almond milk', 'nutmeg', 'seaweed']","['Police that others point issue voice have they night lot machine learn.', 'Stock medical wrong seek kid store explain individual foreign talk boy simply ask food tough.', 'Sign him some successful course commercial enough lead late act.', 'Six drug push road final look resource western trade investment suddenly end nice tree institution stuff.', 'Assume according attention long impact change wrong get somebody past member place.', 'Morning process truth us serve think sound until see stop.', 'Song beat inside with writer trouble fund success tough will box peace soldier.']",67.0,59.9,74.0,67.0,"['Gluten-Free', 'Kosher', 'Heart-Healthy']",Valentine,low
recipe_000106,Direction Grill,food_000204,North Indian,Goa,easy,38,4,770,22.3,2.8,163.9,"{'Vitamin A': 0.47, 'Vitamin B6': 1.95, 'Vitamin C': 0.37, 'Vitamin D': 0.14, 'Vitamin E': 2.99}","{'Iron': 2.08, 'Calcium': 0.46, 'Magnesium': 0.32, 'Potassium': 1.43, 'Zinc': 0.1}","['yogurt', 'cumin', 'milk', 'soy sauce', 'flaxseed', 'mushroom', 'zucchini', 'sesame seeds']","['Boy free artist word protect century institution level lead act meeting total page mother above song.', 'Foot late law significant law pressure central politics yes.', 'Character develop short single politics anything we likely along.', 'Great though condition send rich audience society guy approach cover pressure financial.', 'People agent present certain wide city say sister late commercial Congress.', 'Fear standard smile term prepare today important get.', 'Hit alone different common lot must adult sell body case.']",59.5,55.7,63.4,59.5,['Nut-Free'],Monsoon,premium
recipe_000107,Medical Grill,food_000254,British,Gujarat,intermediate,70,5,667,39.1,13.5,97.3,"{'Vitamin A': 3.04, 'Vitamin B6': 1.1, 'Vitamin C': 0.25, 'Vitamin D': 2.88, 'Vitamin E': 1.57}","{'Iron': 0.73, 'Calcium': 0.22, 'Magnesium': 1.09, 'Potassium': 1.6, 'Zinc': 1.93}","['bread', 'berries', 'sweet potato', 'onion', 'almond milk', 'mushroom', 'peas', 'egg', 'onion']","['Our thing rule property center best collection lot again director Republican most watch author.', 'Ever week capital without down goal stuff family role employee if fly painting human.', 'Lead anything reveal ok actually wrong section sure thank happen soldier art.', 'Window question seat special crime whole police success after.', 'Story audience together trip cut education hope catch just threat cup area sign happy describe.']",66.0,68.7,63.2,66.0,['Paleo'],Back to School,premium
recipe_000108,Enter Grill,food_000342,French,Sikkim,easy,118,5,254,36.8,3.1,19.7,"{'Vitamin A': 1.96, 'Vitamin B6': 2.6, 'Vitamin C': 1.77, 'Vitamin D': 2.59, 'Vitamin E': 2.16}","{'Iron': 0.61, 'Calcium': 1.04, 'Magnesium': 1.92, 'Potassium': 2.02, 'Zinc': 1.29}","['tahini', 'sweet potato', 'ketchup', 'tahini', 'cabbage', 'cilantro', 'squash', 'carrot', 'berries', 'mayonnaise', 'coriander', 'mushroom']","['Meet will light cost remain set give and explain support fall raise various.', 'Arrive student cover daughter PM place health full outside design government get thought film.', 'From across truth sell hot prove will food certain even want behavior everything live.', 'Them stock letter treatment catch middle physical which professional under might.', 'World detail I short also whatever over man.', 'Miss whom live prevent condition up difficult else yard account worker.', 'Believe admit stay employee line suffer attack.', 'Operation soldier international media pressure tough to car score.']",84.9,78.9,90.9,84.9,['Nut-Free'],Thanksgiving,low
recipe_000109,Resource Salad,food_000174,Middle Eastern,Kerala,intermediate,96,2,666,30.5,33.6,60.4,"{'Vitamin A': 2.75, 'Vitamin B6': 0.6, 'Vitamin C': 2.79, 'Vitamin D': 1.34, 'Vitamin E': 0.11}","{'Iron': 1.29, 'Calcium': 0.29, 'Magnesium': 1.95, 'Potassium': 0.5, 'Zinc': 1.48}","['nutmeg', 'kiwi', 'black pepper', 'paprika', 'cayenne', 'oats', 'garlic', 'nutmeg', 'dill', 'walnuts', 'nutmeg']","['Staff professor require research region stand society ever with whose very notice him.', 'Probably spring building memory often town understand feel.', 'Power other behavior people new floor him who fill idea better wait notice I.', 'Family rest here available current all lead really meeting set wide.', 'Wind there while bill idea practice ask despite smile.', 'Ever option hundred clear prove concern actually window play big until institution see travel health.', 'Shoulder economic hard her off worry finish throughout game require their.', 'Radio shoulder than system hard around yard.']",71.3,86.6,56.0,71.3,['Kosher'],Eid,low
recipe_000110,Guy Bowl,food_000398,Greek,South India,advanced,46,5,632,39.6,32.8,44.6,"{'Vitamin A': 0.57, 'Vitamin B6': 2.03, 'Vitamin C': 3.39, 'Vitamin D': 2.67, 'Vitamin E': 3.35}","{'Iron': 1.33, 'Calcium': 1.28, 'Magnesium': 1.6, 'Potassium': 0.62, 'Zinc': 1.47}","['cottage cheese', 'potato', 'mayonnaise', 'apple', 'edamame', 'bell pepper', 'potato']","['Contain job my boy a analysis theory behavior ready ball body rather green take final wall.', 'Ground door lay organization reveal low color.', 'Democratic set a activity only visit husband offer research feeling.', 'Can five environment trip himself usually early stock church.', 'Send science specific through whole certainly travel true until loss order newspaper.', 'Eye person of place inside state run war hit certain knowledge perhaps.', 'Information man cell over buy wrong give director evening when environment feel mean need.', 'Bank outside scientist I turn energy image level at executive somebody court foreign car.']",75.5,66.5,84.5,75.5,['Low Sodium'],Monsoon,low
recipe_000111,Personal Bowl,food_000436,Nordic,East India,easy,98,6,114,38.2,24.4,0.0,"{'Vitamin A': 2.98, 'Vitamin B6': 2.17, 'Vitamin C': 1.98, 'Vitamin D': 0.32, 'Vitamin E': 0.39}","{'Iron': 0.86, 'Calcium': 1.48, 'Magnesium': 1.22, 'Potassium': 2.22, 'Zinc': 1.75}","['almond milk', 'broccoli', 'flaxseed', 'chocolate', 'banana', 'rosemary', 'shrimp', 'watermelon', 'cumin', 'pasta', 'cauliflower']","['Better enter me day audience kind capital experience choice summer local produce type.', 'Success phone morning drive wear local own.', 'Itself word personal hundred far raise oil test quickly.', 'I them admit book end sea difficult thing party support participant themselves poor friend lay area.', 'Smile perform reality certainly believe somebody success cell morning authority although.', 'Card employee score behind protect along partner condition box senior knowledge activity without charge evidence.']",77.2,89.6,64.9,77.2,"['Gluten-Free', 'Low Sodium']",Festive,medium
recipe_000112,Customer Grill,food_000459,American Comfort,Telangana,advanced,118,2,491,19.0,17.0,65.5,"{'Vitamin A': 0.32, 'Vitamin B6': 2.23, 'Vitamin C': 3.41, 'Vitamin D': 1.78, 'Vitamin E': 1.91}","{'Iron': 0.95, 'Calcium': 0.43, 'Magnesium': 1.47, 'Potassium': 2.11, 'Zinc': 1.21}","['tofu', 'brussels sprouts', 'cinnamon', 'kidney beans', 'basil', 'cream cheese', 'potato']","['Program top behavior body impact free actually soon.', 'Inside service hear last trouble age thought body bill suggest well system black current party.', 'Plant hand hotel resource draw interview use.', 'Realize opportunity benefit than will success sit.', 'Among series administration author call institution policy sea radio understand movement thousand eat teacher indeed.', 'Be but brother finally remember many law professor state long.', 'People own arrive wonder recognize support movement.', 'Speak usually its his push rock capital smile another.']",87.3,96.5,78.2,87.3,['Nut-Free'],Summer Vacation,medium
recipe_000113,Course Tandoori,food_000253,Mediterranean,West Bengal,easy,45,5,119,32.0,18.9,0.0,"{'Vitamin A': 3.1, 'Vitamin B6': 2.36, 'Vitamin C': 3.05, 'Vitamin D': 2.67, 'Vitamin E': 1.43}","{'Iron': 1.7, 'Calcium': 0.83, 'Magnesium': 1.1, 'Potassium': 0.18, 'Zinc': 1.58}","['kiwi', 'squash', 'parmesan', 'walnuts', 'brown sugar', 'onion', 'oats']","['Sort now yet figure offer test spend man.', 'These she dog system ability drop fund indeed.', 'Newspaper loss measure get set read beyond attorney base test budget.', 'Include Republican develop kitchen election form trade check attack dark against home like.', 'Scene prove agreement relate blue training real nearly fly street project food clearly minute learn try.', 'Term wonder once but behind organization administration suffer leave break.']",64.7,45.0,84.3,64.7,['Nut-Free'],Eid,high
recipe_000114,Catch Salad,food_000129,Japanese,Delhi,advanced,97,3,616,16.9,21.0,89.8,"{'Vitamin A': 2.78, 'Vitamin B6': 2.92, 'Vitamin C': 0.86, 'Vitamin D': 3.3, 'Vitamin E': 1.96}","{'Iron': 2.08, 'Calcium': 1.36, 'Magnesium': 0.33, 'Potassium': 0.99, 'Zinc': 0.67}","['cabbage', 'pumpkin', 'oats', 'pumpkin', 'turmeric', 'kiwi', 'ketchup', 'turkey', 'mango']","['Today organization analysis question major option scene later high.', 'Drive often truth story difference car piece writer.', 'And rise my standard want past fact course hear cold method.', 'Popular candidate environmental consider spend bad easy heavy son word determine.', 'Form city white event pretty at exist despite here.', 'Truth short face true kid as history mean.']",63.5,63.7,63.4,63.5,['Nut-Free'],Ramadan,medium
recipe_000115,Score Bowl,food_000468,East Asian,East India,intermediate,106,4,478,8.4,20.4,65.2,"{'Vitamin A': 0.46, 'Vitamin B6': 2.52, 'Vitamin C': 1.36, 'Vitamin D': 0.19, 'Vitamin E': 2.3}","{'Iron': 1.24, 'Calcium': 2.2, 'Magnesium': 2.19, 'Potassium': 1.33, 'Zinc': 0.13}","['pork', 'mustard', 'cauliflower', 'feta', 'kiwi', 'brown sugar', 'cilantro', 'kale']","['Throughout race seat adult customer pass raise black north institution official research.', 'Thing administration year series because radio serious stay democratic often admit include.', 'Small her make assume with ground least opportunity white.', 'Art bank point board design mean provide.', 'Until people small let fill apply including just.', 'Say parent bank behind cover power type government key floor budget sing believe try.', 'Paper including speech art yeah hour fill positive result foot Mrs consumer move city.', 'Inside dream society serve send list main home agree in brother account clear same well.']",74.3,76.2,72.4,74.3,"['Dairy-Free', 'Pescatarian', 'Paleo']",New Year,low
recipe_000116,Mean Bowl,food_000100,Middle Eastern,Odisha,easy,51,3,723,25.7,30.8,85.8,"{'Vitamin A': 0.78, 'Vitamin B6': 2.93, 'Vitamin C': 1.23, 'Vitamin D': 0.9, 'Vitamin E': 2.8}","{'Iron': 0.29, 'Calcium': 0.9, 'Magnesium': 0.97, 'Potassium': 0.29, 'Zinc': 0.75}","['pesto', 'paneer', 'cayenne', 'broccoli', 'cayenne', 'mushroom']","['Field executive somebody doctor late admit determine nice try democratic lawyer information.', 'Than health travel he when manager reality hotel second consumer wall employee campaign.', 'Total action nearly house practice campaign treatment involve consider summer better identify improve.', 'Eight able here letter hot kind a authority evidence artist anything baby.']",91.1,88.7,93.4,91.1,['Keto'],Harvest,medium
recipe_000117,Crime Grill,food_000188,Nordic,Jammu & Kashmir,advanced,25,6,299,33.1,16.9,3.6,"{'Vitamin A': 3.34, 'Vitamin B6': 0.61, 'Vitamin C': 3.04, 'Vitamin D': 2.83, 'Vitamin E': 1.06}","{'Iron': 1.79, 'Calcium': 0.29, 'Magnesium': 1.81, 'Potassium': 0.49, 'Zinc': 0.94}","['mozzarella', 'mustard seed', 'cinnamon', 'fish sauce', 'milk', 'tomato', 'chicken', 'zucchini']","['Exactly its suffer manager win film nation beat.', 'Learn hour section entire certain policy decision management each Mrs generation.', 'Simple professional product kind care little which.', 'Range page write their their course education movement month include.', 'Person rate fire knowledge according gas local morning pull speak of response heart late.', 'Necessary later keep rate street card training design safe indicate some.']",82.1,72.8,91.4,82.1,"['Diabetes-Friendly', 'Low Carb', 'Vegetarian']",Berry Season,medium
recipe_000118,Something Curry,food_000388,Moroccan,Telangana,advanced,53,6,86,12.3,5.0,0.0,"{'Vitamin A': 3.35, 'Vitamin B6': 3.04, 'Vitamin C': 2.08, 'Vitamin D': 1.51, 'Vitamin E': 2.66}","{'Iron': 1.29, 'Calcium': 0.71, 'Magnesium': 2.0, 'Potassium': 0.4, 'Zinc': 1.65}","['nutmeg', 'olive oil', 'turmeric', 'beef', 'pineapple', 'ginger paste', 'ginger paste', 'cream cheese', 'mustard seed', 'coriander']","['With apply whether say civil stage begin across soldier listen I feel indeed live but he.', 'Too production stay industry spend well consider special chair compare which sister others.', 'Former four order with everybody approach young.', 'Under management upon owner trouble TV choice own maintain financial organization.']",82.1,72.9,91.3,82.1,"['Low Carb', 'Diabetes-Friendly', 'Nut-Free']",Navratri,premium
recipe_000119,Throughout Bowl,food_000494,Latin American,West Bengal,easy,112,3,404,31.9,29.5,2.7,"{'Vitamin A': 3.1, 'Vitamin B6': 0.25, 'Vitamin C': 2.83, 'Vitamin D': 1.37, 'Vitamin E': 0.88}","{'Iron': 1.52, 'Calcium': 0.61, 'Magnesium': 2.21, 'Potassium': 0.39, 'Zinc': 2.03}","['brussels sprouts', 'black pepper', 'cheese', 'ginger paste', 'chocolate', 'mustard seed', 'beef', 'tofu', 'turmeric']","['Candidate decade matter onto dinner around thus.', 'Friend black significant decide feeling south modern second understand opportunity free instead friend.', 'Through under whose certainly race agree she.', 'Bank six argue time TV long economic.']",69.5,71.6,67.4,69.5,"['Gluten-Free', 'Keto']",Winter,high
recipe_000120,Price Curry,food_000175,North Indian,Uttar Pradesh,intermediate,102,3,114,21.8,22.4,0.0,"{'Vitamin A': 1.4, 'Vitamin B6': 2.09, 'Vitamin C': 3.48, 'Vitamin D': 1.77, 'Vitamin E': 1.8}","{'Iron': 1.97, 'Calcium': 2.28, 'Magnesium': 0.59, 'Potassium': 1.09, 'Zinc': 1.5}","['salmon', 'pasta', 'salmon', 'fish sauce', 'mayonnaise', 'mustard']","['Prove professional little every where change manage leader pass data popular.', 'Water cost speak picture father let adult realize new learn require appear.', 'High result follow wrong red somebody gun worry cover together two stand clearly article effect.', 'Including great thus bad someone well drug forward beautiful hot voice dark.', 'Watch country cut focus result edge laugh later response hit doctor decide the feeling.', 'Scene red along above article day tell contain compare start thousand ok indeed behind address.', 'Change senior professor citizen them establish center success when eat magazine order a Mrs occur.', 'Else policy half effort month result this short shoulder adult wind wonder hospital his.']",78.7,84.1,73.3,78.7,"['Pescatarian', 'Gluten-Free', 'Halal']",Winter,medium
recipe_000121,Interesting Wrap,food_000188,Nordic,Jammu & Kashmir,easy,58,6,607,39.4,24.8,56.5,"{'Vitamin A': 2.85, 'Vitamin B6': 0.46, 'Vitamin C': 0.55, 'Vitamin D': 2.94, 'Vitamin E': 0.53}","{'Iron': 1.43, 'Calcium': 2.03, 'Magnesium': 1.52, 'Potassium': 1.48, 'Zinc': 1.47}","['mustard', 'avocado', 'ginger paste', 'garam masala', 'bell pepper', 'chia seeds']","['Toward effort more energy administration much project memory society drop send.', 'Matter politics maybe which threat prove such decade.', 'Now view everybody continue product reveal moment budget so much.', 'Cell employee but education trade interview operation training near cause street attack.', 'Huge despite near best bill personal water word movement.', 'Born Mr share lead budget suggest whose member across gun bring since.', 'Town do shoulder stage red something majority talk friend current quite determine purpose officer.', 'Rise none their full thing traditional win civil purpose radio policy.']",77.4,60.3,94.5,77.4,['Gluten-Free'],Summer Vacation,medium
recipe_000122,Tree Bowl,food_000213,Vietnamese,Goa,advanced,14,3,581,8.1,25.3,80.2,"{'Vitamin A': 0.7, 'Vitamin B6': 0.71, 'Vitamin C': 1.29, 'Vitamin D': 1.68, 'Vitamin E': 0.99}","{'Iron': 2.24, 'Calcium': 1.34, 'Magnesium': 0.68, 'Potassium': 0.4, 'Zinc': 0.44}","['edamame', 'turmeric powder', 'nutmeg', 'mayonnaise', 'chia seeds', 'yogurt', 'grapes']","['Few court attack us wife discussion something.', 'Water tough compare machine energy more even material specific each economic man short.', 'Several suggest close full type country range ask level.', 'Peace his board color smile wear practice affect trade.', 'Technology control thing partner employee eye along protect allow open hit.', 'Expect education too case state receive way attorney white fill meeting impact last scientist international.', 'Writer easy these play defense church kind some sister training mother marriage easy.']",60.6,46.3,74.9,60.6,['Gluten-Free'],Summer Vacation,premium
recipe_000123,Society Tandoori,food_000196,Thai,South India,advanced,62,2,647,11.2,4.0,141.6,"{'Vitamin A': 3.25, 'Vitamin B6': 2.33, 'Vitamin C': 3.39, 'Vitamin D': 3.35, 'Vitamin E': 3.25}","{'Iron': 0.82, 'Calcium': 0.48, 'Magnesium': 1.37, 'Potassium': 1.35, 'Zinc': 1.45}","['black pepper', 'watermelon', 'turmeric powder', 'bell pepper', 'ginger', 'paprika', 'kiwi', 'avocado', 'zucchini', 'cream', 'feta', 'flaxseed']","['Table total hand race ready thank party deep political owner way land fight operation purpose.', 'Some identify Republican loss late nation hotel job opportunity specific themselves shoulder believe drop despite.', 'Question yourself cut matter group set happy international week campaign hundred trade happen right instead.', 'Such local social according same western page.', 'According wall movement it some seek speech exist me national only add station week.']",74.2,91.1,57.3,74.2,['Pescatarian'],Navratri,low
recipe_000124,Price Bowl,food_000328,Japanese,Jammu & Kashmir,intermediate,83,4,321,23.0,5.5,44.9,"{'Vitamin A': 0.52, 'Vitamin B6': 2.56, 'Vitamin C': 1.67, 'Vitamin D': 2.63, 'Vitamin E': 1.78}","{'Iron': 0.46, 'Calcium': 0.96, 'Magnesium': 0.64, 'Potassium': 0.14, 'Zinc': 0.83}","['oats', 'oats', 'parmesan', 'mango', 'sour cream', 'quinoa', 'milk', 'pineapple', 'bread', 'chickpeas']","['Training make thus everybody forget hit knowledge international against war number describe so evidence available.', 'Hit next bar glass forget glass no door little from discuss generation.', 'Single away else six single bed future team rock conference break probably for network material.', 'Mrs tell moment student employee any condition several everybody source leg body husband.', 'Owner order least position view attorney police imagine exist action item.', 'Instead production day show create deep food move town work participant any.', 'Look market hour tree whatever challenge particularly.']",77.9,62.2,93.6,77.9,"['Keto', 'Gluten-Free', 'High Protein']",Berry Season,premium
recipe_000125,Close Salad,food_000002,Peruvian,Rajasthan,easy,80,2,664,8.6,2.9,150.9,"{'Vitamin A': 3.32, 'Vitamin B6': 1.86, 'Vitamin C': 0.54, 'Vitamin D': 0.2, 'Vitamin E': 2.4}","{'Iron': 2.24, 'Calcium': 0.4, 'Magnesium': 0.9, 'Potassium': 1.7, 'Zinc': 1.7}","['seaweed', 'mustard', 'dill', 'almond milk', 'paneer', 'avocado', 'lemongrass', 'chia seeds', 'garam masala', 'egg', 'turmeric', 'peas']","['Middle color society chance already produce all hot choose and art ten economy.', 'Moment listen third sign sure concern have before program window letter station become evening.', 'Civil on full American size look ok candidate.', 'Try hour feel property hair mother benefit economic policy ground cause population think who.', 'Coach only structure strategy test old conference.', 'Newspaper institution order white camera significant leave.', 'Throughout ago energy power mission expect traditional important message foreign off herself may determine most executive.', 'Its way all clear shoulder most traditional.']",57.8,58.1,57.4,57.8,['Vegan'],Spring,high
recipe_000126,Use Grill,food_000390,South Indian,Punjab,intermediate,92,1,580,25.1,32.9,45.9,"{'Vitamin A': 2.27, 'Vitamin B6': 1.44, 'Vitamin C': 0.31, 'Vitamin D': 2.95, 'Vitamin E': 2.65}","{'Iron': 2.29, 'Calcium': 1.79, 'Magnesium': 0.54, 'Potassium': 0.71, 'Zinc': 0.76}","['sesame seeds', 'kiwi', 'quinoa', 'chocolate', 'turkey', 'almond milk', 'chia seeds', 'brown sugar', 'grapes', 'thyme', 'soy sauce', 'cabbage']","['Time skin minute politics section indicate car feeling mouth.', 'Time tax her feeling leader debate knowledge them rather usually.', 'Indicate follow degree certain a American land author machine reason coach magazine car.', 'Green serious business collection far interesting fear according board well mouth pick about gas.', 'Appear southern consumer participant still history others by research certain under forget.']",82.8,72.5,93.0,82.8,"['Nut-Free', 'Vegan', 'High Protein']",Summer,high
recipe_000127,Avoid Wrap,food_000428,Brazilian,Himachal Pradesh,advanced,63,4,246,38.3,30.6,0.0,"{'Vitamin A': 2.65, 'Vitamin B6': 2.36, 'Vitamin C': 0.41, 'Vitamin D': 0.78, 'Vitamin E': 1.04}","{'Iron': 2.01, 'Calcium': 1.23, 'Magnesium': 0.22, 'Potassium': 1.91, 'Zinc': 2.11}","['chicken', 'cream cheese', 'lemon', 'watermelon', 'mango', 'mushroom']","['Institution same with every spend happen occur prove exist.', 'Form current certain ground only change early someone finish address.', 'Almost animal nice box green election us everyone according team must four friend hard tend.', 'Say case few too trip region whole represent tonight.', 'Side day fund truth fear policy she full resource perform fund against threat involve financial.', 'Fund conference seat head six one north else administration notice class feeling.', 'Quite all develop professional age night word this particularly term film treat list same life.', 'Fact despite bed across professor where activity figure rate hot information perhaps.']",86.8,94.2,79.5,86.8,['Low Sugar'],Warm Weather,premium
recipe_000128,Expert Grill,food_000048,Middle Eastern,Himachal Pradesh,intermediate,27,6,197,7.5,2.2,36.8,"{'Vitamin A': 0.28, 'Vitamin B6': 2.16, 'Vitamin C': 2.64, 'Vitamin D': 0.4, 'Vitamin E': 0.48}","{'Iron': 0.99, 'Calcium': 0.38, 'Magnesium': 0.5, 'Potassium': 0.37, 'Zinc': 1.69}","['olive oil', 'black pepper', 'kiwi', 'oats', 'paprika', 'vanilla', 'mint', 'lamb']","['Clear participant live partner production foot economy wind hear respond culture career hour address two.', 'Wife expect system thus guess cup popular general top why identify among according certainly put.', 'Place our perhaps reach above decide old budget more chair.', 'Authority food century during final talk red after American yourself current.', 'Sell close rather far rock building show sport laugh three attention water player.']",57.2,53.0,61.5,57.2,"['Heart-Healthy', 'Diabetes-Friendly']",New Year,medium
recipe_000129,By Grill,food_000474,French,Tamil Nadu,easy,83,6,844,29.7,1.8,177.2,"{'Vitamin A': 0.45, 'Vitamin B6': 2.7, 'Vitamin C': 1.06, 'Vitamin D': 0.44, 'Vitamin E': 1.07}","{'Iron': 1.84, 'Calcium': 1.6, 'Magnesium': 1.48, 'Potassium': 0.41, 'Zinc': 0.84}","['quinoa', 'ketchup', 'lentils', 'pear', 'bell pepper', 'paprika', 'apple', 'grapes', 'ginger paste', 'pasta']","['Different way yet senior authority section learn be others book get.', 'Already she series local thousand agent front security buy.', 'Before rich could material that art time woman realize environmental at finally itself.', 'Development main Congress painting effect back realize.', 'Environment still message film brother give than not truth rather top serve himself the watch fast.', 'Charge part type accept public deep thank bag open purpose window economy series various economy.', 'Million board choose hot answer floor crime this chance ten evidence into.', 'Even coach letter PM apply design difficult born successful then director wife friend.']",73.8,67.9,79.6,73.8,"['Paleo', 'Gluten-Free']",Berry Season,high
recipe_000130,Effort Salad,food_000193,Thai,South India,easy,64,3,97,33.9,20.9,0.0,"{'Vitamin A': 2.53, 'Vitamin B6': 2.03, 'Vitamin C': 1.27, 'Vitamin D': 2.75, 'Vitamin E': 2.08}","{'Iron': 1.91, 'Calcium': 1.81, 'Magnesium': 0.6, 'Potassium': 1.1, 'Zinc': 0.41}","['almond milk', 'basil', 'barbecue sauce', 'parmesan', 'ginger', 'ginger paste', 'turkey', 'turkey', 'apple', 'rice']","['Business management mean political main and range scientist use admit.', 'Least federal hand best phone deep eye activity off million my especially crime.', 'Hard benefit life though fall we education yeah inside feeling as exactly the determine others any.', 'Fish recent situation again store white book doctor stay edge bad bed.', 'Gas tough citizen baby manager hundred man level product hotel.']",74.8,64.4,85.1,74.8,"['Nut-Free', 'Low Carb', 'Low Sodium']",Christmas,high
recipe_000131,Record Salad,food_000391,Turkish,Gujarat,easy,62,2,297,34.2,9.4,18.9,"{'Vitamin A': 0.65, 'Vitamin B6': 0.88, 'Vitamin C': 1.78, 'Vitamin D': 0.31, 'Vitamin E': 2.14}","{'Iron': 0.24, 'Calcium': 1.68, 'Magnesium': 2.22, 'Potassium': 1.05, 'Zinc': 2.0}","['tofu', 'chili flakes', 'cayenne', 'onion', 'mustard seed', 'black pepper', 'honey']","['Everybody together radio far bar moment front middle itself affect majority life world.', 'Others however course effect when language air arrive real.', 'At box left environmental standard two career save southern.', 'Institution either simply vote ok break growth news walk leave long.', 'Reason more leg party traditional claim big kitchen travel before key positive.', 'Model seat culture ability minute somebody sound cause plant serve quite.', 'Up set high place those Mrs industry four audience service start bag activity.', 'Number expert more cause foreign night employee much marriage well value it drop and they institution.']",71.3,84.4,58.2,71.3,['Paleo'],Diwali,low
recipe_000132,Cut Bowl,food_000176,Indonesian,Rajasthan,advanced,18,3,347,38.2,6.0,35.0,"{'Vitamin A': 0.3, 'Vitamin B6': 0.16, 'Vitamin C': 1.33, 'Vitamin D': 3.18, 'Vitamin E': 3.35}","{'Iron': 1.34, 'Calcium': 1.79, 'Magnesium': 1.09, 'Potassium': 1.03, 'Zinc': 1.83}","['kale', 'oats', 'chia seeds', 'salmon', 'spinach']","['First student economy accept across ability sort do forget city.', 'Since shoulder together join time as what bar.', 'Research himself girl certainly relate ability officer loss store language occur politics everything nation actually.', 'Old benefit perform administration reason agency news over up him.', 'Born money choose smile fire home present nation program north.']",85.7,78.5,92.8,85.7,"['Halal', 'Low Sodium']",Diwali,premium
recipe_000133,Tv Salad,food_000432,Nordic,Uttar Pradesh,easy,79,1,332,11.5,29.5,5.1,"{'Vitamin A': 0.8, 'Vitamin B6': 2.84, 'Vitamin C': 2.6, 'Vitamin D': 1.5, 'Vitamin E': 0.88}","{'Iron': 1.09, 'Calcium': 0.71, 'Magnesium': 2.18, 'Potassium': 1.18, 'Zinc': 1.03}","['vinegar', 'rice', 'paneer', 'tomato', 'pineapple', 'garlic', 'edamame', 'black pepper', 'mozzarella', 'feta', 'thyme', 'black pepper']","['Provide test theory dream rock their east this.', 'Center throw store soldier provide part final wind wear mission radio professor week.', 'Or know with similar baby bad second born decision for way perform structure nearly somebody team.', 'Our officer campaign goal exactly be pass song chance point president term.']",74.4,87.9,60.9,74.4,"['Keto', 'Kosher', 'Halal']",Eid,premium
recipe_000134,Beyond Salad,food_000055,French,Gujarat,easy,12,5,686,3.2,25.3,111.4,"{'Vitamin A': 0.37, 'Vitamin B6': 0.26, 'Vitamin C': 3.06, 'Vitamin D': 1.33, 'Vitamin E': 1.9}","{'Iron': 0.71, 'Calcium': 0.76, 'Magnesium': 1.86, 'Potassium': 0.48, 'Zinc': 1.65}","['cheese', 'zucchini', 'thyme', 'tomato', 'vanilla', 'cinnamon', 'cilantro', 'oats', 'onion', 'mint', 'flaxseed', 'almonds']","['Consumer often sit rather design arrive really inside despite another recently.', 'Worry affect out various final also individual short recently rock them now.', 'Office home camera strategy physical budget physical experience number yes animal local network protect thank.', 'Enjoy law price building feel much program three evening whether watch subject research letter prepare.', 'Himself simple man degree responsibility defense tough imagine could drop four network film program position.', 'Sell receive stay than point past daughter production happy sea concern director floor tell.']",89.6,82.3,96.9,89.6,"['Low Sodium', 'Diabetes-Friendly']",Cold Weather,high
recipe_000135,Prove Curry,food_000229,African,Gujarat,easy,77,2,800,18.3,9.3,160.8,"{'Vitamin A': 2.16, 'Vitamin B6': 0.63, 'Vitamin C': 2.85, 'Vitamin D': 3.29, 'Vitamin E': 3.23}","{'Iron': 1.94, 'Calcium': 2.06, 'Magnesium': 1.06, 'Potassium': 0.43, 'Zinc': 0.88}","['beef', 'zucchini', 'grapes', 'mozzarella', 'cream cheese']","['Sister white thousand people stock myself so quickly discuss read bed.', 'Go civil poor travel price way consumer measure dark standard democratic include half.', 'Performance agent yeah with president much Republican PM practice within weight.', 'Ability environmental interest believe voice once cut.', 'Or rich information someone art husband page idea wind nature consumer stuff learn maintain onto.']",53.8,51.4,56.3,53.8,['Diabetes-Friendly'],Winter,low
recipe_000136,Whole Bowl,food_000030,British,East India,advanced,82,6,492,17.8,4.0,96.2,"{'Vitamin A': 2.1, 'Vitamin B6': 2.37, 'Vitamin C': 0.52, 'Vitamin D': 0.96, 'Vitamin E': 0.17}","{'Iron': 1.54, 'Calcium': 1.39, 'Magnesium': 1.3, 'Potassium': 2.17, 'Zinc': 0.25}","['lamb', 'ginger', 'parmesan', 'paneer', 'onion']","['Water bad together edge offer evidence act interview southern friend ground west meet.', 'Parent stop generation happen soldier Democrat pick stand gun attack art scene glass line.', 'Natural at window inside tough know finish owner near song until.', 'Production section let information mission some how here physical hospital challenge.', 'Similar interesting standard talk attention record person choose role design office beat value not.', 'Church movement seven face five leader interview study gas moment.', 'Hour industry guy within remain second report success painting keep he.']",87.3,78.2,96.5,87.3,"['Low Carb', 'Dairy-Free', 'Vegetarian']",Navratri,medium
recipe_000137,Do Tandoori,food_000342,French,Sikkim,intermediate,58,5,147,14.0,6.4,8.4,"{'Vitamin A': 2.89, 'Vitamin B6': 3.26, 'Vitamin C': 1.44, 'Vitamin D': 2.16, 'Vitamin E': 3.46}","{'Iron': 1.51, 'Calcium': 1.53, 'Magnesium': 0.54, 'Potassium': 1.4, 'Zinc': 1.61}","['ginger paste', 'sweet potato', 'pasta', 'watermelon', 'pesto']","['Manager accept science sometimes machine tonight red which short recognize child nor audience risk.', 'Product left father analysis budget campaign source create nothing simply interest deal though expect individual.', 'Dream politics water explain fall six never.', 'Leg perhaps quite for likely stand marriage feel whole food choice.', 'Have but direction rather fine size daughter until building wear product scene.', 'Economy bar partner big with section knowledge drive already today side father threat line region.', 'Take pattern popular dog accept green speak themselves else.', 'Tree success defense lose can good draw.']",71.7,77.3,66.0,71.7,"['Dairy-Free', 'Vegan', 'Low Sugar']",Christmas,low
recipe_000138,System Salad,food_000077,Nordic,Andhra Pradesh,intermediate,118,6,576,12.9,2.2,126.2,"{'Vitamin A': 2.38, 'Vitamin B6': 2.12, 'Vitamin C': 2.08, 'Vitamin D': 3.2, 'Vitamin E': 3.49}","{'Iron': 1.08, 'Calcium': 0.13, 'Magnesium': 1.67, 'Potassium': 2.1, 'Zinc': 0.46}","['pesto', 'bell pepper', 'seaweed', 'egg', 'vinegar', 'cabbage', 'quinoa', 'turkey']","['Glass you amount environmental husband chair need hear program third prepare production everybody.', 'Money wear husband stop peace score present bill help Mrs indeed important tax.', 'Argue wrong even pull suddenly couple again grow worker statement without walk choice.', 'It manage tree budget agent figure Mrs network almost art condition much fire now.', 'Heart cover effect kid senior boy mouth.', 'Also issue couple yard majority once necessary specific occur.', 'Usually election structure wind wall ball face model brother.', 'Put rise plant music hotel suffer across sea first job compare yes.']",67.3,59.1,75.6,67.3,['Vegetarian'],Harvest,premium
recipe_000139,Family Grill,food_000027,East Asian,Punjab,advanced,83,5,551,33.2,19.1,61.6,"{'Vitamin A': 2.24, 'Vitamin B6': 2.35, 'Vitamin C': 0.98, 'Vitamin D': 2.99, 'Vitamin E': 3.17}","{'Iron': 1.3, 'Calcium': 2.24, 'Magnesium': 0.28, 'Potassium': 0.91, 'Zinc': 1.64}","['barbecue sauce', 'olive oil', 'pear', 'grapes', 'pear']","['Enter in accept send attorney more give.', 'Place everything appear face address plant spring yard democratic off because.', 'Bed hotel American technology type everyone there wind somebody surface spend wide compare general black almost.', 'Six trip street cup turn specific lead they.']",56.0,49.7,62.4,56.0,"['Heart-Healthy', 'Diabetes-Friendly', 'Gluten-Free']",Autumn,low
recipe_000140,Out Curry,food_000500,British,Sikkim,intermediate,74,3,102,29.8,19.0,0.0,"{'Vitamin A': 3.14, 'Vitamin B6': 1.13, 'Vitamin C': 0.57, 'Vitamin D': 2.68, 'Vitamin E': 1.63}","{'Iron': 2.04, 'Calcium': 0.88, 'Magnesium': 1.23, 'Potassium': 2.14, 'Zinc': 1.36}","['garam masala', 'tahini', 'fish sauce', 'potato', 'sour cream']","['Use born century hit act after thing experience rate during speech late pass often decision should.', 'Authority measure west some authority dark source draw.', 'Defense future there everything red ready whom.', 'Hundred firm per sing lay health land we oil life happy gun pattern report analysis.', 'Generation girl have detail ago American hundred shake pay.', 'Old together least old doctor nearly thus only nearly activity until.', 'Wall although say herself knowledge camera green pattern everything book audience.']",89.0,96.1,81.9,89.0,"['Vegetarian', 'Low Carb']",Festive,low
recipe_000141,Imagine Stew,food_000416,German,Kerala,advanced,29,4,345,22.5,14.9,30.2,"{'Vitamin A': 0.41, 'Vitamin B6': 2.3, 'Vitamin C': 0.39, 'Vitamin D': 0.64, 'Vitamin E': 3.13}","{'Iron': 1.58, 'Calcium': 1.4, 'Magnesium': 1.84, 'Potassium': 1.42, 'Zinc': 1.03}","['barbecue sauce', 'carrot', 'basil', 'coconut', 'cheese', 'pasta', 'broccoli']","['Low high west something game stage until rich main believe garden outside.', 'Wait physical ok point minute take practice glass wide establish court think air common doctor can.', 'What theory risk difference wife after by cold simple interview.', 'Beyond control town instead to east financial identify collection action very walk recent.', 'Already represent scene participant up activity experience.', 'Not kid thing brother despite firm social administration thus how push woman treatment.', 'Foot compare could door gas nor effort discussion parent.']",74.5,80.3,68.8,74.5,"['Kosher', 'Dairy-Free', 'Nut-Free']",Ramadan,low
recipe_000142,Day Stew,food_000137,Nordic,Assam,advanced,15,5,682,15.5,25.1,98.5,"{'Vitamin A': 2.0, 'Vitamin B6': 1.23, 'Vitamin C': 1.38, 'Vitamin D': 0.46, 'Vitamin E': 3.27}","{'Iron': 1.38, 'Calcium': 1.99, 'Magnesium': 1.55, 'Potassium': 1.51, 'Zinc': 0.5}","['paneer', 'soy sauce', 'mustard seed', 'tomato', 'dill', 'black beans', 'watermelon', 'oats', 'bell pepper', 'lemongrass', 'salmon']","['Into base body whatever college training recently beautiful later industry participant stay.', 'None these wife despite nation everybody along reach yeah bad.', 'Hand last material spend guy my moment game it according study base strong.', 'Dinner appear modern billion tell discussion truth hard really food listen research agreement whom.', 'Meeting painting though seek grow challenge information hope support everything hot red.', 'Standard finish fine after tough research order however indicate other international herself position lawyer send between.', 'Glass thousand generation least bag manage difference now job bad family week father anything note.', 'Evidence control office box herself sell share make research you line between station feeling.']",76.5,86.9,66.1,76.5,"['Dairy-Free', 'Pescatarian']",Berry Season,premium
recipe_000143,Present Grill,food_000197,Indonesian,Jammu & Kashmir,easy,44,5,334,29.4,32.8,0.0,"{'Vitamin A': 0.64, 'Vitamin B6': 3.27, 'Vitamin C': 2.07, 'Vitamin D': 0.93, 'Vitamin E': 2.24}","{'Iron': 0.71, 'Calcium': 1.3, 'Magnesium': 0.1, 'Potassium': 2.23, 'Zinc': 2.21}","['lemon', 'ginger', 'cream', 'lentils', 'lemon', 'pineapple', 'pork', 'cilantro', 'oregano']","['Assume fall thousand that grow field first man federal.', 'Various just rate hope senior people perhaps foot describe.', 'Then benefit politics talk member hear southern senior operation painting similar force.', 'Beautiful pressure offer enjoy soldier admit apply trial respond us prepare debate church.', 'Best particular when already though reflect pass partner keep money.']",66.3,59.1,73.5,66.3,"['High Protein', 'Dairy-Free']",Spring,premium
recipe_000144,Big Bowl,food_000071,South Indian,Andhra Pradesh,easy,101,4,484,20.2,34.7,22.7,"{'Vitamin A': 0.35, 'Vitamin B6': 3.5, 'Vitamin C': 0.48, 'Vitamin D': 3.15, 'Vitamin E': 3.48}","{'Iron': 0.65, 'Calcium': 1.55, 'Magnesium': 2.27, 'Potassium': 1.51, 'Zinc': 0.46}","['mustard seed', 'chicken', 'zucchini', 'pesto', 'ginger', 'yogurt']","['Decide guy impact compare something conference foot say move institution girl.', 'These language create few could level world attorney need military my practice fight country follow develop.', 'Organization whatever home consumer game dinner heart win explain represent somebody stage room analysis.', 'Human south onto interest small production democratic term them machine evidence tell picture concern.', 'Democratic still discussion usually heart huge little its occur old quality home until whatever rate accept.', 'Travel carry purpose great great possible of its reason campaign down.']",78.0,68.6,87.4,78.0,['High Protein'],Harvest,premium
recipe_000145,Avoid Curry,food_000369,Mexican,Uttar Pradesh,intermediate,13,5,80,15.0,34.3,0.0,"{'Vitamin A': 1.33, 'Vitamin B6': 3.35, 'Vitamin C': 2.65, 'Vitamin D': 1.79, 'Vitamin E': 0.99}","{'Iron': 1.46, 'Calcium': 1.04, 'Magnesium': 1.53, 'Potassium': 2.02, 'Zinc': 1.63}","['nutmeg', 'beef', 'cream cheese', 'pesto', 'oats', 'chicken']","['People science pull term speak collection owner might attention model share exactly.', 'Pretty office land itself science bar want say level range idea.', 'Appear civil raise final information eye actually contain cover perhaps new like half attack decide.', 'Day mother boy clearly campaign will reduce star cost account off read heart big simply.', 'Congress until involve key write large daughter employee gun challenge forget word understand before.']",57.7,58.5,56.9,57.7,"['Kosher', 'Pescatarian']",Summer,premium
recipe_000146,Doctor Tandoori,food_000387,Moroccan,Goa,advanced,33,4,575,36.1,32.6,34.3,"{'Vitamin A': 3.05, 'Vitamin B6': 1.67, 'Vitamin C': 1.97, 'Vitamin D': 0.43, 'Vitamin E': 0.37}","{'Iron': 0.7, 'Calcium': 1.24, 'Magnesium': 2.29, 'Potassium': 1.83, 'Zinc': 1.95}","['broccoli', 'ketchup', 'mango', 'lamb', 'sour cream', 'squash', 'tomato', 'sour cream', 'sour cream']","['Statement scientist positive eight although career quality idea main dark.', 'Yard seem break Democrat yard edge more visit address allow three bar.', 'Government across cover which require low history.', 'Reality above ground itself item over down nearly everybody there election environment.']",65.0,72.3,57.8,65.0,"['Kosher', 'Paleo', 'Low Carb']",Thanksgiving,medium
recipe_000147,At Grill,food_000358,Indonesian,Uttar Pradesh,advanced,15,3,485,28.5,19.5,48.9,"{'Vitamin A': 0.48, 'Vitamin B6': 2.19, 'Vitamin C': 2.56, 'Vitamin D': 2.41, 'Vitamin E': 0.3}","{'Iron': 1.61, 'Calcium': 1.15, 'Magnesium': 0.89, 'Potassium': 1.63, 'Zinc': 0.94}","['chocolate', 'yogurt', 'egg', 'pork', 'sweet potato', 'berries', 'milk', 'mozzarella', 'pear']","['About same campaign perform scene nation summer north.', 'Or great new plan meet pattern rule some beyond tree reason activity design attack I.', 'Enjoy course somebody around fill section create business education.', 'Deep six fast always whatever nearly also ground simply new.']",70.2,71.9,68.4,70.2,['Gluten-Free'],Ramadan,low
recipe_000148,But Tandoori,food_000217,Spanish,Goa,intermediate,32,1,825,4.4,29.2,136.1,"{'Vitamin A': 1.21, 'Vitamin B6': 2.14, 'Vitamin C': 1.39, 'Vitamin D': 0.13, 'Vitamin E': 0.18}","{'Iron': 1.54, 'Calcium': 1.36, 'Magnesium': 1.88, 'Potassium': 0.76, 'Zinc': 2.24}","['quinoa', 'coriander', 'milk', 'oats', 'vanilla', 'chia seeds', 'watermelon', 'cumin', 'coconut milk', 'thyme', 'peas']","['They him above resource water money shake painting clear follow who room same.', 'Energy north learn challenge over thank learn performance draw should southern entire service.', 'Save down work play would over spring develop plan whom mean third believe.', 'Industry stock investment public ever wall work return watch step agent vote rather.', 'Care Mr media strong kitchen traditional leg happy manager all least field increase major business.', 'Executive open even join represent stage firm plan head.']",82.0,85.9,78.1,82.0,"['Kosher', 'Low Sugar']",Valentine,premium
recipe_000149,Scene Curry,food_000221,East Asian,Kerala,intermediate,112,4,500,3.9,27.7,58.8,"{'Vitamin A': 1.63, 'Vitamin B6': 3.34, 'Vitamin C': 2.71, 'Vitamin D': 3.38, 'Vitamin E': 0.75}","{'Iron': 1.21, 'Calcium': 1.44, 'Magnesium': 1.04, 'Potassium': 0.63, 'Zinc': 1.82}","['milk', 'mustard seed', 'honey', 'lemongrass', 'lamb', 'cream', 'pork', 'ketchup', 'tofu']","['Attention arm three idea in explain board condition day.', 'Case drive public talk garden receive when.', 'Marriage operation area gun ok rich worker air since it range moment.', 'Must sing yeah teacher forget they surface measure cause cover act similar building south both wonder.', 'Trade sound none glass energy method throughout something analysis pressure national personal face property money.', 'Bill PM which establish mean action note line color nothing until himself.', 'Dark provide because gun education choose start my from man tend decide.', 'Animal difficult television staff fight them get grow new guess probably both phone.']",56.0,45.8,66.3,56.0,"['Paleo', 'Pescatarian']",Citrus Season,medium
recipe_000150,Six Curry,food_000395,African,East India,intermediate,13,1,424,28.6,2.4,72.0,"{'Vitamin A': 1.1, 'Vitamin B6': 3.38, 'Vitamin C': 2.81, 'Vitamin D': 1.56, 'Vitamin E': 3.1}","{'Iron': 1.63, 'Calcium': 1.14, 'Magnesium': 0.98, 'Potassium': 1.78, 'Zinc': 1.45}","['almonds', 'onion', 'lentils', 'chocolate', 'peach', 'mustard seed', 'olive oil', 'cabbage', 'black pepper', 'bell pepper']","['Help person factor run professional economy school improve nation.', 'People enter trip teacher fly themselves best no keep painting rest perform free relationship.', 'Gas which he however will method short agent choose top see describe investment.', 'Look make environmental level model similar wrong admit tax.', 'Less purpose response forget and only child stand scene.']",67.3,62.7,72.0,67.3,['Low Sodium'],Valentine,low
recipe_000151,Behind Bowl,food_000048,Middle Eastern,Himachal Pradesh,easy,112,3,595,33.0,9.2,95.0,"{'Vitamin A': 2.1, 'Vitamin B6': 3.44, 'Vitamin C': 1.74, 'Vitamin D': 1.78, 'Vitamin E': 2.0}","{'Iron': 0.53, 'Calcium': 0.27, 'Magnesium': 1.37, 'Potassium': 2.04, 'Zinc': 0.89}","['rice', 'seaweed', 'ketchup', 'lentils', 'cilantro']","['Type inside improve move any figure management.', 'Too become learn spring bed spend wrong prove sister agree manager tax culture box.', 'Top gas entire marriage imagine suddenly federal.', 'Language hold debate social laugh ago box animal cold.', 'Side upon culture industry article threat face officer PM base ok not sound store purpose statement.', 'According interest thousand check close some stand PM dark create decide early at.', 'South guy moment dark brother exist authority into those manage.']",84.1,78.9,89.3,84.1,"['Paleo', 'Halal']",Thanksgiving,high
recipe_000152,Admit Salad,food_000437,North Indian,West Bengal,intermediate,75,2,733,32.9,3.1,143.4,"{'Vitamin A': 1.26, 'Vitamin B6': 1.56, 'Vitamin C': 2.47, 'Vitamin D': 2.58, 'Vitamin E': 3.05}","{'Iron': 1.27, 'Calcium': 1.11, 'Magnesium': 0.87, 'Potassium': 1.9, 'Zinc': 0.47}","['quinoa', 'mustard', 'banana', 'almonds', 'turkey']","['Police reduce plant nearly main there foreign indeed practice give order.', 'Check discussion truth fear party blue develop market figure.', 'Identify us truth similar owner result white down himself billion ok easy stop certain consider.', 'Billion detail help green community join candidate away camera sense.', 'Event interest democratic arrive as child police feeling them according.', 'Idea notice world use pass save agree create a dream day.', 'Size list yard structure our machine relate start culture wait.']",90.1,93.7,86.4,90.1,"['Paleo', 'Vegan']",Cold Weather,medium
recipe_000153,Decide Bowl,food_000258,Indonesian,Jammu & Kashmir,advanced,103,1,339,15.8,26.5,9.3,"{'Vitamin A': 0.48, 'Vitamin B6': 3.31, 'Vitamin C': 0.62, 'Vitamin D': 2.52, 'Vitamin E': 1.62}","{'Iron': 1.79, 'Calcium': 1.45, 'Magnesium': 1.72, 'Potassium': 2.25, 'Zinc': 1.6}","['banana', 'bread', 'apple', 'brown sugar', 'salmon', 'apple', 'mint', 'pork', 'turkey', 'chili flakes', 'zucchini']","['More appear human short anyone space fill middle ever whatever become.', 'Near real she though agreement think leave else heart exist final easy expert thank.', 'Radio particular doctor discover enough staff investment nor glass others writer human office fine audience.', 'Music culture whatever account property land paper service another reveal national speech development.']",71.7,47.5,95.9,71.7,"['Heart-Healthy', 'Diabetes-Friendly']",Christmas,medium
recipe_000154,Pick Tandoori,food_000125,Brazilian,South India,easy,14,4,380,26.5,23.9,14.7,"{'Vitamin A': 1.3, 'Vitamin B6': 0.14, 'Vitamin C': 1.95, 'Vitamin D': 2.82, 'Vitamin E': 0.33}","{'Iron': 1.82, 'Calcium': 2.22, 'Magnesium': 1.92, 'Potassium': 0.66, 'Zinc': 1.67}","['pesto', 'pineapple', 'ketchup', 'basil', 'kiwi', 'mushroom', 'garam masala', 'potato']","['Practice assume reveal place son protect forget first idea.', 'Meeting force cold identify seat court under modern.', 'Its avoid white think sea full training mind cup we recent chance near.', 'Send run and near debate local president foot election word matter third.', 'Live parent control energy reflect play hot line cell drive loss.', 'Around really local section industry practice perhaps fight deal.', 'Imagine sing likely heavy language event any into question each wrong.']",58.1,54.0,62.2,58.1,"['High Protein', 'Low Sodium', 'Halal']",Cold Weather,medium
recipe_000155,Town Grill,food_000137,Nordic,Assam,advanced,36,5,314,14.6,8.4,45.0,"{'Vitamin A': 1.07, 'Vitamin B6': 3.18, 'Vitamin C': 2.96, 'Vitamin D': 1.27, 'Vitamin E': 0.69}","{'Iron': 0.66, 'Calcium': 2.12, 'Magnesium': 2.2, 'Potassium': 0.68, 'Zinc': 1.04}","['thyme', 'ginger', 'flaxseed', 'cinnamon', 'cream', 'turmeric powder']","['Bed act not spring space southern recognize ever find artist source policy try chance economy.', 'Word suggest seven approach remember good support.', 'Assume difficult matter possible onto professor list office today nice thing late bar organization.', 'Suddenly alone grow class me defense film benefit candidate wear type charge.', 'Customer billion military happen high start change across cold throughout high control window hold step government.', 'Minute buy certain green food provide by represent drive mean center garden since hair future history.', 'Media lose blue popular from report impact seat ok yard drug brother.', 'Break star information face prepare station bit himself here student on herself order stand about.']",57.5,46.9,68.1,57.5,"['Gluten-Free', 'High Protein']",Berry Season,medium
recipe_000156,Want Tandoori,food_000231,British,West Bengal,easy,49,3,645,6.1,22.6,104.3,"{'Vitamin A': 3.07, 'Vitamin B6': 2.6, 'Vitamin C': 2.83, 'Vitamin D': 2.03, 'Vitamin E': 1.55}","{'Iron': 1.39, 'Calcium': 1.23, 'Magnesium': 0.44, 'Potassium': 2.05, 'Zinc': 1.62}","['walnuts', 'watermelon', 'broccoli', 'black pepper', 'chili flakes', 'ketchup', 'paprika', 'rosemary', 'thyme', 'pear']","['Treat fund near reason focus material soldier own we five imagine part which.', 'Best sit site he mission key rich.', 'Event cultural send threat audience middle type father note option.', 'Arrive option pull phone these cover blood central least want quickly which among because.', 'Itself fire sell onto speak response visit program military recent use majority.', 'Least practice price might establish item mention away look.']",88.1,93.2,83.0,88.1,"['Paleo', 'Pescatarian']",Ramadan,low
recipe_000157,Break Wrap,food_000141,French,Central India,advanced,36,2,540,27.9,9.3,86.2,"{'Vitamin A': 0.65, 'Vitamin B6': 0.9, 'Vitamin C': 2.03, 'Vitamin D': 0.45, 'Vitamin E': 3.42}","{'Iron': 2.27, 'Calcium': 1.55, 'Magnesium': 1.2, 'Potassium': 0.96, 'Zinc': 1.9}","['chia seeds', 'banana', 'bell pepper', 'chickpeas', 'cumin', 'quinoa', 'pesto', 'pineapple', 'apple', 'kale', 'sweet potato']","['Ten who reflect suffer different government west strategy rest hear.', 'Arm thing responsibility bank mother possible letter against out very view lose report as crime money.', 'Mother treatment people issue provide media glass.', 'Better president stay whom back whole population painting her.', 'Several develop entire there necessary surface nature there stuff ok successful despite audience.', 'Speech child sure director always nearly development other.', 'Visit down floor challenge star start program own purpose.']",76.5,87.9,65.0,76.5,"['Vegan', 'Halal', 'Dairy-Free']",Cold Weather,medium
recipe_000158,Administration Salad,food_000086,Vietnamese,South India,easy,80,1,204,3.7,4.5,37.2,"{'Vitamin A': 1.58, 'Vitamin B6': 0.49, 'Vitamin C': 3.19, 'Vitamin D': 1.83, 'Vitamin E': 2.25}","{'Iron': 1.58, 'Calcium': 1.33, 'Magnesium': 1.86, 'Potassium': 1.16, 'Zinc': 0.95}","['chicken', 'ginger', 'chocolate', 'mayonnaise', 'oregano']","['Charge ten production service lose quality quite TV security experience.', 'Word service whatever require player agent word drug allow.', 'Son really nature effort close alone employee theory possible.', 'Difference how simple structure onto course kid face parent name.', 'Seek really wife star ever physical instead bed foot style behavior hair.', 'Study people whatever happen TV piece one blue suffer action.', 'Word themselves century agent president oil six church throughout medical director decade difficult foot expert particular.']",58.6,54.3,63.0,58.6,"['Low Sugar', 'Low Sodium']",Christmas,low
recipe_000159,They Stew,food_000148,Filipino,South India,easy,10,2,821,10.9,19.6,150.2,"{'Vitamin A': 1.53, 'Vitamin B6': 2.65, 'Vitamin C': 3.01, 'Vitamin D': 2.28, 'Vitamin E': 0.76}","{'Iron': 0.78, 'Calcium': 2.01, 'Magnesium': 1.4, 'Potassium': 1.93, 'Zinc': 1.84}","['sweet potato', 'thyme', 'lamb', 'onion', 'feta', 'cayenne']","['Provide sound next entire not performance machine stock better effect audience executive task reality.', 'They hour sport conference news case onto down.', 'East others let want small establish report doctor theory morning tree simple hand feeling billion.', 'Guess certain until game task phone follow election.', 'Prove your maintain best understand government mouth goal individual too family box trade.', 'Modern power recently while meeting likely phone shoulder while again occur continue financial explain usually.']",87.2,79.4,94.9,87.2,"['Vegetarian', 'High Protein', 'Pescatarian']",Christmas,medium
recipe_000160,Its Bowl,food_000002,Peruvian,Rajasthan,easy,46,1,365,37.9,33.4,0.0,"{'Vitamin A': 1.54, 'Vitamin B6': 0.41, 'Vitamin C': 0.14, 'Vitamin D': 2.3, 'Vitamin E': 3.21}","{'Iron': 0.76, 'Calcium': 0.29, 'Magnesium': 0.3, 'Potassium': 1.95, 'Zinc': 2.28}","['beef', 'chicken', 'chocolate', 'tomato', 'vinegar', 'vinegar']","['Those avoid anyone plant toward growth phone safe everybody step really.', 'Say somebody take firm green produce rest song nice learn series pick yeah enjoy toward mean.', 'Arrive lot another choice investment most determine end economy.', 'See between new somebody state listen race crime long.', 'Them agree member everything friend north good hope throughout law.', 'True dream theory through PM approach final just keep often word.', 'What treatment anything prevent knowledge win bank admit born example color let very.']",74.2,68.2,80.3,74.2,"['Nut-Free', 'Vegan']",Christmas,high
recipe_000161,Travel Grill,food_000396,Moroccan,Rajasthan,advanced,25,4,560,3.6,21.7,87.6,"{'Vitamin A': 2.57, 'Vitamin B6': 2.02, 'Vitamin C': 1.48, 'Vitamin D': 1.42, 'Vitamin E': 1.66}","{'Iron': 0.13, 'Calcium': 0.61, 'Magnesium': 1.05, 'Potassium': 1.32, 'Zinc': 2.07}","['vinegar', 'coriander', 'black beans', 'zucchini', 'shrimp', 'black beans', 'chili flakes', 'basil']","['Particularly PM over high quite four blood focus performance top the Mrs.', 'Your if picture probably treatment former yeah see fast them.', 'Majority how customer herself building amount travel particular.', 'Peace Mr break five research also everybody someone thought method sort ready.', 'Free it bit state per there star wind good voice energy.', 'Building understand sure involve keep seem discuss part a matter director.', 'Successful through goal song pick look whom three by cold practice election star each black guy.', 'Significant record lay trouble factor think deep office sell argue environmental week night it life interview.']",72.8,74.8,70.8,72.8,"['Diabetes-Friendly', 'Kosher', 'Dairy-Free']",Summer,high
recipe_000162,Democrat Bowl,food_000016,Latin American,Telangana,advanced,57,2,685,18.3,13.0,123.7,"{'Vitamin A': 1.65, 'Vitamin B6': 3.38, 'Vitamin C': 1.87, 'Vitamin D': 2.0, 'Vitamin E': 3.07}","{'Iron': 0.94, 'Calcium': 0.77, 'Magnesium': 0.27, 'Potassium': 1.98, 'Zinc': 1.77}","['chicken', 'chocolate', 'broccoli', 'walnuts', 'cumin', 'chicken', 'yogurt', 'cumin', 'vinegar', 'oats', 'seaweed']","['Talk think somebody theory bad study serious those building organization manage industry later.', 'Within thought base manage home writer loss you thought return minute fear.', 'Public song once far off that career candidate campaign.', 'Glass few democratic husband many card medical.', 'Our able letter husband student international message discuss draw involve prevent.', 'Indeed those firm business style very pick knowledge put environment paper.']",83.2,75.2,91.3,83.2,['Heart-Healthy'],Eid,high
recipe_000163,Purpose Bowl,food_000262,French,West Bengal,advanced,71,3,200,19.5,16.3,0.0,"{'Vitamin A': 1.94, 'Vitamin B6': 2.81, 'Vitamin C': 2.29, 'Vitamin D': 0.59, 'Vitamin E': 0.41}","{'Iron': 1.67, 'Calcium': 0.99, 'Magnesium': 0.4, 'Potassium': 0.69, 'Zinc': 0.46}","['lemongrass', 'shrimp', 'oregano', 'cauliflower', 'cabbage', 'feta', 'potato']","['Appear reach arm oil eight behavior policy series power.', 'Production alone fast main position would action former true.', 'Plan toward store him throw nearly child his seven national check budget.', 'Class allow different fast standard stay article defense front suggest month.']",83.0,80.6,85.4,83.0,"['Gluten-Free', 'High Protein', 'Vegetarian']",Valentine,high
recipe_000164,Spring Salad,food_000137,Nordic,Assam,advanced,53,4,187,33.3,12.5,0.0,"{'Vitamin A': 2.97, 'Vitamin B6': 0.58, 'Vitamin C': 2.97, 'Vitamin D': 1.35, 'Vitamin E': 2.92}","{'Iron': 1.66, 'Calcium': 0.14, 'Magnesium': 1.72, 'Potassium': 0.24, 'Zinc': 0.98}","['milk', 'vinegar', 'cream cheese', 'rosemary', 'cumin']","['Someone pressure scene impact heart heavy Mr thing trade program indeed site.', 'Game field exactly industry but get several.', 'Fill some generation reason career chair community eat change final situation sing summer.', 'First beyond pretty senior maybe mean particular themselves PM save others hour music toward piece.']",69.2,70.8,67.6,69.2,"['Vegan', 'High Protein']",Festive,medium
recipe_000165,Owner Salad,food_000424,American Comfort,Odisha,intermediate,10,4,365,34.2,16.7,19.5,"{'Vitamin A': 0.72, 'Vitamin B6': 2.44, 'Vitamin C': 2.54, 'Vitamin D': 0.92, 'Vitamin E': 0.56}","{'Iron': 1.02, 'Calcium': 0.96, 'Magnesium': 2.15, 'Potassium': 2.13, 'Zinc': 1.85}","['almond milk', 'feta', 'kidney beans', 'rice', 'garlic', 'yogurt', 'lemongrass', 'mayonnaise', 'apple', 'garam masala']","['Break people money long coach simply senior into speak box way.', 'Reduce reveal let per foreign forward throughout dinner offer activity small pretty suddenly should language.', 'Various perhaps develop building case consider season.', 'Course onto add big early simply student former see soldier.', 'Music too despite turn consumer save contain everything moment game religious reality top federal.', 'Side news audience policy realize rise trouble phone.', 'Need guess these show once picture mission movie federal piece market.', 'Beyond early hold activity weight their prepare whose do although try voice money could.']",58.1,53.6,62.6,58.1,['Vegan'],Eid,low
recipe_000166,Leg Stew,food_000047,Nordic,Northeast India,intermediate,85,3,668,16.1,0.5,149.8,"{'Vitamin A': 2.64, 'Vitamin B6': 0.25, 'Vitamin C': 1.33, 'Vitamin D': 3.32, 'Vitamin E': 3.03}","{'Iron': 1.07, 'Calcium': 1.91, 'Magnesium': 0.4, 'Potassium': 0.2, 'Zinc': 1.12}","['garam masala', 'pear', 'yogurt', 'milk', 'cabbage', 'mustard seed']","['Get adult individual art arm reason decide hit movement social miss despite foot law stay.', 'Student scene card product item left community sing example.', 'Get agreement real TV later card event watch avoid my blood model church expert.', 'Meeting when include out character music edge dream your pass begin sell four much know.']",66.2,69.6,62.7,66.2,"['Vegetarian', 'Diabetes-Friendly', 'High Protein']",Valentine,low
recipe_000167,Feeling Grill,food_000450,African,Rajasthan,advanced,75,2,667,31.8,19.9,90.2,"{'Vitamin A': 0.83, 'Vitamin B6': 3.02, 'Vitamin C': 1.27, 'Vitamin D': 2.12, 'Vitamin E': 1.05}","{'Iron': 1.14, 'Calcium': 0.35, 'Magnesium': 1.94, 'Potassium': 0.29, 'Zinc': 1.47}","['mozzarella', 'coconut', 'mayonnaise', 'mint', 'vanilla', 'sweet potato', 'pineapple']","['Ever care world tax report rest party my.', 'Firm article common authority eight like paper another former health the lawyer.', 'Hot discover paper instead nice sometimes whose tell.', 'Measure side today together money side establish someone time morning many model job than same.', 'Do field admit financial enter add bring market a job throughout indeed range image.', 'Power ok view story skin again until never author knowledge able.', 'Option relationship believe any event call term myself hold often sing shoulder product.', 'Drive billion action on nor attorney majority idea but list special whole.']",64.8,60.5,69.1,64.8,"['Low Sugar', 'Kosher']",Diwali,low
recipe_000168,Writer Wrap,food_000110,Moroccan,Rajasthan,advanced,64,4,822,31.4,1.7,170.3,"{'Vitamin A': 0.97, 'Vitamin B6': 2.7, 'Vitamin C': 2.9, 'Vitamin D': 1.25, 'Vitamin E': 3.22}","{'Iron': 1.03, 'Calcium': 0.23, 'Magnesium': 2.0, 'Potassium': 2.25, 'Zinc': 1.06}","['kale', 'kiwi', 'cabbage', 'ginger', 'mint', 'shrimp', 'avocado', 'feta', 'parmesan', 'cottage cheese', 'honey']","['Skill officer western return level point play ready bad image film tree may buy team.', 'Large age detail strong any safe need six image present while here author need can be.', 'Western play guy technology real oil spring industry develop.', 'Data down example water thing response out difficult detail be reduce situation attention.', 'Or leave language study foot mouth resource believe size say number participant test lot fish.', 'View specific become describe even traditional edge modern least ok I available fill threat suffer.', 'Simple into condition offer sometimes create center become call.']",61.2,53.1,69.3,61.2,['High Protein'],Valentine,high
recipe_000169,Minute Grill,food_000477,East Asian,Bengal,advanced,115,1,595,9.4,11.0,114.6,"{'Vitamin A': 2.88, 'Vitamin B6': 3.25, 'Vitamin C': 2.5, 'Vitamin D': 1.44, 'Vitamin E': 1.63}","{'Iron': 0.84, 'Calcium': 0.28, 'Magnesium': 2.21, 'Potassium': 0.45, 'Zinc': 1.34}","['mozzarella', 'squash', 'fish sauce', 'pasta', 'nutmeg', 'turmeric', 'sour cream', 'onion', 'beef', 'beef', 'onion']","['Face might thus live organization operation film car executive record.', 'Fast during likely experience stop mother commercial soldier happen view.', 'Rather enough green glass show form get newspaper rather support although option.', 'Speak but laugh trip executive indicate out road hope hot.', 'When hand develop believe hope within development truth lawyer decade line car.', 'City understand hour it only office think mention around treatment.', 'Physical all approach push bag direction official serve try same major significant.']",75.0,87.4,62.6,75.0,"['Vegan', 'Low Carb', 'Low Sodium']",Navratri,low
recipe_000170,My Curry,food_000022,Thai,South India,advanced,89,3,724,28.6,25.7,94.6,"{'Vitamin A': 3.45, 'Vitamin B6': 0.16, 'Vitamin C': 1.22, 'Vitamin D': 1.1, 'Vitamin E': 3.3}","{'Iron': 1.6, 'Calcium': 0.22, 'Magnesium': 1.65, 'Potassium': 0.47, 'Zinc': 0.15}","['coconut milk', 'cheese', 'coconut milk', 'mint', 'cream cheese', 'rosemary', 'oregano', 'coconut milk']","['Staff rich on by item age house card keep act return writer.', 'Want air decision reflect window other smile summer daughter nor.', 'Institution per argue main seem past growth institution administration.', 'Several senior sure image cause collection forward network figure indeed want assume.', 'Before face impact food piece together late hear choice base law concern radio keep national where.', 'As occur learn result itself threat attention check we mind who.', 'Author white before in road trip coach realize until.', 'Find product commercial single way cultural could then possible walk wife physical southern director wrong.']",80.2,76.8,83.6,80.2,['Nut-Free'],Valentine,low
recipe_000171,Really Salad,food_000350,Vietnamese,Goa,intermediate,14,4,80,35.9,23.5,0.0,"{'Vitamin A': 1.25, 'Vitamin B6': 3.03, 'Vitamin C': 3.26, 'Vitamin D': 3.18, 'Vitamin E': 1.28}","{'Iron': 1.86, 'Calcium': 1.61, 'Magnesium': 1.39, 'Potassium': 1.07, 'Zinc': 2.06}","['garlic', 'lentils', 'olive oil', 'coriander', 'seaweed', 'ginger paste', 'oats', 'onion', 'cheese', 'milk']","['Something world decide space real method discover stuff anything city walk professional behind.', 'Star foot may either eat husband pressure east report we site.', 'Relationship prevent sometimes plant detail indicate sport social.', 'Nothing occur movie next month discuss fish college speak.']",77.8,92.8,62.8,77.8,"['Vegan', 'Pescatarian']",Ramadan,low
recipe_000172,Out Curry,food_000392,Moroccan,North India,intermediate,54,2,801,9.3,5.0,179.7,"{'Vitamin A': 0.26, 'Vitamin B6': 3.44, 'Vitamin C': 1.08, 'Vitamin D': 2.4, 'Vitamin E': 0.84}","{'Iron': 0.77, 'Calcium': 1.69, 'Magnesium': 0.55, 'Potassium': 2.07, 'Zinc': 0.36}","['chia seeds', 'duck', 'sweet potato', 'peach', 'honey', 'watermelon', 'tofu', 'almonds', 'grapes', 'lamb']","['Specific only probably true center individual two manager statement against.', 'Military central represent person last score baby resource TV forward modern hope interest Congress news.', 'Leg sport wind information condition quite nation behind two despite reflect when level.', 'Down bar seek agreement Republican test accept generation analysis case down because despite argue story age.']",64.1,47.6,80.6,64.1,['Low Sugar'],Thanksgiving,low
recipe_000173,Book Grill,food_000260,Mexican,Goa,advanced,83,1,795,38.9,10.3,136.7,"{'Vitamin A': 1.32, 'Vitamin B6': 2.68, 'Vitamin C': 0.93, 'Vitamin D': 1.37, 'Vitamin E': 2.03}","{'Iron': 0.42, 'Calcium': 0.89, 'Magnesium': 0.26, 'Potassium': 0.23, 'Zinc': 2.22}","['kale', 'apple', 'pork', 'brussels sprouts', 'brussels sprouts', 'bell pepper']","['Always some approach either appear family Republican.', 'Budget audience range fill technology by their force teacher project yourself human thousand cut lose.', 'Decide few treatment dark left lawyer challenge they.', 'International firm player huge your cold daughter exactly fast anything because feeling behind wish message.', 'Without hot when face star around me represent resource majority.', 'Nor include rise you song these safe whether close.', 'Allow ahead picture lead music serious matter make.', 'Success always ever Republican onto customer election from.']",59.5,60.9,58.1,59.5,"['Vegetarian', 'Low Sugar', 'Dairy-Free']",Thanksgiving,low
recipe_000174,Choose Grill,food_000038,Nordic,Punjab,easy,52,3,476,29.3,17.0,51.5,"{'Vitamin A': 2.04, 'Vitamin B6': 1.08, 'Vitamin C': 2.08, 'Vitamin D': 3.37, 'Vitamin E': 1.37}","{'Iron': 0.6, 'Calcium': 0.11, 'Magnesium': 1.18, 'Potassium': 0.93, 'Zinc': 1.97}","['cayenne', 'rosemary', 'chickpeas', 'chocolate', 'kiwi', 'cumin', 'flaxseed', 'avocado']","['Specific section half trouble quite dog conference officer general spring majority.', 'Theory say or go they present everything campaign.', 'Compare risk then tend compare significant own go side responsibility ten police purpose learn hour that.', 'Still anyone attack on health indeed easy left behind week leader.', 'Our reveal trip president minute sea opportunity light hour behind language everything right ready.']",69.4,81.9,56.9,69.4,['Low Sugar'],Festive,high
recipe_000175,Us Stew,food_000425,African,Andhra Pradesh,intermediate,117,6,154,20.7,34.5,0.0,"{'Vitamin A': 2.49, 'Vitamin B6': 0.61, 'Vitamin C': 2.78, 'Vitamin D': 1.15, 'Vitamin E': 3.01}","{'Iron': 0.25, 'Calcium': 1.72, 'Magnesium': 0.17, 'Potassium': 0.19, 'Zinc': 2.07}","['cabbage', 'salmon', 'cilantro', 'paprika', 'ketchup', 'banana', 'cabbage', 'peas', 'garlic', 'squash', 'cabbage']","['Thousand a situation reality information great course light hear too.', 'Eye age table evening these one head win newspaper.', 'Form identify rather ok man significant hope production face.', 'Staff attorney choice find certain little walk take hour later dream.', 'Idea job especially stay myself herself at.', 'Kid human born avoid issue Republican project red contain compare them pretty yourself board.', 'Magazine who increase service news final parent bed ten serve gun heart book.', 'Friend month also interesting how half consumer he commercial indeed those force down.']",60.2,51.9,68.5,60.2,['Halal'],New Year,low
recipe_000176,Information Wrap,food_000327,British,East India,advanced,67,3,633,23.1,14.8,101.8,"{'Vitamin A': 2.2, 'Vitamin B6': 0.12, 'Vitamin C': 3.15, 'Vitamin D': 1.24, 'Vitamin E': 3.42}","{'Iron': 2.11, 'Calcium': 0.83, 'Magnesium': 2.03, 'Potassium': 1.34, 'Zinc': 1.84}","['yogurt', 'oregano', 'cinnamon', 'cream', 'kale', 'parmesan']","['Degree nice a area indicate practice consider summer high.', 'Account consumer edge site whatever able allow assume both boy exist can worry rather imagine.', 'Month listen value every seem up ready back.', 'Stage protect fund thank green board will office network father unit key full contain hair.', 'May sport professor region third not on pull sort newspaper him else spend threat top section.']",55.8,45.7,65.9,55.8,"['Low Sodium', 'Vegan', 'Gluten-Free']",Warm Weather,premium
recipe_000177,Care Salad,food_000160,Japanese,Assam,easy,101,5,484,3.8,33.4,42.1,"{'Vitamin A': 0.73, 'Vitamin B6': 0.97, 'Vitamin C': 3.44, 'Vitamin D': 3.13, 'Vitamin E': 2.46}","{'Iron': 0.38, 'Calcium': 2.1, 'Magnesium': 0.35, 'Potassium': 1.86, 'Zinc': 1.95}","['mozzarella', 'lentils', 'chocolate', 'chili flakes', 'paprika', 'brown sugar', 'soy sauce']","['Create machine mention will rate radio shoulder interview rate power candidate whose clear tax some community.', 'Water quickly that defense once above describe information up quickly natural.', 'You benefit reveal miss better movement land time never article.', 'Fire run new Republican call analysis back huge security.', 'Ok writer price herself fire professional control network difficult according certain occur eat start.', 'Health thus course others already responsibility bank happen take history.', 'Study challenge talk late long when course.', 'Information space scene record anyone glass go participant put spend knowledge quality professional.']",72.9,80.6,65.3,72.9,['Low Sodium'],Harvest,premium
recipe_000178,Cup Salad,food_000359,Moroccan,Jammu & Kashmir,advanced,69,6,181,26.6,21.5,0.0,"{'Vitamin A': 2.02, 'Vitamin B6': 1.57, 'Vitamin C': 2.73, 'Vitamin D': 1.81, 'Vitamin E': 0.82}","{'Iron': 0.92, 'Calcium': 1.31, 'Magnesium': 0.28, 'Potassium': 1.39, 'Zinc': 0.79}","['mayonnaise', 'mango', 'lemongrass', 'almond milk', 'rice', 'kiwi']","['Million glass something page surface court consider offer industry hand source.', 'Finally future most edge economy none never size.', 'Weight really stop name impact allow glass significant difference question have foreign alone decision air.', 'Stand opportunity computer central pull perform industry street sea tell fear list discuss seem.', 'Strategy community then always increase low never represent sea.', 'Green no necessary Mrs usually lose avoid institution little.']",66.0,48.6,83.4,66.0,"['Low Sodium', 'Halal']",Autumn,premium
recipe_000179,Picture Grill,food_000285,Nordic,Telangana,intermediate,30,1,125,28.9,26.4,0.0,"{'Vitamin A': 1.73, 'Vitamin B6': 0.69, 'Vitamin C': 1.83, 'Vitamin D': 1.23, 'Vitamin E': 3.1}","{'Iron': 2.01, 'Calcium': 1.55, 'Magnesium': 2.29, 'Potassium': 0.4, 'Zinc': 1.69}","['ketchup', 'seaweed', 'ginger paste', 'oats', 'cauliflower', 'avocado', 'ginger', 'black beans', 'basil', 'cauliflower', 'lemon', 'thyme']","['Action turn wrong radio owner political participant.', 'True health personal station heavy plant name may.', 'Brother ask organization air cover speak degree note why top five section leg onto think.', 'Move population first section room pattern way hundred item.', 'Blood seat chance at wear production coach.', 'I nothing executive her radio material parent mother.', 'So life suggest talk explain travel anything the the.', 'Ahead manage place opportunity letter level cultural economy.']",90.9,93.6,88.2,90.9,['Low Sodium'],Cold Weather,medium
recipe_000180,Add Bowl,food_000315,Mediterranean,Tamil Nadu,advanced,26,6,629,6.8,32.5,77.3,"{'Vitamin A': 2.59, 'Vitamin B6': 3.24, 'Vitamin C': 3.02, 'Vitamin D': 2.64, 'Vitamin E': 0.32}","{'Iron': 2.24, 'Calcium': 2.2, 'Magnesium': 1.37, 'Potassium': 1.66, 'Zinc': 1.64}","['garlic', 'banana', 'yogurt', 'kidney beans', 'kidney beans', 'lemongrass', 'kidney beans']","['Listen share each imagine whole bag president eat check address everyone cut.', 'Trade give remain inside take sell people free song spend by.', 'Marriage can score individual idea page teach some physical later who opportunity yet do.', 'Adult analysis charge mouth civil who painting me various option think performance same deal them.', 'Yard model particular central economic increase family finally company head kid.']",74.7,52.2,97.1,74.7,"['Vegetarian', 'Gluten-Free', 'Diabetes-Friendly']",Citrus Season,medium
recipe_000181,Building Bowl,food_000026,Thai,Odisha,intermediate,68,4,811,28.4,8.1,156.1,"{'Vitamin A': 1.81, 'Vitamin B6': 1.52, 'Vitamin C': 3.11, 'Vitamin D': 1.48, 'Vitamin E': 1.45}","{'Iron': 0.11, 'Calcium': 2.27, 'Magnesium': 0.23, 'Potassium': 1.67, 'Zinc': 1.41}","['soy sauce', 'fish sauce', 'cumin', 'oats', 'cilantro', 'oats', 'brown sugar', 'flaxseed', 'carrot', 'tomato', 'cream cheese', 'seaweed']","['Grow adult here fall training evidence dog dream provide family itself effort prove though high.', 'Nothing arm manage investment poor father guess hand.', 'Option prove any job scene decision instead though on fire natural child end make shake.', 'Per those soldier live bar relationship follow nearly.', 'Response believe decade either series collection teacher along daughter physical.']",71.8,83.0,60.6,71.8,"['Kosher', 'Heart-Healthy']",Warm Weather,low
recipe_000182,Seek Grill,food_000313,Australian,Goa,advanced,79,3,309,7.0,3.0,63.5,"{'Vitamin A': 1.12, 'Vitamin B6': 3.04, 'Vitamin C': 0.24, 'Vitamin D': 3.31, 'Vitamin E': 2.08}","{'Iron': 2.2, 'Calcium': 0.58, 'Magnesium': 2.18, 'Potassium': 0.16, 'Zinc': 0.65}","['coriander', 'kiwi', 'garam masala', 'kiwi', 'duck', 'potato']","['Whatever somebody behavior possible message task ever.', 'Factor according final oil movement hit design while middle offer vote.', 'Level maybe hope approach everybody old space box thousand appear create as especially system put.', 'New once heavy subject pull feel heavy benefit goal keep who increase stock home save something.', 'Scene western beautiful allow nature pressure building family senior south available quality rich property.', 'Ready professional style later collection ahead much present already interesting war reveal.', 'Such maintain religious remember military treatment stuff time conference three national poor would.']",54.8,53.6,56.0,54.8,['Kosher'],Christmas,medium
recipe_000183,Example Grill,food_000078,Moroccan,Tamil Nadu,intermediate,56,3,163,32.5,7.5,0.0,"{'Vitamin A': 2.96, 'Vitamin B6': 3.19, 'Vitamin C': 1.67, 'Vitamin D': 2.66, 'Vitamin E': 3.13}","{'Iron': 0.94, 'Calcium': 1.64, 'Magnesium': 2.15, 'Potassium': 0.29, 'Zinc': 1.23}","['honey', 'nutmeg', 'pineapple', 'brown sugar', 'barbecue sauce']","['Then mind those bank majority media eat recent.', 'Someone street film lay traditional possible race meet network win hundred these family.', 'Artist forget avoid back expect debate property break school home art.', 'Sister author both your road she team life easy ahead cup better also.', 'Special city hear many participant nearly official those.', 'Two lead wife call deep continue note argue image pick both.', 'Game return professional during instead beautiful office yard west able never forward place report off early.']",65.5,70.8,60.1,65.5,['Dairy-Free'],Warm Weather,high
recipe_000184,Save Wrap,food_000399,French,Punjab,easy,42,2,340,13.4,1.7,67.8,"{'Vitamin A': 1.27, 'Vitamin B6': 1.13, 'Vitamin C': 2.16, 'Vitamin D': 0.67, 'Vitamin E': 0.75}","{'Iron': 1.96, 'Calcium': 0.95, 'Magnesium': 1.05, 'Potassium': 1.93, 'Zinc': 0.29}","['kiwi', 'bread', 'cauliflower', 'edamame', 'carrot', 'flaxseed', 'kale', 'coconut']","['Suffer knowledge degree two chair spend suddenly major we agree full ever away.', 'Magazine budget home hour garden fear center moment throughout actually everyone or field cause tough plant.', 'Question official issue enjoy organization ago article sit behavior receive bill.', 'Relate yes goal along sign individual century rest.', 'Successful past century age turn beat evidence answer box final ball.', 'Republican new past everything all subject carry open church.', 'Investment determine news of argue keep most within thought those eye behavior low.']",81.2,65.8,96.5,81.2,"['Paleo', 'Heart-Healthy']",Navratri,high
recipe_000185,Close Tandoori,food_000137,Nordic,Assam,easy,35,5,234,5.9,18.3,11.4,"{'Vitamin A': 0.43, 'Vitamin B6': 2.22, 'Vitamin C': 1.49, 'Vitamin D': 2.27, 'Vitamin E': 2.56}","{'Iron': 2.1, 'Calcium': 1.66, 'Magnesium': 1.55, 'Potassium': 1.36, 'Zinc': 0.94}","['ketchup', 'turkey', 'dill', 'broccoli', 'kiwi']","['Standard size beat character management kitchen find together scientist third sport against.', 'Work ground rather large spring finally win plan.', 'Young factor view imagine wait attack quickly appear quickly health forget conference shoulder court easy.', 'Foreign shake blood war say station leave bank challenge baby enough.', 'Rather indeed product store democratic because experience sister how never Democrat.', 'Great know enter others some every quickly without how full exist final series.', 'Great ever second particularly its generation remain care try imagine notice show.', 'Also everything left similar tree western to open.']",84.5,92.0,77.1,84.5,"['High Protein', 'Heart-Healthy']",Monsoon,high
recipe_000186,Through Curry,food_000485,African,Punjab,advanced,82,6,271,35.8,23.5,0.0,"{'Vitamin A': 2.5, 'Vitamin B6': 1.34, 'Vitamin C': 2.37, 'Vitamin D': 1.8, 'Vitamin E': 0.2}","{'Iron': 2.26, 'Calcium': 0.69, 'Magnesium': 2.0, 'Potassium': 1.81, 'Zinc': 0.96}","['berries', 'zucchini', 'garam masala', 'spinach', 'ginger paste', 'chocolate', 'walnuts', 'potato']","['Around take she think look church return issue wife us recent herself past space gas.', 'Return people out although again watch will approach strategy meet success issue least her tell.', 'Race receive time run hot ago he reveal president southern body million.', 'North investment many bank listen great office rich break order trial.']",64.1,57.5,70.7,64.1,"['Diabetes-Friendly', 'Low Sodium']",Back to School,premium
recipe_000187,Role Tandoori,food_000301,Thai,Punjab,easy,83,3,817,32.3,9.8,149.9,"{'Vitamin A': 2.74, 'Vitamin B6': 1.4, 'Vitamin C': 2.84, 'Vitamin D': 1.57, 'Vitamin E': 3.18}","{'Iron': 0.38, 'Calcium': 0.49, 'Magnesium': 0.73, 'Potassium': 0.15, 'Zinc': 1.64}","['zucchini', 'honey', 'walnuts', 'vinegar', 'brown sugar', 'coconut', 'turmeric powder', 'chickpeas', 'cinnamon', 'oregano']","['Congress soldier set your agent affect my wrong population.', 'Once decision card mean or heart article time require.', 'Quality in base rise PM despite prevent degree able perhaps place behavior.', 'Leader make pay once religious family military they no beat left week subject.', 'Room knowledge clearly artist goal may get general enter perhaps local radio project clear walk thought.', 'Position recognize dinner from change before save movie federal worry when upon.', 'West president order available early number today out alone own management give themselves somebody law.', 'Ability throw either five quality image rule beyond whether about program just.']",90.5,92.8,88.2,90.5,"['Dairy-Free', 'Low Carb', 'Vegan']",Navratri,medium
recipe_000188,Final Curry,food_000390,South Indian,Punjab,advanced,35,2,690,7.4,27.6,103.0,"{'Vitamin A': 1.35, 'Vitamin B6': 2.54, 'Vitamin C': 3.46, 'Vitamin D': 1.0, 'Vitamin E': 1.41}","{'Iron': 2.15, 'Calcium': 0.73, 'Magnesium': 2.29, 'Potassium': 2.2, 'Zinc': 1.53}","['fish sauce', 'cinnamon', 'cabbage', 'paneer', 'walnuts', 'lentils', 'paprika', 'kidney beans', 'turmeric']","['Animal ten industry week its but chair article her while will successful prevent.', 'May exactly sort buy wind fly talk blood speech onto final parent consider.', 'Certain trip good seem suddenly clearly have Mr your our leave human attorney.', 'Dog or camera serious idea interest street spend without while marriage include seem base general mouth.', 'Finish great degree military only thus main treat finally American concern person his time.']",68.1,65.2,71.0,68.1,['Pescatarian'],Autumn,high
recipe_000189,Fear Bowl,food_000398,Greek,South India,advanced,45,6,396,10.1,28.4,25.0,"{'Vitamin A': 3.23, 'Vitamin B6': 0.58, 'Vitamin C': 0.51, 'Vitamin D': 1.35, 'Vitamin E': 1.97}","{'Iron': 0.3, 'Calcium': 2.15, 'Magnesium': 0.72, 'Potassium': 0.44, 'Zinc': 0.9}","['kale', 'cilantro', 'kiwi', 'chicken', 'tofu', 'ketchup', 'watermelon', 'kiwi', 'cottage cheese', 'black pepper', 'dill', 'mustard']","['Believe sport under successful never determine job method Democrat.', 'Anything represent write conference so most week blue sing quality.', 'Argue religious war relate opportunity garden any institution respond simply authority Mr prepare common.', 'Order establish tough almost probably drop usually well improve try onto edge six design eye.', 'Group writer quickly just any discussion information activity color trial eat analysis blood west reason.', 'Want tough child professional great plan trouble strong figure war federal available under eye animal.']",70.7,66.9,74.5,70.7,['Pescatarian'],Summer Vacation,premium
recipe_000190,Bill Bowl,food_000133,Moroccan,Goa,easy,45,1,776,26.7,23.9,113.5,"{'Vitamin A': 3.08, 'Vitamin B6': 2.89, 'Vitamin C': 0.86, 'Vitamin D': 1.61, 'Vitamin E': 1.64}","{'Iron': 1.37, 'Calcium': 0.98, 'Magnesium': 0.81, 'Potassium': 0.51, 'Zinc': 1.13}","['watermelon', 'garam masala', 'peach', 'tofu', 'chocolate', 'mustard', 'vanilla']","['We account word lawyer blue history kind item kitchen.', 'Movement suffer final expect trade especially plan hundred our hit.', 'Focus carry cultural this commercial model child cultural reach all treatment manager.', 'Child middle activity individual cut different play agency special it.', 'Visit move phone rock area religious piece because thank western gas guess these relate.', 'Back town service cut room drive across increase ball partner whole community brother number form.']",64.2,71.4,57.1,64.2,"['Vegan', 'Heart-Healthy', 'Kosher']",Citrus Season,high
recipe_000191,Ask Salad,food_000418,Filipino,Uttar Pradesh,easy,108,2,529,37.4,2.7,88.8,"{'Vitamin A': 2.58, 'Vitamin B6': 0.32, 'Vitamin C': 0.73, 'Vitamin D': 1.67, 'Vitamin E': 2.98}","{'Iron': 0.53, 'Calcium': 1.04, 'Magnesium': 1.43, 'Potassium': 0.6, 'Zinc': 1.36}","['spinach', 'tofu', 'lemon', 'cayenne', 'kiwi']","['Hear arrive fight after few least these glass.', 'Beyond movement have form imagine nature career skill hold.', 'Sport catch include buy far on doctor college consider arm.', 'Item discuss child country hand past matter say.', 'Ten sort form western sure wrong card ago soon card peace change consumer others.']",79.7,64.5,94.9,79.7,"['Gluten-Free', 'High Protein']",Festive,low
recipe_000192,Approach Stew,food_000102,Nordic,Maharashtra,intermediate,39,6,282,16.4,12.4,26.2,"{'Vitamin A': 1.27, 'Vitamin B6': 2.55, 'Vitamin C': 3.39, 'Vitamin D': 1.3, 'Vitamin E': 3.14}","{'Iron': 1.55, 'Calcium': 0.57, 'Magnesium': 0.62, 'Potassium': 0.47, 'Zinc': 1.51}","['bell pepper', 'almond milk', 'tofu', 'broccoli', 'watermelon', 'cabbage', 'mango', 'almond milk', 'squash', 'lemongrass', 'feta']","['Later key region some time young scientist according collection agree probably dark age.', 'Second single check brother budget industry it during picture.', 'Star half example important support forward here different last see.', 'Away order field its heavy senior of society.', 'It throw head least measure responsibility room ground gun book establish notice decision court all artist.']",79.0,72.5,85.5,79.0,"['Low Sugar', 'Heart-Healthy', 'Low Carb']",Berry Season,medium
recipe_000193,Chair Bowl,food_000001,Indonesian,Karnataka,advanced,113,2,452,34.4,24.3,23.9,"{'Vitamin A': 1.29, 'Vitamin B6': 0.22, 'Vitamin C': 1.45, 'Vitamin D': 3.19, 'Vitamin E': 1.97}","{'Iron': 1.11, 'Calcium': 1.23, 'Magnesium': 0.96, 'Potassium': 1.2, 'Zinc': 2.21}","['feta', 'soy sauce', 'kale', 'cumin', 'almonds', 'mustard seed', 'mustard seed', 'yogurt']","['Light fine happy step position training rule culture participant anything.', 'Yard indicate talk quality ready according we score either child.', 'Leader sister type speak run many attorney bag.', 'Cold listen matter say employee bed traditional.', 'Seat capital field both agent fund event ahead type.', 'Action industry available already save probably data red it property oil design could hold.', 'Environmental common simply stage quickly large turn heart.', 'Husband agree we whole owner bad popular clearly spend carry kid matter level.']",88.5,86.4,90.6,88.5,['Kosher'],Spring,low
recipe_000194,Store Curry,food_000008,Mediterranean,Andhra Pradesh,easy,98,2,207,7.9,3.9,35.1,"{'Vitamin A': 3.24, 'Vitamin B6': 2.69, 'Vitamin C': 1.92, 'Vitamin D': 0.98, 'Vitamin E': 1.47}","{'Iron': 0.54, 'Calcium': 1.07, 'Magnesium': 0.68, 'Potassium': 0.42, 'Zinc': 2.26}","['pineapple', 'peach', 'pineapple', 'squash', 'cabbage', 'chia seeds', 'yogurt', 'dill']","['Economy take magazine interest read free third.', 'Vote discover professional generation local series can its theory individual effect wall seat until.', 'Truth side dream far science system way effect agree detail other point daughter hair.', 'Magazine pass join total store matter use situation close point.', 'If citizen player garden economic move ok voice two home leader.', 'Newspaper paper southern development bad amount make a maybe against.', 'Create feel public mention company set get.']",89.1,95.5,82.7,89.1,['Low Sodium'],Summer Vacation,low
recipe_000195,Write Stew,food_000325,Vietnamese,Telangana,advanced,71,2,702,13.1,34.9,83.9,"{'Vitamin A': 1.48, 'Vitamin B6': 1.38, 'Vitamin C': 2.89, 'Vitamin D': 2.2, 'Vitamin E': 3.48}","{'Iron': 0.56, 'Calcium': 1.54, 'Magnesium': 2.08, 'Potassium': 0.63, 'Zinc': 2.07}","['flaxseed', 'garam masala', 'grapes', 'kiwi', 'squash', 'cabbage', 'bell pepper']","['Why civil question strong game hair home.', 'Area beyond seat according reflect risk growth for poor yard lead realize particularly dark politics.', 'None hope attorney civil than indicate threat husband wide beautiful.', 'Be spend peace health instead increase language hope.', 'Window society question represent analysis across behind arrive responsibility beat manage off give voice.', 'Over sort three draw arm statement where television rich likely.']",83.7,97.5,69.9,83.7,['Keto'],Cold Weather,low
recipe_000196,House Curry,food_000140,North Indian,West Bengal,easy,50,6,780,32.1,10.0,140.4,"{'Vitamin A': 0.85, 'Vitamin B6': 1.41, 'Vitamin C': 1.46, 'Vitamin D': 0.29, 'Vitamin E': 2.77}","{'Iron': 1.56, 'Calcium': 0.6, 'Magnesium': 1.92, 'Potassium': 1.14, 'Zinc': 0.9}","['almonds', 'pineapple', 'bread', 'edamame', 'black pepper', 'apple', 'pineapple', 'egg', 'lemon', 'lentils']","['Break control action number fish according major participant crime security staff statement style least.', 'Deal think although together kind itself travel will.', 'Quite candidate wind seat cover eye everybody off each fire four wish story oil put analysis.', 'Today yet dream task food happy group within design scientist how find.']",67.9,45.3,90.6,67.9,"['Diabetes-Friendly', 'Vegetarian']",Eid,high
recipe_000197,Near Grill,food_000129,Japanese,Delhi,easy,113,2,154,32.4,32.8,0.0,"{'Vitamin A': 2.04, 'Vitamin B6': 2.38, 'Vitamin C': 2.06, 'Vitamin D': 1.38, 'Vitamin E': 3.45}","{'Iron': 1.4, 'Calcium': 1.09, 'Magnesium': 1.19, 'Potassium': 1.87, 'Zinc': 0.23}","['almond milk', 'chickpeas', 'potato', 'potato', 'coconut', 'edamame', 'peach', 'pork', 'beef', 'mustard seed', 'chickpeas']","['More central cold on south floor real middle avoid no entire appear writer rather military.', 'New believe more matter talk not trouble however into benefit culture.', 'Conference bill exactly condition woman court democratic opportunity.', 'There early very discover nothing attack either remain stock production make yes treat soon stand.']",74.0,64.5,83.4,74.0,['Low Carb'],Festive,premium
recipe_000198,Common Salad,food_000500,British,Sikkim,intermediate,39,1,762,2.6,22.0,138.4,"{'Vitamin A': 3.18, 'Vitamin B6': 2.21, 'Vitamin C': 1.67, 'Vitamin D': 2.03, 'Vitamin E': 1.64}","{'Iron': 0.18, 'Calcium': 2.2, 'Magnesium': 1.14, 'Potassium': 0.26, 'Zinc': 1.04}","['lemon', 'bread', 'potato', 'zucchini', 'mango', 'oats']","['Picture edge fast analysis science young draw sure cold land stock top out level politics.', 'Research draw create about police again still.', 'Movement imagine director rather ability listen effect medical reason art last through work quality ago.', 'Really pressure much early key show accept remain bad.', 'Last total dinner son question write else if discuss.', 'North attack hotel happen dog whose ahead among station turn.', 'Keep many Congress according throughout later set.']",66.5,50.1,83.0,66.5,"['Low Sodium', 'Gluten-Free', 'High Protein']",Citrus Season,premium
recipe_000199,Beautiful Wrap,food_000346,Nordic,Central India,easy,25,2,108,19.5,12.2,0.0,"{'Vitamin A': 0.79, 'Vitamin B6': 2.15, 'Vitamin C': 2.24, 'Vitamin D': 1.4, 'Vitamin E': 1.15}","{'Iron': 0.17, 'Calcium': 1.23, 'Magnesium': 1.7, 'Potassium': 1.37, 'Zinc': 0.84}","['apple', 'sour cream', 'coriander', 'soy sauce', 'walnuts', 'barbecue sauce', 'pumpkin', 'quinoa', 'squash', 'kiwi', 'mango', 'oats']","['Turn floor fund begin scene figure fact chance bar.', 'Responsibility situation modern second country his east before visit away politics account common thus season continue.', 'Very certain smile statement later there science occur send.', 'Worker material force than candidate sign simple decision adult relationship support look.', 'Somebody Mr fast serve into road once recently statement lawyer Mr.', 'Because character special expect whether college close.']",76.4,73.1,79.8,76.4,['Low Sodium'],Autumn,low
recipe_000200,You Wrap,food_000181,South Indian,Gujarat,intermediate,54,4,104,31.4,17.3,0.0,"{'Vitamin A': 1.15, 'Vitamin B6': 2.36, 'Vitamin C': 1.58, 'Vitamin D': 1.46, 'Vitamin E': 2.05}","{'Iron': 1.4, 'Calcium': 2.13, 'Magnesium': 2.05, 'Potassium': 0.3, 'Zinc': 1.9}","['mozzarella', 'salmon', 'cayenne', 'rice', 'flaxseed', 'onion', 'rice', 'turmeric', 'coriander', 'pineapple', 'mint', 'cinnamon']","['Reason late strategy including become myself bit before decade situation.', 'Note effort already wonder discover boy represent final will.', 'Pass cold for experience message beyond improve management board population entire.', 'Middle require gun particularly next author deal beat hit campaign country change ever ten foot management.', 'Entire opportunity major maybe recent along amount success try wish author oil executive site agency.', 'So family think adult quality lot sing institution class day election pattern single institution top.']",84.4,97.6,71.3,84.4,"['Vegan', 'Paleo', 'Pescatarian']",Navratri,low
