record_id,user_id,food_id,recipe_id,restaurant_id,mood,emotion,weather,season,disease_context,calorie_target,recommended_at,score,reason,status
rec_0000001,user_00196,food_000434,,restaurant_00027,Focused,excited,Heatwave,Navratri,Digestive Disorder,1795.0,2026-07-27T05:15:57.936118+00:00,0.504,Citizen college say beat power poor both local beyond both exactly.,served
rec_0000002,user_00076,food_000371,recipe_000051,,Cheerful,determined,Cold,Eid,Diabetes,1528.0,2026-07-27T05:15:57.936212+00:00,0.521,Tough billion pretty remain without yourself dinner television eye water training.,served
rec_0000003,user_00049,food_000031,recipe_000076,,Motivated,lonely,Cloudy,Autumn,,2234.0,2026-07-27T05:15:57.936253+00:00,0.549,Herself no century general field he view laugh grow effect admit new finish leave.,bookmarked
rec_0000004,user_00170,food_000394,,,Cozy,nostalgic,Cool,Navratri,,2021.0,2026-07-27T05:15:57.936283+00:00,0.383,Analysis statement natural simply enter conference and read environmental today bring soon outside turn bar agree.,skipped
rec_0000005,user_00153,food_000303,,,Savory,mellow,Festive,Valentine,,1512.0,2026-07-27T05:15:57.936309+00:00,0.588,Black reveal it heavy have item then five feel where class learn not democratic.,served
rec_0000006,user_00159,food_000470,recipe_000027,,Romantic,focused,Misty,Citrus Season,,1591.0,2026-07-27T05:15:57.936334+00:00,0.312,Executive hit see general describe join bed debate stop benefit miss if.,skipped
rec_0000007,user_00041,food_000341,,restaurant_00032,Sunny,lonely,Snowy,Thanksgiving,,1657.0,2026-07-27T05:15:57.936362+00:00,0.405,Animal join bit himself hold nothing treat good perhaps site likely sit theory soon business.,served
rec_0000008,user_00163,food_000416,recipe_000164,,Sunny,satisfied,Festive,Warm Weather,,1699.0,2026-07-27T05:15:57.936384+00:00,0.321,Unit while five raise enter person daughter letter station campaign land.,skipped
rec_0000009,user_00162,food_000139,recipe_000182,,Comfort,joyful,Cold,Warm Weather,,2120.0,2026-07-27T05:15:57.936405+00:00,0.64,State shoulder example international building serve want model.,skipped
rec_0000010,user_00142,food_000322,recipe_000181,,Adventurous,joyful,Rainy,Citrus Season,,1947.0,2026-07-27T05:15:57.936427+00:00,0.686,Friend series despite region teach task away chair place machine couple majority.,recommended
rec_0000011,user_00189,food_000066,,,Motivated,calm,Snowy,Berry Season,,2004.0,2026-07-27T05:15:57.936448+00:00,0.531,Dream company world should affect without close owner body size interview surface woman expert.,served
rec_0000012,user_00085,food_000347,recipe_000165,,Adventurous,romantic,Heatwave,Christmas,Thyroid,1489.0,2026-07-27T05:15:57.936470+00:00,0.499,Cut decision any environment color TV discussion evidence measure yeah.,served
rec_0000013,user_00045,food_000406,recipe_000047,,Cozy,pensive,Cold,Diwali,,1939.0,2026-07-27T05:15:57.936492+00:00,0.611,Building growth feel approach involve tonight dream doctor future store million.,recommended
rec_0000014,user_00178,food_000311,recipe_000011,restaurant_00006,Festive,mellow,Cloudy,Citrus Season,,2596.0,2026-07-27T05:15:57.936512+00:00,0.648,Anyone effort get voice until staff these know clearly sing fire than recognize yes.,recommended
rec_0000015,user_00101,food_000494,recipe_000053,,Sunny,relaxed,Cold,Thanksgiving,,1851.0,2026-07-27T05:15:57.936533+00:00,0.655,Any organization local wide past seek suggest deep lot discover anything later while source.,recommended
rec_0000016,user_00136,food_000261,recipe_000114,restaurant_00098,Comforting,confident,Festive,Berry Season,,1551.0,2026-07-27T05:15:57.936554+00:00,0.442,Establish mind summer could chance organization outside set civil others.,served
rec_0000017,user_00107,food_000332,,restaurant_00152,Comfort,determined,Cloudy,Autumn,,1796.0,2026-07-27T05:15:57.936574+00:00,0.684,Get record down grow building reflect might firm animal such boy political difference event want any.,served
rec_0000018,user_00072,food_000247,recipe_000071,restaurant_00115,Relaxed,energetic,Holiday,Berry Season,Arthritis,1434.0,2026-07-27T05:15:57.936596+00:00,0.443,Bank civil series throw know smile support story he cause person.,served
rec_0000019,user_00195,food_000370,recipe_000134,restaurant_00196,Cheerful,relieved,Stormy,Cold Weather,Cholesterol,2566.0,2026-07-27T05:15:57.936617+00:00,0.5,Suggest information hot push with development reveal a.,served
rec_0000020,user_00151,food_000365,recipe_000067,,Sweet,relieved,Rainy,Eid,,2302.0,2026-07-27T05:15:57.936636+00:00,0.388,Lose lead activity professor what present store tax leg Democrat hot stage fill.,skipped
rec_0000021,user_00151,food_000184,recipe_000189,,Social,romantic,Rainy,Warm Weather,,1852.0,2026-07-27T05:15:57.936656+00:00,0.387,Expert scientist per knowledge item population miss morning blue individual.,recommended
rec_0000022,user_00127,food_000005,recipe_000066,restaurant_00195,Peaceful,playful,Heatwave,Thanksgiving,,2079.0,2026-07-27T05:15:57.936675+00:00,0.562,Leave such send hundred manager gun local of trip top.,skipped
rec_0000023,user_00152,food_000457,,restaurant_00170,Spicy,curious,Humid,Festive,,1737.0,2026-07-27T05:15:57.936695+00:00,0.795,Where between cover catch whose bed cause.,served
rec_0000024,user_00195,food_000392,,,Calm,stressed,Dry,Spring,,2444.0,2026-07-27T05:15:57.936713+00:00,0.655,White nothing reality political significant cover control fund local sport central move tell admit.,recommended
rec_0000025,user_00138,food_000373,,restaurant_00109,Happy,confident,Monsoon,Summer Vacation,Thyroid,1970.0,2026-07-27T05:15:57.936734+00:00,0.524,Piece city compare rock either measure seven generation item husband line director.,skipped
rec_0000026,user_00123,food_000499,,,Cheerful,satisfied,Holiday,Ramadan,,1562.0,2026-07-27T05:15:57.936753+00:00,0.459,Coach product remain father low should house power western arrive whether quality third owner.,skipped
rec_0000027,user_00021,food_000481,recipe_000089,restaurant_00182,Cheerful,tired,Humid,Summer Vacation,,2400.0,2026-07-27T05:15:57.936773+00:00,0.489,Financial product assume perhaps carry top ground event account claim soldier ability study.,recommended
rec_0000028,user_00071,food_000045,recipe_000017,restaurant_00075,Peaceful,playful,Humid,Thanksgiving,,1646.0,2026-07-27T05:15:57.936793+00:00,0.879,Author camera might do professor picture son no radio truth front compare each.,served
rec_0000029,user_00158,food_000317,recipe_000066,,Festive,tired,Thunderstorm,Eid,,1547.0,2026-07-27T05:15:57.936813+00:00,0.83,Buy relate such one wife road management far possible marriage lay.,recommended
rec_0000030,user_00080,food_000455,,,Peaceful,tired,Thunderstorm,New Year,,1416.0,2026-07-27T05:15:57.936832+00:00,0.93,Group identify kind bill open it race marriage hit.,served
rec_0000031,user_00145,food_000490,,restaurant_00048,Energized,satisfied,Windy,Christmas,,1477.0,2026-07-27T05:15:57.936852+00:00,0.359,Rate drug nature writer executive right final drive although exist strategy risk.,bookmarked
rec_0000032,user_00148,food_000244,recipe_000040,,Festive,anxious,Snowy,Summer Vacation,,2508.0,2026-07-27T05:15:57.936872+00:00,0.846,Soldier candidate east thought eight major arm throughout audience clear east table growth early pretty month.,skipped
rec_0000033,user_00079,food_000396,recipe_000043,,Cozy,lonely,Rainy,Warm Weather,,1920.0,2026-07-27T05:15:57.936892+00:00,0.601,Throw car growth speech of raise visit box election most in quality.,served
rec_0000034,user_00022,food_000412,recipe_000130,restaurant_00071,Comfort,pensive,Dry,Harvest,,2533.0,2026-07-27T05:15:57.936912+00:00,0.303,Stay near side everyone room husband any school instead thought professional just he local.,bookmarked
rec_0000035,user_00057,food_000225,recipe_000096,restaurant_00135,Sunny,playful,Monsoon,Autumn,,2068.0,2026-07-27T05:15:57.936932+00:00,0.48,Avoid return end wide heart general lot letter expect early.,recommended
rec_0000036,user_00005,food_000177,,,Sunny,melancholic,Festive,Thanksgiving,,1947.0,2026-07-27T05:15:57.936949+00:00,0.943,Project site by air anything kitchen smile strategy than matter high forward style easy.,recommended
rec_0000037,user_00163,food_000359,,,Cheerful,relieved,Dry,Christmas,,2012.0,2026-07-27T05:15:57.936969+00:00,0.731,Have enter knowledge process customer any else lay four must structure argue actually.,served
rec_0000038,user_00028,food_000307,recipe_000182,restaurant_00090,Cozy,serene,Snowy,Summer Vacation,,1487.0,2026-07-27T05:15:57.936989+00:00,0.418,Gas all us him fall book activity what worry follow race.,served
rec_0000039,user_00092,food_000497,,restaurant_00167,Social,lonely,Stormy,Winter,,2329.0,2026-07-27T05:15:57.937009+00:00,0.535,Few fight type world cold item stay bill back director fear instead authority.,bookmarked
rec_0000040,user_00141,food_000072,,,Focused,confident,Foggy,Harvest,,2159.0,2026-07-27T05:15:57.937027+00:00,0.574,Doctor say buy player author expert campaign even successful place pay easy half.,bookmarked
rec_0000041,user_00074,food_000384,,,Savory,energetic,Sunny,Ramadan,,1568.0,2026-07-27T05:15:57.937045+00:00,0.76,Teach ok several sell house before though million region ago style site role hot.,served
rec_0000042,user_00156,food_000259,,,Comforting,excited,Snowy,Warm Weather,,1967.0,2026-07-27T05:15:57.937065+00:00,0.506,Foot memory drop customer much produce exist future hold current work single population administration.,bookmarked
rec_0000043,user_00155,food_000400,,,Romantic,confident,Foggy,Berry Season,,2464.0,2026-07-27T05:15:57.937084+00:00,0.824,Join detail will perform I draw water.,skipped
rec_0000044,user_00133,food_000400,recipe_000170,restaurant_00070,Motivated,serene,Thunderstorm,Eid,,2053.0,2026-07-27T05:15:57.937102+00:00,0.702,Among hundred pressure generation as tough year fact authority cultural million property heart whose as.,served
rec_0000045,user_00124,food_000010,,,Savory,content,Dry,Citrus Season,,1855.0,2026-07-27T05:15:57.937120+00:00,0.979,Billion maybe admit tax behind threat stay add event blue least.,recommended
rec_0000046,user_00138,food_000242,recipe_000027,,Cozy,pensive,Holiday,Festive,,1405.0,2026-07-27T05:15:57.937139+00:00,0.873,Owner believe fine bad fear stuff involve stop plant last where four miss.,bookmarked
rec_0000047,user_00197,food_000314,recipe_000014,,Calm,adventurous,Windy,Eid,,2349.0,2026-07-27T05:15:57.937159+00:00,0.622,American health from just instead discuss cause collection similar manager whatever store.,served
rec_0000048,user_00170,food_000025,,restaurant_00165,Festive,serene,Breezy,New Year,,1938.0,2026-07-27T05:15:57.937178+00:00,0.466,Piece future east doctor take pattern school military paper.,served
rec_0000049,user_00169,food_000135,recipe_000124,,Comforting,stressed,Breezy,Summer Vacation,,1921.0,2026-07-27T05:15:57.937196+00:00,0.372,Fish road consider anything right executive staff Democrat natural.,bookmarked
rec_0000050,user_00070,food_000332,recipe_000163,,Romantic,playful,Seasonal,Navratri,,2166.0,2026-07-27T05:15:57.937213+00:00,0.623,Itself arm activity candidate age partner word edge national employee loss month.,bookmarked
rec_0000051,user_00039,food_000122,recipe_000138,,Comforting,stressed,Seasonal,Winter,,2592.0,2026-07-27T05:15:57.937233+00:00,0.842,Green to eat course have often newspaper bank move commercial thought style possible happy.,bookmarked
rec_0000052,user_00125,food_000383,recipe_000125,,Peaceful,calm,Thunderstorm,Christmas,Kidney Disease,2487.0,2026-07-27T05:15:57.937254+00:00,0.834,Central ability huge its newspaper character also agreement base system kitchen arm base pull none.,bookmarked
rec_0000053,user_00161,food_000328,,,Focused,nostalgic,Dry,Citrus Season,,2018.0,2026-07-27T05:15:57.937273+00:00,0.606,Same certain there discuss administration probably source drug no.,bookmarked
rec_0000054,user_00005,food_000239,,,Sweet,serene,Windy,Valentine,,2409.0,2026-07-27T05:15:57.937290+00:00,0.762,Since authority number give own necessary country tree very smile.,recommended
rec_0000055,user_00185,food_000415,recipe_000178,,Nostalgic,calm,Seasonal,Eid,,2571.0,2026-07-27T05:15:57.937308+00:00,0.535,Seat card after enjoy key into crime feel shake their artist receive.,served
rec_0000056,user_00133,food_000365,,restaurant_00096,Sunny,melancholic,Windy,Back to School,Celiac Disease,2195.0,2026-07-27T05:15:57.937330+00:00,0.37,Which six and accept cup understand person model large business baby number term hand.,served
rec_0000057,user_00118,food_000179,recipe_000008,restaurant_00011,Romantic,serene,Rainy,Christmas,,1952.0,2026-07-27T05:15:57.937353+00:00,0.696,Democrat executive I together as house outside difficult parent blue debate rate.,recommended
rec_0000058,user_00140,food_000222,recipe_000046,restaurant_00081,Cheerful,curious,Windy,Christmas,,1719.0,2026-07-27T05:15:57.937373+00:00,0.376,Certain home single someone become degree level.,bookmarked
rec_0000059,user_00149,food_000415,recipe_000171,restaurant_00150,Cozy,serene,Misty,New Year,,1805.0,2026-07-27T05:15:57.937392+00:00,0.846,Social memory conference water successful there tough cost history.,recommended
rec_0000060,user_00062,food_000189,recipe_000092,restaurant_00153,Cozy,melancholic,Monsoon,Spring,,1672.0,2026-07-27T05:15:57.937411+00:00,0.668,Career very believe image bank somebody between offer poor bit wait notice take.,skipped
rec_0000061,user_00070,food_000399,,,Comforting,satisfied,Windy,Harvest,,1552.0,2026-07-27T05:15:57.937428+00:00,0.488,Service argue partner bed have control choose lot whole.,served
rec_0000062,user_00155,food_000240,recipe_000080,,Nostalgic,tired,Stormy,Thanksgiving,,1860.0,2026-07-27T05:15:57.937448+00:00,0.516,Phone recently party no remember address professional every citizen by development decade fill reduce finish.,recommended
rec_0000063,user_00114,food_000394,recipe_000017,restaurant_00069,Peaceful,joyful,Dry,Winter,,2334.0,2026-07-27T05:15:57.937469+00:00,0.765,Itself enter remain he success adult story million part many.,skipped
rec_0000064,user_00094,food_000397,recipe_000094,restaurant_00040,Sunny,satisfied,Sunny,Summer Vacation,Liver Health,2101.0,2026-07-27T05:15:57.937487+00:00,0.425,Whom machine billion talk move assume finish worker big entire next future weight sea.,recommended
rec_0000065,user_00061,food_000460,recipe_000152,restaurant_00182,Relaxed,anxious,Heatwave,Summer Vacation,,2594.0,2026-07-27T05:15:57.937506+00:00,0.372,Kitchen prove sport quickly home your none well artist time seek debate similar.,skipped
rec_0000066,user_00173,food_000066,recipe_000043,,Focused,relaxed,Humid,Christmas,Hypertension,2599.0,2026-07-27T05:15:57.937546+00:00,0.638,True space culture heart market film more situation stuff listen staff town focus.,skipped
rec_0000067,user_00086,food_000415,recipe_000079,,Cheerful,serene,Foggy,Citrus Season,,2173.0,2026-07-27T05:15:57.937571+00:00,0.931,Evidence nothing morning represent section number about course it.,skipped
rec_0000068,user_00047,food_000192,recipe_000082,,Relaxed,calm,Heatwave,Autumn,,2490.0,2026-07-27T05:15:57.937590+00:00,0.759,Hear group information little ready former least experience.,bookmarked
rec_0000069,user_00022,food_000110,,,Peaceful,joyful,Warm,Monsoon,Arthritis,2505.0,2026-07-27T05:15:57.937609+00:00,0.369,Member environmental step magazine threat build perform concern fast.,skipped
rec_0000070,user_00114,food_000429,recipe_000110,restaurant_00200,Romantic,lonely,Foggy,Ramadan,,1932.0,2026-07-27T05:15:57.937629+00:00,0.564,Shake film it ok senior very realize great make training majority hotel investment cold her smile.,skipped
rec_0000071,user_00043,food_000015,recipe_000067,restaurant_00063,Social,nostalgic,Warm,Valentine,,1599.0,2026-07-27T05:15:57.937648+00:00,0.377,Reflect weight oil hour central hold present daughter clearly service number assume possible.,recommended
rec_0000072,user_00044,food_000278,,,Social,joyful,Heatwave,Ramadan,,2208.0,2026-07-27T05:15:57.937666+00:00,0.935,That its friend more international win plant laugh business natural.,recommended
rec_0000073,user_00124,food_000024,recipe_000003,restaurant_00170,Happy,confident,Windy,Cold Weather,,2352.0,2026-07-27T05:15:57.937685+00:00,0.56,Air a arm well political cell despite several leader hear major.,bookmarked
rec_0000074,user_00001,food_000248,recipe_000124,restaurant_00017,Cozy,hopeful,Windy,Ramadan,Obesity,2517.0,2026-07-27T05:15:57.937704+00:00,0.661,Yet job star front partner spring somebody southern like.,recommended
rec_0000075,user_00144,food_000026,recipe_000027,restaurant_00148,Calm,melancholic,Stormy,Festive,,2009.0,2026-07-27T05:15:57.937723+00:00,0.751,Turn ok produce brother pressure attorney analysis also.,recommended
rec_0000076,user_00066,food_000315,recipe_000077,,Savory,excited,Misty,Spring,,1872.0,2026-07-27T05:15:57.937741+00:00,0.72,Take future major outside until defense question tend behind power plant wear cell matter.,served
rec_0000077,user_00100,food_000402,recipe_000146,,Sweet,relieved,Monsoon,Citrus Season,Obesity,1667.0,2026-07-27T05:15:57.937761+00:00,0.532,Serious kitchen now nor pattern throw specific down piece personal baby decide page also.,served
rec_0000078,user_00181,food_000493,recipe_000175,,Spicy,excited,Cold,Cold Weather,,1784.0,2026-07-27T05:15:57.937781+00:00,0.574,Including often executive activity just material late believe.,skipped
rec_0000079,user_00149,food_000201,recipe_000003,,Focused,calm,Warm,New Year,PCOS,2215.0,2026-07-27T05:15:57.937800+00:00,0.803,Choose she indeed imagine grow determine size prove American sport sure body spend.,bookmarked
rec_0000080,user_00044,food_000206,recipe_000036,,Cozy,inspired,Sunny,Cold Weather,,2332.0,2026-07-27T05:15:57.937818+00:00,0.553,Discussion part point black door partner cover design national it treatment several help.,bookmarked
rec_0000081,user_00132,food_000006,,restaurant_00155,Calm,bored,Cold,Cold Weather,,2431.0,2026-07-27T05:15:57.937836+00:00,0.871,Choice land president before board modern have window sister simply interesting color day short its.,skipped
rec_0000082,user_00175,food_000430,recipe_000022,,Comforting,serene,Stormy,Navratri,,2383.0,2026-07-27T05:15:57.937857+00:00,0.515,Garden over store guy price political be see important difference glass between time finally he agency.,bookmarked
rec_0000083,user_00097,food_000294,,restaurant_00089,Romantic,joyful,Humid,Summer,,1581.0,2026-07-27T05:15:57.937877+00:00,0.404,Assume loss understand with century option economy small democratic owner president now rule sister generation gun.,skipped
rec_0000084,user_00049,food_000045,recipe_000095,restaurant_00163,Sweet,focused,Monsoon,Warm Weather,,1851.0,2026-07-27T05:15:57.937897+00:00,0.534,Treatment green suddenly much hundred statement energy middle enter lose girl full forward if.,recommended
rec_0000085,user_00026,food_000253,recipe_000021,restaurant_00180,Comfort,bored,Rainy,Eid,,2325.0,2026-07-27T05:15:57.937916+00:00,0.926,Feeling no here also environment west you agent discuss paper.,bookmarked
rec_0000086,user_00019,food_000067,,restaurant_00098,Comfort,relaxed,Cloudy,Christmas,,1874.0,2026-07-27T05:15:57.937935+00:00,0.825,Indeed avoid scientist indeed join miss himself.,bookmarked
rec_0000087,user_00054,food_000123,recipe_000144,,Spicy,serene,Misty,Back to School,,2292.0,2026-07-27T05:15:57.937952+00:00,0.892,Walk guess plan later let condition cost five resource these tough short activity.,served
rec_0000088,user_00100,food_000144,,,Sweet,pensive,Breezy,Citrus Season,,1877.0,2026-07-27T05:15:57.937973+00:00,0.882,New country process book arrive sport follow parent mouth owner.,recommended
rec_0000089,user_00195,food_000122,,,Festive,inspired,Thunderstorm,Back to School,,2423.0,2026-07-27T05:15:57.937990+00:00,0.918,Kid avoid page radio order money bag democratic wind single marriage across difference brother improve ability.,bookmarked
rec_0000090,user_00088,food_000060,recipe_000078,restaurant_00137,Energized,inspired,Cool,Back to School,,1844.0,2026-07-27T05:15:57.938010+00:00,0.882,Mrs specific art car American catch avoid early story him prepare discuss court worry structure.,served
rec_0000091,user_00089,food_000199,,,Nostalgic,hopeful,Monsoon,Spring,,2595.0,2026-07-27T05:15:57.938029+00:00,0.915,Home here work wonder authority soldier save interesting baby office.,bookmarked
rec_0000092,user_00149,food_000368,recipe_000123,,Romantic,calm,Windy,Spring,,2579.0,2026-07-27T05:15:57.938045+00:00,0.626,Necessary yet season feeling thought improve list me may.,bookmarked
rec_0000093,user_00116,food_000186,,restaurant_00108,Cheerful,serene,Snowy,Summer Vacation,,2333.0,2026-07-27T05:15:57.938062+00:00,0.405,Public debate write back thing degree wrong bed.,recommended
rec_0000094,user_00175,food_000296,,restaurant_00069,Comfort,energetic,Dry,Warm Weather,Arthritis,1928.0,2026-07-27T05:15:57.938080+00:00,0.96,Dream onto member very structure describe player entire community marriage between which medical.,recommended
rec_0000095,user_00136,food_000440,,,Cozy,playful,Holiday,Berry Season,Liver Health,2235.0,2026-07-27T05:15:57.938099+00:00,0.347,Stand exist tough wrong last where almost.,skipped
rec_0000096,user_00105,food_000401,recipe_000009,restaurant_00114,Motivated,determined,Breezy,Back to School,,2359.0,2026-07-27T05:15:57.938118+00:00,0.328,Leader me level open nice magazine opportunity heart should station know statement or get significant like.,skipped
rec_0000097,user_00146,food_000290,recipe_000105,,Calm,optimistic,Breezy,Warm Weather,Cholesterol,2309.0,2026-07-27T05:15:57.938135+00:00,0.348,Make citizen even military choice white gun base everything financial age professional.,served
rec_0000098,user_00015,food_000485,recipe_000062,restaurant_00032,Adventurous,lonely,Festive,Thanksgiving,Lactose Intolerance,1466.0,2026-07-27T05:15:57.938154+00:00,0.581,Model sound short pattern sign city whether.,skipped
rec_0000099,user_00074,food_000104,,,Calm,melancholic,Snowy,Harvest,,1870.0,2026-07-27T05:15:57.938171+00:00,0.474,Area friend get total there find hundred feel.,recommended
rec_0000100,user_00006,food_000404,recipe_000182,restaurant_00097,Sweet,content,Stormy,Winter,,2104.0,2026-07-27T05:15:57.938189+00:00,0.752,By training expert will final member book again us ago education her skill everything read charge.,skipped
rec_0000101,user_00088,food_000225,recipe_000101,,Adventurous,tired,Cool,Summer,Anemia,1896.0,2026-07-27T05:15:57.938207+00:00,0.633,Your himself where dark nice down try behind.,served
rec_0000102,user_00009,food_000403,,restaurant_00065,Peaceful,determined,Seasonal,Navratri,,2380.0,2026-07-27T05:15:57.938224+00:00,0.838,Itself suggest goal far even sound affect from.,bookmarked
rec_0000103,user_00063,food_000055,,restaurant_00193,Peaceful,pensive,Sunny,Valentine,Anemia,2036.0,2026-07-27T05:15:57.938241+00:00,0.924,Reach ready professional case without recent such who military participant page eye peace better.,served
rec_0000104,user_00083,food_000127,recipe_000106,restaurant_00078,Adventurous,stressed,Warm,Winter,,2268.0,2026-07-27T05:15:57.938259+00:00,0.68,Player break stage child born begin like teacher that force kind many building poor power.,recommended
rec_0000105,user_00140,food_000204,,,Calm,relieved,Holiday,Monsoon,PCOS,1553.0,2026-07-27T05:15:57.938277+00:00,0.933,Debate public go thank newspaper be difference effort amount agent.,served
rec_0000106,user_00024,food_000319,recipe_000084,restaurant_00107,Social,inspired,Holiday,Monsoon,,2366.0,2026-07-27T05:15:57.938296+00:00,0.69,Have visit central case thought idea no west relationship fire born factor simply key relate radio.,recommended
rec_0000107,user_00041,food_000471,recipe_000128,,Relaxed,content,Humid,Diwali,,2237.0,2026-07-27T05:15:57.938314+00:00,0.42,Real through instead bed speech can late program billion choice board space decision.,served
rec_0000108,user_00122,food_000469,recipe_000101,,Romantic,confident,Sunny,New Year,Heart Disease,2509.0,2026-07-27T05:15:57.938333+00:00,0.684,Our off forward quickly thing current trial book participant according return truth deep.,served
rec_0000109,user_00121,food_000003,,,Energized,hopeful,Heatwave,Ramadan,,1562.0,2026-07-27T05:15:57.938349+00:00,0.404,Money common official finish wait have soldier miss must when form most five can news.,served
rec_0000110,user_00038,food_000349,,restaurant_00193,Comfort,excited,Monsoon,Eid,,1956.0,2026-07-27T05:15:57.938367+00:00,0.346,Become sign section forget possible behavior player.,bookmarked
rec_0000111,user_00136,food_000256,recipe_000169,restaurant_00018,Energized,mellow,Foggy,Christmas,,2355.0,2026-07-27T05:15:57.938385+00:00,0.52,Finally alone phone space yard true reveal amount standard paper second pretty he.,served
rec_0000112,user_00200,food_000051,,,Sweet,serene,Foggy,Valentine,Diabetes,1870.0,2026-07-27T05:15:57.938402+00:00,0.899,Finish very head good you both story above environmental in behavior.,recommended
rec_0000113,user_00015,food_000247,recipe_000197,,Spicy,pensive,Dry,Harvest,Anemia,2439.0,2026-07-27T05:15:57.938419+00:00,0.957,Type whole small memory country law plant none.,skipped
rec_0000114,user_00061,food_000353,recipe_000102,restaurant_00165,Comfort,confident,Rainy,Summer,,2087.0,2026-07-27T05:15:57.938437+00:00,0.607,Lay station read pull cover trade organization me manager enough bag forward good front scientist.,skipped
rec_0000115,user_00059,food_000069,recipe_000020,,Spicy,relaxed,Heatwave,Autumn,,2342.0,2026-07-27T05:15:57.938453+00:00,0.305,Be improve two activity throughout many itself.,bookmarked
rec_0000116,user_00012,food_000370,,,Savory,mellow,Monsoon,Monsoon,Heart Disease,2117.0,2026-07-27T05:15:57.938470+00:00,0.351,Owner site become others kind might blue white determine raise can culture son dream skin.,skipped
rec_0000117,user_00012,food_000062,recipe_000040,restaurant_00185,Comforting,anxious,Stormy,New Year,,2557.0,2026-07-27T05:15:57.938487+00:00,0.61,Spend court class off body identify free simply full me.,served
rec_0000118,user_00069,food_000295,recipe_000051,restaurant_00150,Cheerful,grateful,Humid,Warm Weather,,2103.0,2026-07-27T05:15:57.938504+00:00,0.67,Blood themselves plant project somebody experience Mrs suffer.,bookmarked
rec_0000119,user_00083,food_000416,,,Social,pensive,Festive,Citrus Season,,1978.0,2026-07-27T05:15:57.938521+00:00,0.715,Week wife although likely body wait guess instead less whole.,served
rec_0000120,user_00120,food_000172,recipe_000118,,Romantic,pensive,Cool,Festive,,2357.0,2026-07-27T05:15:57.938540+00:00,0.87,Writer decision answer bar wrong purpose enter son.,recommended
rec_0000121,user_00041,food_000198,,restaurant_00133,Spicy,nostalgic,Cloudy,Festive,,2577.0,2026-07-27T05:15:57.938558+00:00,0.957,Big idea coach budget Congress couple rock outside find environmental model.,recommended
rec_0000122,user_00187,food_000231,,restaurant_00112,Motivated,optimistic,Humid,Valentine,,2026.0,2026-07-27T05:15:57.938574+00:00,0.436,Election at can contain audience suddenly real five brother whom art manage talk.,bookmarked
rec_0000123,user_00078,food_000319,recipe_000133,,Savory,mellow,Misty,Eid,,2091.0,2026-07-27T05:15:57.938592+00:00,0.924,Many expect produce include last trade city free lose four site shoulder.,bookmarked
rec_0000124,user_00058,food_000458,recipe_000174,restaurant_00041,Savory,inspired,Rainy,New Year,,2493.0,2026-07-27T05:15:57.938611+00:00,0.747,Free mind interview three whom group official father spend company expect politics admit.,bookmarked
rec_0000125,user_00033,food_000151,recipe_000108,restaurant_00161,Comfort,relieved,Rainy,Warm Weather,,1534.0,2026-07-27T05:15:57.938630+00:00,0.589,Floor fine staff everything give daughter left those expect attack industry company economic talk argue run.,bookmarked
rec_0000126,user_00124,food_000117,recipe_000033,,Focused,playful,Misty,Monsoon,Obesity,1714.0,2026-07-27T05:15:57.938649+00:00,0.937,Of in computer senior listen girl cut some.,skipped
rec_0000127,user_00106,food_000401,recipe_000014,restaurant_00022,Festive,satisfied,Rainy,Autumn,,1703.0,2026-07-27T05:15:57.938666+00:00,0.622,Hair produce church safe seek only fund reality left senior prepare finish challenge less bring.,served
rec_0000128,user_00182,food_000059,recipe_000048,restaurant_00102,Nostalgic,excited,Foggy,Ramadan,,2072.0,2026-07-27T05:15:57.938685+00:00,0.591,He level investment couple answer wide analysis reveal bag western check continue control.,served
rec_0000129,user_00003,food_000325,,,Savory,pensive,Stormy,Harvest,,2480.0,2026-07-27T05:15:57.938703+00:00,0.98,These street continue performance success live provide chair.,bookmarked
rec_0000130,user_00115,food_000411,,,Spicy,romantic,Stormy,Citrus Season,,2254.0,2026-07-27T05:15:57.938720+00:00,0.772,Other teach hand surface treatment move to note effect defense.,recommended
rec_0000131,user_00123,food_000409,recipe_000091,,Savory,joyful,Humid,Festive,,1734.0,2026-07-27T05:15:57.938737+00:00,0.812,Ever grow economic career keep red bill memory write inside international full direction.,recommended
rec_0000132,user_00187,food_000400,,,Energized,relieved,Dry,Monsoon,,1432.0,2026-07-27T05:15:57.938755+00:00,0.697,Forget modern enjoy visit listen you after account operation born show force responsibility month week.,served
rec_0000133,user_00111,food_000154,recipe_000105,,Nostalgic,adventurous,Snowy,Back to School,,1910.0,2026-07-27T05:15:57.938773+00:00,0.881,Deep garden walk name group still start instead may owner fast.,bookmarked
rec_0000134,user_00082,food_000134,recipe_000014,restaurant_00073,Focused,romantic,Stormy,Autumn,,2409.0,2026-07-27T05:15:57.938790+00:00,0.713,Also which far future water wind lay thank choice.,served
rec_0000135,user_00189,food_000222,recipe_000094,restaurant_00069,Sweet,nostalgic,Festive,Harvest,,1873.0,2026-07-27T05:15:57.938807+00:00,0.772,Letter similar energy enjoy certainly official more wife finally.,recommended
rec_0000136,user_00151,food_000010,,restaurant_00190,Sweet,mellow,Humid,Eid,Asthma,2542.0,2026-07-27T05:15:57.938824+00:00,0.779,Pick church travel someone exist participant candidate effort arrive choose worker song better sell.,bookmarked
rec_0000137,user_00117,food_000102,,restaurant_00131,Romantic,determined,Stormy,New Year,Asthma,1876.0,2026-07-27T05:15:57.938842+00:00,0.491,Budget production career food outside key exactly speak.,skipped
rec_0000138,user_00162,food_000460,recipe_000054,,Calm,confident,Cool,Autumn,,1712.0,2026-07-27T05:15:57.938860+00:00,0.502,Energy high Congress whose factor visit simple near ahead work simply cut end modern it step.,recommended
rec_0000139,user_00065,food_000012,recipe_000138,,Motivated,hopeful,Rainy,New Year,,1491.0,2026-07-27T05:15:57.938876+00:00,0.524,Trip hit wrong officer these mother treatment another dark image represent way brother trial but.,served
rec_0000140,user_00103,food_000025,,restaurant_00084,Romantic,satisfied,Sunny,Ramadan,,2148.0,2026-07-27T05:15:57.938893+00:00,0.954,Control establish accept finally seek week anything chair hair southern performance recently anyone.,bookmarked
rec_0000141,user_00137,food_000440,recipe_000151,restaurant_00069,Energized,content,Snowy,Monsoon,,2012.0,2026-07-27T05:15:57.938910+00:00,0.953,Way indeed consider none case long want suggest trouble debate you nor enjoy next successful poor.,recommended
rec_0000142,user_00079,food_000037,,restaurant_00096,Comforting,mellow,Cloudy,Monsoon,,2445.0,2026-07-27T05:15:57.938927+00:00,0.853,Support someone first sport body apply positive defense right power produce point.,served
rec_0000143,user_00125,food_000395,recipe_000151,,Calm,satisfied,Cold,Winter,,1857.0,2026-07-27T05:15:57.938943+00:00,0.803,Whether huge small around heavy girl particular nearly hair plan choose stock blood type interesting.,bookmarked
rec_0000144,user_00157,food_000493,,restaurant_00018,Savory,focused,Monsoon,Autumn,,2418.0,2026-07-27T05:15:57.938960+00:00,0.892,Mr become east collection center writer key page visit trip contain food within.,bookmarked
rec_0000145,user_00092,food_000255,recipe_000101,,Calm,hopeful,Heatwave,Citrus Season,,1968.0,2026-07-27T05:15:57.938976+00:00,0.583,Seek eye program involve scene partner seem especially.,served
rec_0000146,user_00111,food_000062,recipe_000035,restaurant_00020,Spicy,curious,Cold,Thanksgiving,,1669.0,2026-07-27T05:15:57.938993+00:00,0.306,Whatever because him upon site beautiful war agreement.,served
rec_0000147,user_00118,food_000224,recipe_000081,,Adventurous,melancholic,Warm,Berry Season,,2189.0,2026-07-27T05:15:57.939009+00:00,0.646,Real political community remain score seek it food school.,bookmarked
rec_0000148,user_00171,food_000334,recipe_000115,,Relaxed,adventurous,Dry,Harvest,,2265.0,2026-07-27T05:15:57.939025+00:00,0.317,Hotel wide marriage turn him provide sister value upon very single.,served
rec_0000149,user_00191,food_000392,recipe_000028,,Nostalgic,energetic,Thunderstorm,Autumn,,1843.0,2026-07-27T05:15:57.939047+00:00,0.714,Face audience never husband year success turn cost include speak possible read challenge ok machine.,recommended
rec_0000150,user_00132,food_000269,recipe_000026,restaurant_00054,Energized,content,Misty,Autumn,,1897.0,2026-07-27T05:15:57.939075+00:00,0.683,Represent mind exist lot federal center close smile spend movement arm meet.,served
rec_0000151,user_00105,food_000496,recipe_000182,restaurant_00091,Relaxed,grateful,Cold,Thanksgiving,,1493.0,2026-07-27T05:15:57.939096+00:00,0.985,Off wide perform report white bag order page remain grow thus.,served
rec_0000152,user_00170,food_000303,,restaurant_00195,Spicy,lonely,Humid,Christmas,,2473.0,2026-07-27T05:15:57.939112+00:00,0.324,Western mouth number degree teach simply indeed general.,recommended
rec_0000153,user_00040,food_000366,recipe_000001,restaurant_00142,Romantic,curious,Cool,Back to School,PCOS,2338.0,2026-07-27T05:15:57.939129+00:00,0.445,Energy fire hope position view address hospital future deep call window property.,recommended
rec_0000154,user_00073,food_000010,recipe_000058,restaurant_00183,Comfort,lonely,Stormy,Spring,,2308.0,2026-07-27T05:15:57.939147+00:00,0.957,Arrive author accept law admit all society whose follow will listen consumer friend if.,bookmarked
rec_0000155,user_00027,food_000329,,restaurant_00156,Spicy,bored,Thunderstorm,Back to School,,1932.0,2026-07-27T05:15:57.939166+00:00,0.567,Line model sometimes police itself also work.,bookmarked
rec_0000156,user_00145,food_000019,recipe_000098,restaurant_00186,Cozy,serene,Cold,Summer,,2091.0,2026-07-27T05:15:57.939183+00:00,0.826,Guy draw view create audience trade clear scene.,served
rec_0000157,user_00022,food_000218,,,Comforting,curious,Festive,Eid,,1824.0,2026-07-27T05:15:57.939199+00:00,0.988,Political realize energy capital represent large old majority it artist wall seven unit dark specific property.,skipped
rec_0000158,user_00193,food_000046,recipe_000161,restaurant_00054,Sweet,anxious,Sunny,Spring,Arthritis,2108.0,2026-07-27T05:15:57.939217+00:00,0.596,Technology owner improve opportunity support statement benefit bit responsibility wife help center.,skipped
rec_0000159,user_00062,food_000395,recipe_000123,,Calm,joyful,Dry,Autumn,,2541.0,2026-07-27T05:15:57.939234+00:00,0.632,Tax data memory group message market feel way.,skipped
rec_0000160,user_00107,food_000056,,restaurant_00173,Adventurous,joyful,Windy,Monsoon,,1517.0,2026-07-27T05:15:57.939250+00:00,0.396,Economy total air memory may share nice the.,bookmarked
rec_0000161,user_00075,food_000173,,restaurant_00088,Nostalgic,inspired,Rainy,Summer Vacation,,1474.0,2026-07-27T05:15:57.939266+00:00,0.759,Center stay fact leader fall plan tax move natural sit possible power director.,skipped
rec_0000162,user_00146,food_000434,recipe_000162,,Peaceful,grateful,Monsoon,Monsoon,,1599.0,2026-07-27T05:15:57.939283+00:00,0.57,Green shake clearly arm rule evening mind fire expect account.,served
rec_0000163,user_00052,food_000409,recipe_000073,,Calm,energetic,Rainy,Winter,Hypertension,1996.0,2026-07-27T05:15:57.939298+00:00,0.454,Reach consumer level force gas though make theory.,skipped
rec_0000164,user_00158,food_000158,recipe_000058,restaurant_00126,Festive,calm,Breezy,Warm Weather,,2245.0,2026-07-27T05:15:57.939314+00:00,0.517,Chance traditional board truth among behavior catch detail.,bookmarked
rec_0000165,user_00106,food_000387,,restaurant_00128,Social,stressed,Windy,Summer Vacation,,2173.0,2026-07-27T05:15:57.939330+00:00,0.408,Mission million station plant thank full carry anyone on box four treat.,bookmarked
rec_0000166,user_00040,food_000232,recipe_000162,,Comfort,hopeful,Snowy,New Year,PCOS,1987.0,2026-07-27T05:15:57.939347+00:00,0.327,Audience forward face could draw major cold offer.,recommended
rec_0000167,user_00191,food_000240,recipe_000027,,Relaxed,curious,Cold,Summer Vacation,,1489.0,2026-07-27T05:15:57.939362+00:00,0.87,Science measure together little opportunity school right medical already.,served
rec_0000168,user_00133,food_000436,recipe_000198,restaurant_00004,Cheerful,excited,Thunderstorm,Christmas,,2510.0,2026-07-27T05:15:57.939378+00:00,0.853,Matter already stage consumer window ask college.,skipped
rec_0000169,user_00056,food_000297,,restaurant_00076,Festive,optimistic,Festive,Spring,,2181.0,2026-07-27T05:15:57.939397+00:00,0.852,Edge floor our save strong fire just lose chance.,recommended
rec_0000170,user_00022,food_000168,,,Cheerful,satisfied,Seasonal,Diwali,,1718.0,2026-07-27T05:15:57.939416+00:00,0.31,Available spend production board eight medical general seem computer soon million push.,skipped
rec_0000171,user_00067,food_000356,recipe_000065,restaurant_00101,Social,relieved,Cloudy,New Year,,1880.0,2026-07-27T05:15:57.939435+00:00,0.619,Political draw media prevent could wide administration position magazine TV chance leave.,bookmarked
rec_0000172,user_00094,food_000022,,,Romantic,lonely,Rainy,Monsoon,,2179.0,2026-07-27T05:15:57.939452+00:00,0.736,Another meet forward suddenly coach her street avoid story five down report turn bank network.,served
rec_0000173,user_00068,food_000404,,restaurant_00172,Sweet,confident,Sunny,Christmas,Obesity,2330.0,2026-07-27T05:15:57.939470+00:00,0.942,Ask first magazine guess seven try everybody performance consider watch heart within.,served
rec_0000174,user_00129,food_000291,recipe_000032,restaurant_00149,Savory,anxious,Warm,Christmas,,1692.0,2026-07-27T05:15:57.939488+00:00,0.913,Tell camera evidence population produce serve thought above energy guy head.,recommended
rec_0000175,user_00105,food_000287,recipe_000199,,Relaxed,melancholic,Stormy,Valentine,Hypertension,1805.0,2026-07-27T05:15:57.939505+00:00,0.821,Firm safe movie modern side approach method music.,served
rec_0000176,user_00029,food_000484,recipe_000144,restaurant_00080,Comfort,relaxed,Cloudy,New Year,Lactose Intolerance,1637.0,2026-07-27T05:15:57.939522+00:00,0.607,Protect former crime theory our because open themselves.,served
rec_0000177,user_00080,food_000160,recipe_000129,,Comfort,inspired,Foggy,Spring,,2191.0,2026-07-27T05:15:57.939553+00:00,0.613,Off work three sound now eat within probably research.,bookmarked
rec_0000178,user_00170,food_000419,recipe_000135,,Comfort,bored,Windy,Valentine,,2124.0,2026-07-27T05:15:57.939569+00:00,0.826,Career down weight movie suffer thus short budget future agree get then consider its.,recommended
rec_0000179,user_00070,food_000162,recipe_000196,,Cheerful,curious,Monsoon,Berry Season,,1511.0,2026-07-27T05:15:57.939585+00:00,0.614,Break not home effort Republican generation defense necessary.,bookmarked
rec_0000180,user_00007,food_000114,,restaurant_00116,Festive,content,Festive,Citrus Season,,2475.0,2026-07-27T05:15:57.939601+00:00,0.61,Board foot finish any nation break statement.,skipped
rec_0000181,user_00064,food_000312,,,Savory,adventurous,Cloudy,Festive,,2228.0,2026-07-27T05:15:57.939616+00:00,0.965,Easy lot training main particularly agent prepare whose edge bank.,served
rec_0000182,user_00002,food_000427,,,Cozy,energetic,Breezy,Eid,,1533.0,2026-07-27T05:15:57.939632+00:00,0.785,Plan stay these professional sure imagine where show nature scientist station nearly election affect.,served
rec_0000183,user_00090,food_000251,recipe_000102,,Energized,excited,Sunny,Cold Weather,,2080.0,2026-07-27T05:15:57.939648+00:00,0.504,Know into nothing time here dark summer begin he.,served
rec_0000184,user_00043,food_000165,,,Nostalgic,joyful,Rainy,Valentine,,2467.0,2026-07-27T05:15:57.939664+00:00,0.576,Happen black conference bed fear conference administration ten night television whatever during south agreement.,bookmarked
rec_0000185,user_00144,food_000194,recipe_000163,restaurant_00133,Sweet,content,Heatwave,Valentine,,2357.0,2026-07-27T05:15:57.939681+00:00,0.308,Receive key draw but board expect itself machine actually between would listen day show.,skipped
rec_0000186,user_00104,food_000414,,restaurant_00117,Motivated,joyful,Cloudy,Back to School,,1854.0,2026-07-27T05:15:57.939699+00:00,0.751,Training by ten yourself game develop low pass test respond fill box way money.,bookmarked
rec_0000187,user_00147,food_000465,,,Social,satisfied,Rainy,Back to School,,1626.0,2026-07-27T05:15:57.939715+00:00,0.943,Despite prove customer church two during grow green brother shoulder.,served
rec_0000188,user_00114,food_000055,recipe_000195,,Energized,melancholic,Foggy,Berry Season,Digestive Disorder,1590.0,2026-07-27T05:15:57.939732+00:00,0.485,Design hair go event test support arm good majority through keep society last ball group.,bookmarked
rec_0000189,user_00023,food_000484,recipe_000092,,Sweet,confident,Breezy,Valentine,,1877.0,2026-07-27T05:15:57.939749+00:00,0.759,Medical husband religious both like collection single education edge must way.,bookmarked
rec_0000190,user_00170,food_000290,recipe_000180,restaurant_00096,Focused,nostalgic,Holiday,Autumn,,1454.0,2026-07-27T05:15:57.939766+00:00,0.865,Majority agreement office support southern just leave.,skipped
rec_0000191,user_00093,food_000125,recipe_000194,,Savory,focused,Holiday,Warm Weather,Lactose Intolerance,2227.0,2026-07-27T05:15:57.939783+00:00,0.976,Across affect radio evening education speech sign miss avoid recent treat appear strong.,skipped
rec_0000192,user_00185,food_000198,recipe_000190,restaurant_00166,Motivated,nostalgic,Windy,Back to School,,2563.0,2026-07-27T05:15:57.939799+00:00,0.9,Edge hit form commercial ago at live win bring.,recommended
rec_0000193,user_00178,food_000468,,restaurant_00184,Adventurous,bored,Seasonal,Eid,,2170.0,2026-07-27T05:15:57.939815+00:00,0.892,Store you our adult whatever use enjoy grow.,skipped
rec_0000194,user_00160,food_000079,recipe_000169,restaurant_00142,Motivated,curious,Cloudy,Valentine,,1894.0,2026-07-27T05:15:57.939832+00:00,0.489,Who class southern open movie six middle start example ten check present collection whom different day.,skipped
rec_0000195,user_00032,food_000459,recipe_000156,,Energized,confident,Sunny,Eid,,1607.0,2026-07-27T05:15:57.939849+00:00,0.63,Method down fine note adult soldier material seem.,skipped
rec_0000196,user_00082,food_000237,recipe_000031,restaurant_00032,Sunny,anxious,Warm,Winter,,2541.0,2026-07-27T05:15:57.939869+00:00,0.723,Visit quite approach benefit expert treat little article painting edge choice become you wear majority detail.,bookmarked
rec_0000197,user_00193,food_000135,,,Sweet,lonely,Festive,Back to School,Obesity,2071.0,2026-07-27T05:15:57.939889+00:00,0.549,Beyond part lay hit husband student fly.,served
rec_0000198,user_00060,food_000307,recipe_000065,restaurant_00122,Romantic,relieved,Seasonal,Christmas,,2594.0,2026-07-27T05:15:57.939906+00:00,0.966,Beyond attention green court ahead Democrat name chance sure increase prepare whom region area.,bookmarked
rec_0000199,user_00083,food_000065,recipe_000167,,Comfort,tired,Humid,Christmas,,1414.0,2026-07-27T05:15:57.939922+00:00,0.333,Letter million skill than scene little enter hair change gas gas treat.,served
rec_0000200,user_00029,food_000342,recipe_000015,,Cheerful,confident,Cloudy,Thanksgiving,Celiac Disease,2341.0,2026-07-27T05:15:57.939939+00:00,0.433,Writer smile able drive hold care no sit region water quality.,bookmarked
rec_0000201,user_00065,food_000496,recipe_000160,restaurant_00021,Adventurous,excited,Stormy,Winter,Cholesterol,2538.0,2026-07-27T05:15:57.939955+00:00,0.653,Tree surface suffer young player it over popular fire particularly say theory.,skipped
rec_0000202,user_00136,food_000438,,restaurant_00147,Savory,melancholic,Seasonal,Christmas,,1802.0,2026-07-27T05:15:57.939973+00:00,0.765,Natural suggest black respond with spend baby statement happy like series.,skipped
rec_0000203,user_00019,food_000032,,,Romantic,optimistic,Breezy,Citrus Season,,2245.0,2026-07-27T05:15:57.939990+00:00,0.891,Father shoulder likely man space carry official than difference defense drug prevent by worker.,bookmarked
rec_0000204,user_00082,food_000372,recipe_000156,,Relaxed,energetic,Heatwave,Cold Weather,Heart Disease,1442.0,2026-07-27T05:15:57.940008+00:00,0.583,Feeling find imagine continue firm manage behavior usually.,served
rec_0000205,user_00135,food_000373,recipe_000074,,Sunny,excited,Stormy,Winter,Thyroid,1936.0,2026-07-27T05:15:57.940027+00:00,0.828,Young customer clearly night push area drive single author couple beat various probably.,recommended
rec_0000206,user_00156,food_000123,recipe_000049,,Savory,inspired,Cloudy,Thanksgiving,,2289.0,2026-07-27T05:15:57.940047+00:00,0.489,Mission western until down child practice really shoulder.,skipped
rec_0000207,user_00038,food_000116,recipe_000171,,Sweet,relieved,Stormy,Festive,,1686.0,2026-07-27T05:15:57.940063+00:00,0.844,Rock father couple third term teach particularly.,skipped
rec_0000208,user_00163,food_000413,recipe_000117,restaurant_00045,Sunny,determined,Festive,New Year,,1932.0,2026-07-27T05:15:57.940078+00:00,0.717,Country use drive walk traditional bank business base instead thank by morning.,bookmarked
rec_0000209,user_00043,food_000480,,,Savory,confident,Foggy,Valentine,,2465.0,2026-07-27T05:15:57.940094+00:00,0.492,Maybe strong something instead risk contain sport.,skipped
rec_0000210,user_00192,food_000323,recipe_000181,restaurant_00112,Peaceful,calm,Windy,Summer,,1855.0,2026-07-27T05:15:57.940110+00:00,0.452,Ago government probably letter section light picture popular star believe rise president floor exist treat.,recommended
rec_0000211,user_00066,food_000013,recipe_000134,,Spicy,optimistic,Monsoon,Summer,,2049.0,2026-07-27T05:15:57.940127+00:00,0.785,Daughter class goal pattern cover participant ahead.,served
rec_0000212,user_00198,food_000328,recipe_000179,restaurant_00200,Happy,grateful,Monsoon,Berry Season,Digestive Disorder,2129.0,2026-07-27T05:15:57.940144+00:00,0.698,Create increase common hundred model work interest movie yourself eight between hot agreement.,skipped
rec_0000213,user_00005,food_000366,recipe_000100,restaurant_00120,Focused,calm,Thunderstorm,Festive,,2212.0,2026-07-27T05:15:57.940162+00:00,0.573,Race police once successful to start claim beyond.,served
rec_0000214,user_00056,food_000075,,restaurant_00019,Spicy,pensive,Sunny,Festive,,2105.0,2026-07-27T05:15:57.940178+00:00,0.754,Movie special position happen long find daughter purpose term bad.,recommended
rec_0000215,user_00120,food_000395,,,Sweet,bored,Festive,Eid,,2585.0,2026-07-27T05:15:57.940194+00:00,0.518,Age although just say summer back human one growth term political budget dream tree hundred car.,bookmarked
rec_0000216,user_00018,food_000289,recipe_000038,,Motivated,content,Cloudy,Summer,Lactose Intolerance,1843.0,2026-07-27T05:15:57.940211+00:00,0.981,Ago whole create new outside ability amount front total capital election.,recommended
rec_0000217,user_00004,food_000112,recipe_000109,,Comforting,playful,Breezy,Thanksgiving,Heart Disease,2147.0,2026-07-27T05:15:57.940228+00:00,0.954,Very perform together somebody huge little about series adult window however look machine single affect.,bookmarked
rec_0000218,user_00187,food_000436,,,Comfort,lonely,Rainy,Eid,,1910.0,2026-07-27T05:15:57.940245+00:00,0.322,There always better team plan son political should company woman.,skipped
rec_0000219,user_00148,food_000494,,,Spicy,anxious,Heatwave,Back to School,,1750.0,2026-07-27T05:15:57.940261+00:00,0.852,Close easy behavior series young town offer send trial.,served
rec_0000220,user_00121,food_000350,recipe_000135,,Focused,romantic,Breezy,New Year,,2123.0,2026-07-27T05:15:57.940277+00:00,0.826,Amount clearly land understand account for while long spend father recently participant program marriage.,bookmarked
rec_0000221,user_00140,food_000179,,,Adventurous,joyful,Cloudy,Berry Season,,1446.0,2026-07-27T05:15:57.940292+00:00,0.68,Policy interview difference degree century a community news control low.,skipped
rec_0000222,user_00140,food_000241,,restaurant_00112,Focused,optimistic,Festive,Thanksgiving,,1828.0,2026-07-27T05:15:57.940308+00:00,0.734,Attorney like course fall young turn far resource design.,bookmarked
rec_0000223,user_00017,food_000081,recipe_000188,,Cheerful,excited,Sunny,Winter,,1565.0,2026-07-27T05:15:57.940325+00:00,0.322,Face public hear team side television scientist small including.,served
rec_0000224,user_00159,food_000156,recipe_000197,,Adventurous,anxious,Thunderstorm,Festive,,1497.0,2026-07-27T05:15:57.940340+00:00,0.309,Product fast manager black police eight entire campaign.,recommended
rec_0000225,user_00003,food_000232,,,Energized,anxious,Heatwave,New Year,Digestive Disorder,1789.0,2026-07-27T05:15:57.940356+00:00,0.762,Treat man hard check discuss one many whatever I option test may piece movie look must.,skipped
rec_0000226,user_00164,food_000141,,,Social,inspired,Windy,Thanksgiving,,1689.0,2026-07-27T05:15:57.940373+00:00,0.886,Bed leader hundred because expert employee prepare home edge life.,served
rec_0000227,user_00156,food_000058,recipe_000182,,Romantic,confident,Thunderstorm,Berry Season,,2543.0,2026-07-27T05:15:57.940390+00:00,0.625,Defense cause action address thought media mention now direction camera culture while later dream sell size.,bookmarked
rec_0000228,user_00003,food_000128,,,Comforting,content,Foggy,Summer,,2197.0,2026-07-27T05:15:57.940408+00:00,0.369,Western peace simple table manager choose color suffer pattern customer become on.,recommended
rec_0000229,user_00068,food_000298,recipe_000008,restaurant_00074,Nostalgic,pensive,Warm,Cold Weather,Anemia,1594.0,2026-07-27T05:15:57.940425+00:00,0.638,Fear message treat technology democratic visit any such.,bookmarked
rec_0000230,user_00037,food_000298,recipe_000178,,Comfort,inspired,Snowy,Diwali,Anemia,1412.0,2026-07-27T05:15:57.940441+00:00,0.519,Goal while which early performance long power capital answer.,served
rec_0000231,user_00168,food_000313,recipe_000105,restaurant_00181,Cozy,calm,Dry,Autumn,,1732.0,2026-07-27T05:15:57.940458+00:00,0.789,Top result discover television risk single leg.,bookmarked
rec_0000232,user_00041,food_000358,,,Spicy,melancholic,Warm,Summer Vacation,,1795.0,2026-07-27T05:15:57.940473+00:00,0.979,Call carry industry pretty talk little remember build.,recommended
rec_0000233,user_00163,food_000156,,restaurant_00190,Energized,focused,Cool,Ramadan,,1757.0,2026-07-27T05:15:57.940489+00:00,0.948,Poor many early commercial late model degree south win once value.,skipped
rec_0000234,user_00153,food_000187,,,Romantic,relaxed,Humid,Navratri,,2291.0,2026-07-27T05:15:57.940506+00:00,0.876,Respond technology Democrat answer image enjoy care other glass each decade.,recommended
rec_0000235,user_00115,food_000361,recipe_000138,,Energized,nostalgic,Cloudy,Back to School,,1438.0,2026-07-27T05:15:57.940521+00:00,0.969,Respond enter team thing language respond Mrs you artist finish save hand.,served
rec_0000236,user_00066,food_000466,recipe_000137,restaurant_00130,Comfort,focused,Holiday,Ramadan,Arthritis,2284.0,2026-07-27T05:15:57.940538+00:00,0.347,What message street claim expect morning able operation order particular week color through once firm.,bookmarked
rec_0000237,user_00034,food_000092,recipe_000057,,Cheerful,focused,Cool,Eid,,1770.0,2026-07-27T05:15:57.940555+00:00,0.331,Improve human factor suddenly analysis theory board still fine individual woman performance option work challenge.,bookmarked
rec_0000238,user_00145,food_000209,recipe_000114,,Savory,mellow,Cloudy,Autumn,,2319.0,2026-07-27T05:15:57.940573+00:00,0.983,Put country strong rock above give fast everybody be food return hot animal.,skipped
rec_0000239,user_00005,food_000363,,,Cozy,anxious,Breezy,Valentine,,1613.0,2026-07-27T05:15:57.940589+00:00,0.361,Smile prove point time however fund issue anything market though tree pick.,recommended
rec_0000240,user_00001,food_000282,recipe_000092,restaurant_00147,Motivated,melancholic,Windy,Eid,,1743.0,2026-07-27T05:15:57.940606+00:00,0.425,Time right table actually reflect check effort imagine radio billion task.,skipped
rec_0000241,user_00052,food_000195,recipe_000153,restaurant_00016,Comfort,grateful,Dry,Valentine,,1544.0,2026-07-27T05:15:57.940621+00:00,0.39,Seat subject could on behind relationship commercial provide.,skipped
rec_0000242,user_00002,food_000352,recipe_000127,,Romantic,relieved,Windy,New Year,,2571.0,2026-07-27T05:15:57.940638+00:00,0.717,Whose forget yes country doctor cold beyond him team meeting development even many.,recommended
rec_0000243,user_00148,food_000453,recipe_000153,,Romantic,romantic,Warm,Christmas,,1851.0,2026-07-27T05:15:57.940655+00:00,0.446,Situation career consumer half response arrive value.,recommended
rec_0000244,user_00192,food_000277,recipe_000174,,Adventurous,grateful,Cold,Citrus Season,,2548.0,2026-07-27T05:15:57.940671+00:00,0.894,Either character risk bar low traditional address institution tend eye.,recommended
rec_0000245,user_00132,food_000334,,restaurant_00067,Calm,inspired,Breezy,Christmas,,1504.0,2026-07-27T05:15:57.940687+00:00,0.791,Follow ground take their official bill create never family deal church hot police campaign feeling mother.,served
rec_0000246,user_00166,food_000003,recipe_000128,restaurant_00158,Sweet,tired,Cool,Valentine,,1917.0,2026-07-27T05:15:57.940705+00:00,0.9,Office seem charge thank this middle recent summer kind situation establish TV team action.,bookmarked
rec_0000247,user_00071,food_000057,recipe_000012,,Sweet,determined,Humid,Thanksgiving,Lactose Intolerance,2103.0,2026-07-27T05:15:57.940723+00:00,0.497,Them later information chair garden still after laugh drop someone air something whatever security standard land.,skipped
rec_0000248,user_00077,food_000394,recipe_000091,restaurant_00028,Sunny,joyful,Foggy,New Year,,2455.0,2026-07-27T05:15:57.940740+00:00,0.444,Live above admit why rather kitchen very practice threat camera.,bookmarked
rec_0000249,user_00161,food_000327,recipe_000146,restaurant_00119,Savory,focused,Holiday,Thanksgiving,,2043.0,2026-07-27T05:15:57.940757+00:00,0.611,Writer east sea nothing there contain various hand south fund participant dog girl.,skipped
rec_0000250,user_00173,food_000255,,restaurant_00142,Relaxed,playful,Monsoon,Summer Vacation,,1846.0,2026-07-27T05:15:57.940775+00:00,0.984,Call ability military poor wear also oil wind bed rise my become major kind.,served
rec_0000251,user_00126,food_000431,recipe_000054,,Motivated,romantic,Windy,Back to School,,2194.0,2026-07-27T05:15:57.940792+00:00,0.365,Than media control page should recently allow person project.,skipped
rec_0000252,user_00081,food_000337,,restaurant_00126,Peaceful,lonely,Dry,Christmas,,1704.0,2026-07-27T05:15:57.940808+00:00,0.432,Oil key become section store word everything film similar itself.,bookmarked
rec_0000253,user_00073,food_000007,,,Sweet,inspired,Festive,Navratri,Arthritis,2082.0,2026-07-27T05:15:57.940823+00:00,0.771,City seem property unit open and produce.,served
rec_0000254,user_00187,food_000096,,restaurant_00036,Sunny,relaxed,Dry,Festive,,2042.0,2026-07-27T05:15:57.940839+00:00,0.779,Final design night TV for even true seven movement.,bookmarked
rec_0000255,user_00031,food_000146,recipe_000040,,Energized,bored,Snowy,Monsoon,,2387.0,2026-07-27T05:15:57.940855+00:00,0.636,Fall other just reach dog policy wait leave medical cost necessary language subject their.,bookmarked
rec_0000256,user_00109,food_000406,recipe_000009,restaurant_00182,Comforting,relaxed,Cold,Eid,,1485.0,2026-07-27T05:15:57.940871+00:00,0.93,Never rule share high station beautiful space design.,skipped
rec_0000257,user_00010,food_000021,recipe_000121,,Social,confident,Cool,Valentine,,2138.0,2026-07-27T05:15:57.940888+00:00,0.689,Dream city only successful change then southern speech young walk effect surface out everyone wall.,recommended
rec_0000258,user_00101,food_000057,recipe_000028,restaurant_00064,Savory,excited,Snowy,Ramadan,,1429.0,2026-07-27T05:15:57.940906+00:00,0.881,Alone character in none child half simple natural nature.,bookmarked
rec_0000259,user_00008,food_000225,recipe_000027,restaurant_00044,Adventurous,lonely,Stormy,Citrus Season,,1454.0,2026-07-27T05:15:57.940921+00:00,0.552,His life night benefit account may police process capital smile hospital before animal result.,bookmarked
rec_0000260,user_00073,food_000215,recipe_000091,,Comfort,content,Cold,Eid,,2096.0,2026-07-27T05:15:57.940938+00:00,0.701,Way next end common mention entire to month able whatever officer large father week.,served
rec_0000261,user_00033,food_000497,recipe_000181,,Comfort,optimistic,Monsoon,Ramadan,,2038.0,2026-07-27T05:15:57.940955+00:00,0.937,Expert model administration upon medical story dream world lay summer decade lead.,skipped
rec_0000262,user_00060,food_000331,,,Social,inspired,Festive,Spring,,2241.0,2026-07-27T05:15:57.940971+00:00,0.324,Produce role employee safe season which candidate prove word last knowledge as impact.,skipped
rec_0000263,user_00178,food_000380,recipe_000103,restaurant_00185,Adventurous,confident,Holiday,Winter,Lactose Intolerance,1776.0,2026-07-27T05:15:57.940990+00:00,0.403,Age meet Democrat upon decide sell street remember city art music.,recommended
rec_0000264,user_00096,food_000486,,,Romantic,serene,Festive,Spring,,2346.0,2026-07-27T05:15:57.941007+00:00,0.316,Realize better take wrong song so situation mention pick moment military develop.,served
rec_0000265,user_00088,food_000348,,,Social,inspired,Dry,Valentine,,1467.0,2026-07-27T05:15:57.941023+00:00,0.615,Successful worker hold strong white everything trade research trouble end she cover military.,recommended
rec_0000266,user_00042,food_000468,,,Relaxed,lonely,Dry,New Year,,1873.0,2026-07-27T05:15:57.941039+00:00,0.706,Doctor marriage yeah alone thousand dog purpose.,served
rec_0000267,user_00190,food_000306,,restaurant_00167,Savory,anxious,Windy,Winter,,1859.0,2026-07-27T05:15:57.941054+00:00,0.317,Tough however firm determine prevent film sport science.,served
rec_0000268,user_00041,food_000089,recipe_000011,restaurant_00144,Adventurous,determined,Snowy,Summer Vacation,,2348.0,2026-07-27T05:15:57.941070+00:00,0.607,Here since final seven operation technology need most leader walk how public stage property return condition.,bookmarked
rec_0000269,user_00047,food_000233,recipe_000081,,Spicy,relaxed,Monsoon,Cold Weather,,2311.0,2026-07-27T05:15:57.941087+00:00,0.845,Trip wide modern become table forget issue successful student company but pass for.,skipped
rec_0000270,user_00016,food_000205,,,Peaceful,satisfied,Sunny,Summer,,1742.0,2026-07-27T05:15:57.941104+00:00,0.591,Right opportunity study court report fill south meeting part yeah.,served
rec_0000271,user_00075,food_000133,recipe_000108,,Sweet,relaxed,Snowy,Valentine,,1426.0,2026-07-27T05:15:57.941121+00:00,0.883,Letter only feel paper forward prevent bag must bill radio cost spend different.,recommended
rec_0000272,user_00178,food_000421,,,Festive,serene,Snowy,Citrus Season,,2101.0,2026-07-27T05:15:57.941137+00:00,0.422,Compare might role important try choose source bag.,recommended
rec_0000273,user_00056,food_000232,recipe_000178,,Happy,lonely,Seasonal,Valentine,Diabetes,1958.0,2026-07-27T05:15:57.941153+00:00,0.587,Theory reality international into soon reveal try condition stage or art.,recommended
rec_0000274,user_00120,food_000235,recipe_000014,restaurant_00023,Adventurous,determined,Festive,Summer Vacation,,2329.0,2026-07-27T05:15:57.941169+00:00,0.958,Fact call he specific physical at seem week approach eat.,skipped
rec_0000275,user_00140,food_000157,,restaurant_00154,Adventurous,grateful,Snowy,Christmas,,1545.0,2026-07-27T05:15:57.941218+00:00,0.788,Oil rock sister set movement value film very save fund shake per.,recommended
rec_0000276,user_00066,food_000062,recipe_000001,,Happy,excited,Heatwave,Thanksgiving,Thyroid,2214.0,2026-07-27T05:15:57.941235+00:00,0.674,Particular ahead more begin speak technology example step partner catch case positive red recent.,served
rec_0000277,user_00052,food_000039,recipe_000165,,Nostalgic,optimistic,Holiday,Eid,,1695.0,2026-07-27T05:15:57.941253+00:00,0.622,Management school throw bag mind worker address recently music bring statement.,skipped
rec_0000278,user_00032,food_000451,,restaurant_00068,Adventurous,lonely,Cold,New Year,,1953.0,2026-07-27T05:15:57.941270+00:00,0.357,Finish spend tree long condition build whom rich lawyer per make down nice.,recommended
rec_0000279,user_00005,food_000044,recipe_000022,restaurant_00143,Festive,lonely,Sunny,Summer Vacation,,1642.0,2026-07-27T05:15:57.941286+00:00,0.625,Present product arm within southern whole paper camera.,recommended
rec_0000280,user_00125,food_000447,recipe_000094,,Happy,serene,Windy,Spring,,1984.0,2026-07-27T05:15:57.941302+00:00,0.34,Administration prepare Congress author white grow beautiful each against model little case visit official.,skipped
rec_0000281,user_00058,food_000218,recipe_000149,,Motivated,tired,Misty,Back to School,,2001.0,2026-07-27T05:15:57.941319+00:00,0.584,Service make gun her food development dream eat business expert system growth.,served
rec_0000282,user_00084,food_000499,,,Sweet,joyful,Rainy,Ramadan,Hypertension,2416.0,2026-07-27T05:15:57.941336+00:00,0.683,Power sister very wonder lose memory carry edge trip.,bookmarked
rec_0000283,user_00008,food_000372,,,Adventurous,stressed,Cool,Warm Weather,,1870.0,2026-07-27T05:15:57.941352+00:00,0.785,Heavy while position maybe idea face side throughout through general true general southern together field father.,skipped
rec_0000284,user_00009,food_000042,,restaurant_00159,Happy,stressed,Festive,Berry Season,,2343.0,2026-07-27T05:15:57.941368+00:00,0.765,Develop identify ago pattern his vote agree.,bookmarked
rec_0000285,user_00164,food_000118,recipe_000109,,Motivated,relieved,Cool,Valentine,,1742.0,2026-07-27T05:15:57.941384+00:00,0.539,Among house deep allow sound west hair minute leave worry on material contain until eat step.,recommended
rec_0000286,user_00170,food_000348,recipe_000196,restaurant_00172,Focused,melancholic,Cool,Summer,,1631.0,2026-07-27T05:15:57.941401+00:00,0.541,Lawyer role pressure would effect model might easy once member save language your.,skipped
rec_0000287,user_00113,food_000150,,restaurant_00175,Comforting,excited,Dry,New Year,,1870.0,2026-07-27T05:15:57.941418+00:00,0.899,Do good their special weight all attention information boy test wall the.,recommended
rec_0000288,user_00193,food_000203,recipe_000198,restaurant_00156,Motivated,playful,Seasonal,Autumn,,2171.0,2026-07-27T05:15:57.941434+00:00,0.829,Idea friend base four suggest cultural vote.,served
rec_0000289,user_00136,food_000164,,restaurant_00118,Nostalgic,tired,Rainy,Eid,,2200.0,2026-07-27T05:15:57.941450+00:00,0.656,Suffer rise general southern sing us power born work away senior likely in kid blood.,served
rec_0000290,user_00071,food_000140,recipe_000009,restaurant_00055,Cheerful,grateful,Misty,Festive,,1492.0,2026-07-27T05:15:57.941467+00:00,0.765,Control rule head will ok majority resource government power system box.,recommended
rec_0000291,user_00066,food_000136,,restaurant_00148,Spicy,confident,Dry,Festive,,1898.0,2026-07-27T05:15:57.941484+00:00,0.519,Teach thus before television glass region same ability top.,recommended
rec_0000292,user_00189,food_000303,,restaurant_00024,Energized,focused,Heatwave,Eid,,1545.0,2026-07-27T05:15:57.941500+00:00,0.964,Eight material others debate actually dream chair name million eat level unit analysis base.,bookmarked
rec_0000293,user_00106,food_000347,recipe_000131,restaurant_00172,Cheerful,tired,Stormy,Festive,Anemia,2581.0,2026-07-27T05:15:57.941517+00:00,0.584,A coach save customer throw because matter mention question mother hear.,skipped
rec_0000294,user_00014,food_000420,recipe_000186,restaurant_00167,Festive,focused,Seasonal,Winter,,1481.0,2026-07-27T05:15:57.941543+00:00,0.91,Kitchen meeting he age control investment eye prevent floor difficult short direction shake although study system.,skipped
rec_0000295,user_00169,food_000440,recipe_000040,,Happy,curious,Snowy,Winter,,2079.0,2026-07-27T05:15:57.941564+00:00,0.505,Maybe modern represent require fact night check two mouth animal stop time.,skipped
rec_0000296,user_00148,food_000265,recipe_000124,restaurant_00141,Romantic,focused,Festive,Monsoon,,1977.0,2026-07-27T05:15:57.941582+00:00,0.625,Attention fact particular behavior fund study meet use seat again available.,bookmarked
rec_0000297,user_00156,food_000374,recipe_000115,,Comfort,adventurous,Humid,Warm Weather,,2333.0,2026-07-27T05:15:57.941597+00:00,0.961,Thousand society expert generation teacher admit suddenly evening commercial play next you mention believe.,recommended
rec_0000298,user_00185,food_000281,recipe_000175,,Focused,excited,Foggy,Thanksgiving,Heart Disease,2422.0,2026-07-27T05:15:57.941615+00:00,0.532,Every sort able security recent keep job two including statement again paper game.,served
rec_0000299,user_00070,food_000177,recipe_000160,restaurant_00047,Cozy,serene,Thunderstorm,Berry Season,,2461.0,2026-07-27T05:15:57.941632+00:00,0.748,Gun just seven large speech produce beat.,recommended
rec_0000300,user_00151,food_000278,recipe_000121,,Festive,relaxed,Heatwave,Valentine,,2003.0,2026-07-27T05:15:57.941648+00:00,0.967,Newspaper Mr the can throw green expect five contain hope.,skipped
rec_0000301,user_00072,food_000003,,restaurant_00035,Sweet,focused,Dry,Thanksgiving,,1406.0,2026-07-27T05:15:57.941665+00:00,0.777,Lawyer something size program fire remember build century energy center large.,recommended
rec_0000302,user_00047,food_000357,recipe_000170,restaurant_00179,Sweet,bored,Foggy,Christmas,,2456.0,2026-07-27T05:15:57.941682+00:00,0.716,Management song step also all someone teacher white you society add school score majority heart order.,served
rec_0000303,user_00040,food_000431,,restaurant_00074,Nostalgic,optimistic,Festive,New Year,,2115.0,2026-07-27T05:15:57.941703+00:00,0.581,Space least enter seat share everyone party different allow occur direction war sell.,served
rec_0000304,user_00093,food_000210,recipe_000103,,Adventurous,focused,Stormy,Spring,,2353.0,2026-07-27T05:15:57.941720+00:00,0.319,Benefit red less water fall check night partner reflect explain event hotel environmental.,recommended
rec_0000305,user_00086,food_000315,,,Cheerful,nostalgic,Windy,Christmas,Cholesterol,1667.0,2026-07-27T05:15:57.941736+00:00,0.61,Example strategy large player will finish opportunity behavior interest.,bookmarked
rec_0000306,user_00062,food_000128,,restaurant_00173,Focused,pensive,Monsoon,Summer,,1731.0,2026-07-27T05:15:57.941752+00:00,0.496,Citizen couple degree owner a thought rise six power hour figure talk particular.,recommended
rec_0000307,user_00091,food_000215,,,Romantic,anxious,Cloudy,Harvest,,1429.0,2026-07-27T05:15:57.941768+00:00,0.639,Food member remember top begin hand actually in top heart tonight hit employee consider.,skipped
rec_0000308,user_00143,food_000463,recipe_000195,restaurant_00102,Cozy,excited,Warm,Diwali,,2445.0,2026-07-27T05:15:57.941785+00:00,0.529,Edge city agreement age can professional defense may short majority.,recommended
rec_0000309,user_00097,food_000119,,,Nostalgic,excited,Heatwave,Winter,Liver Health,2528.0,2026-07-27T05:15:57.941802+00:00,0.77,Half measure couple teach low visit phone risk.,skipped
rec_0000310,user_00087,food_000072,,,Peaceful,focused,Seasonal,Christmas,,1484.0,2026-07-27T05:15:57.941819+00:00,0.929,Long leg shake wrong buy heart develop wish same cultural board form family.,bookmarked
rec_0000311,user_00158,food_000140,,restaurant_00156,Peaceful,energetic,Cool,Festive,,1720.0,2026-07-27T05:15:57.941838+00:00,0.986,This father enjoy cell recognize whole word smile machine.,bookmarked
rec_0000312,user_00115,food_000453,,,Calm,excited,Stormy,Festive,,2506.0,2026-07-27T05:15:57.941853+00:00,0.683,Admit office minute campaign between one control learn simply.,recommended
rec_0000313,user_00024,food_000406,recipe_000043,,Focused,joyful,Dry,Thanksgiving,,2471.0,2026-07-27T05:15:57.941870+00:00,0.601,Serious various under strong seven break fine.,bookmarked
rec_0000314,user_00033,food_000404,recipe_000192,,Sunny,anxious,Thunderstorm,Cold Weather,,2092.0,2026-07-27T05:15:57.941885+00:00,0.428,A mother medical both against sit statement social human certainly society question.,skipped
rec_0000315,user_00136,food_000237,recipe_000008,restaurant_00039,Comfort,grateful,Monsoon,Back to School,,1950.0,2026-07-27T05:15:57.941903+00:00,0.602,Suffer accept answer you approach cultural every option never keep open great rest leg fight.,served
rec_0000316,user_00191,food_000004,recipe_000171,restaurant_00057,Festive,romantic,Cold,Citrus Season,,2383.0,2026-07-27T05:15:57.941921+00:00,0.467,West ten physical market interview area successful thank.,recommended
rec_0000317,user_00045,food_000099,recipe_000034,restaurant_00116,Happy,romantic,Rainy,Spring,,1836.0,2026-07-27T05:15:57.941937+00:00,0.534,Management sort next ready eight lead stand paper project very radio.,bookmarked
rec_0000318,user_00181,food_000300,recipe_000016,restaurant_00199,Motivated,nostalgic,Snowy,Festive,,2317.0,2026-07-27T05:15:57.941954+00:00,0.937,Exist ahead know test certainly important level list product.,served
rec_0000319,user_00080,food_000364,,,Adventurous,relaxed,Warm,Navratri,,2240.0,2026-07-27T05:15:57.941970+00:00,0.66,Give stock fill spend degree everybody resource particularly race race me fill range concern explain rate.,skipped
rec_0000320,user_00149,food_000408,recipe_000118,restaurant_00076,Romantic,calm,Thunderstorm,Ramadan,,2500.0,2026-07-27T05:15:57.941987+00:00,0.889,Conference bit sea Mr develop interest contain wife store dream various know anyone blood at.,served
rec_0000321,user_00093,food_000404,recipe_000164,restaurant_00074,Sunny,mellow,Breezy,New Year,,2103.0,2026-07-27T05:15:57.942004+00:00,0.562,Set result charge teach management sing way pass key role.,served
rec_0000322,user_00077,food_000494,recipe_000132,restaurant_00068,Cozy,optimistic,Stormy,Harvest,Heart Disease,1544.0,2026-07-27T05:15:57.942020+00:00,0.966,Administration several wife recently end movie method law dog fight look popular key avoid.,skipped
rec_0000323,user_00073,food_000279,recipe_000091,restaurant_00177,Motivated,joyful,Sunny,Thanksgiving,,1889.0,2026-07-27T05:15:57.942037+00:00,0.767,Our chair business follow anything provide hit common seat life whole rest item.,bookmarked
rec_0000324,user_00081,food_000299,recipe_000174,restaurant_00041,Cozy,content,Rainy,Ramadan,,2536.0,2026-07-27T05:15:57.942054+00:00,0.71,What southern area receive company decade development hundred rich activity.,skipped
rec_0000325,user_00016,food_000044,,restaurant_00058,Calm,inspired,Heatwave,Winter,,1894.0,2026-07-27T05:15:57.942070+00:00,0.798,Office detail return available question face compare.,recommended
rec_0000326,user_00024,food_000444,recipe_000037,restaurant_00064,Comforting,confident,Seasonal,Berry Season,Digestive Disorder,2522.0,2026-07-27T05:15:57.942086+00:00,0.835,Often election guess see sense road decade evidence institution opportunity window cut check care everyone.,served
rec_0000327,user_00010,food_000277,recipe_000030,,Social,bored,Breezy,Valentine,,1804.0,2026-07-27T05:15:57.942103+00:00,0.525,Public relate enjoy could college wait develop test girl official.,recommended
rec_0000328,user_00006,food_000067,recipe_000116,,Peaceful,energetic,Breezy,Summer,,2180.0,2026-07-27T05:15:57.942119+00:00,0.552,Rise along second point design fish year so environment.,recommended
rec_0000329,user_00169,food_000318,,restaurant_00149,Nostalgic,stressed,Monsoon,Navratri,,2567.0,2026-07-27T05:15:57.942136+00:00,0.556,Attention also might apply turn trial lay exactly way try class her above mean respond.,bookmarked
rec_0000330,user_00007,food_000457,,restaurant_00062,Sunny,anxious,Holiday,Citrus Season,Hypertension,2015.0,2026-07-27T05:15:57.942160+00:00,0.655,His receive family bank very heart heart detail the others choose miss hospital determine.,bookmarked
rec_0000331,user_00020,food_000287,,,Focused,focused,Warm,Monsoon,,2151.0,2026-07-27T05:15:57.942183+00:00,0.399,Of record determine many pattern seem foot.,served
rec_0000332,user_00117,food_000458,recipe_000136,restaurant_00129,Focused,energetic,Cloudy,Christmas,,1597.0,2026-07-27T05:15:57.942200+00:00,0.903,Economic have must into information house for very public.,skipped
rec_0000333,user_00024,food_000154,recipe_000096,,Nostalgic,relaxed,Snowy,Spring,,1482.0,2026-07-27T05:15:57.942218+00:00,0.845,Talk anyone may eye rise from or have character moment herself tell want day.,skipped
rec_0000334,user_00122,food_000323,,restaurant_00068,Motivated,bored,Sunny,Summer Vacation,,2520.0,2026-07-27T05:15:57.942236+00:00,0.398,Share health speak out report get possible month.,served
rec_0000335,user_00049,food_000422,recipe_000175,restaurant_00045,Relaxed,pensive,Humid,Diwali,,1985.0,2026-07-27T05:15:57.942252+00:00,0.307,Apply tree personal hospital push that market notice moment clearly this home allow PM.,skipped
rec_0000336,user_00150,food_000103,recipe_000112,,Comfort,inspired,Foggy,Summer,Cholesterol,1581.0,2026-07-27T05:15:57.942269+00:00,0.868,Some similar positive together social so attorney.,served
rec_0000337,user_00093,food_000368,recipe_000043,,Sweet,relaxed,Holiday,Warm Weather,Diabetes,1978.0,2026-07-27T05:15:57.942287+00:00,0.938,Across finally officer inside note lay fight fight current girl his.,recommended
rec_0000338,user_00156,food_000468,,,Calm,determined,Snowy,Navratri,,1416.0,2026-07-27T05:15:57.942303+00:00,0.36,First time fund compare few pressure activity.,served
rec_0000339,user_00030,food_000105,recipe_000190,restaurant_00060,Festive,pensive,Heatwave,Eid,,1813.0,2026-07-27T05:15:57.942322+00:00,0.448,How source court low senior politics stage onto help offer.,recommended
rec_0000340,user_00178,food_000091,recipe_000110,restaurant_00023,Focused,optimistic,Stormy,Diwali,,1637.0,2026-07-27T05:15:57.942338+00:00,0.83,Crime part continue street deep claim site action question forward.,skipped
rec_0000341,user_00007,food_000396,,,Social,grateful,Cloudy,New Year,Obesity,2025.0,2026-07-27T05:15:57.942357+00:00,0.687,Throw range assume red huge science instead ask visit determine owner break professional factor be soldier.,skipped
rec_0000342,user_00159,food_000270,recipe_000013,restaurant_00166,Peaceful,focused,Cloudy,Warm Weather,,2244.0,2026-07-27T05:15:57.942375+00:00,0.508,Meeting matter could fire since never instead painting perhaps mission address people.,bookmarked
rec_0000343,user_00041,food_000097,,restaurant_00174,Sweet,mellow,Holiday,Spring,,1543.0,2026-07-27T05:15:57.942391+00:00,0.763,Onto car could second its forward someone south close actually change garden.,skipped
rec_0000344,user_00083,food_000201,recipe_000187,restaurant_00053,Romantic,serene,Snowy,New Year,,2216.0,2026-07-27T05:15:57.942407+00:00,0.637,Political time away apply better rate woman economic above music box would let speak drop.,bookmarked
rec_0000345,user_00183,food_000451,recipe_000018,restaurant_00022,Comfort,mellow,Dry,Cold Weather,,1588.0,2026-07-27T05:15:57.942424+00:00,0.727,Wall movie hit each lead paper that character federal study board break bill.,recommended
rec_0000346,user_00075,food_000019,,restaurant_00029,Calm,relieved,Dry,Festive,Digestive Disorder,1909.0,2026-07-27T05:15:57.942442+00:00,0.488,Dream movement compare hit series weight describe cell treatment without not table tree give man.,bookmarked
rec_0000347,user_00152,food_000189,recipe_000127,,Peaceful,optimistic,Misty,Eid,Cholesterol,2415.0,2026-07-27T05:15:57.942459+00:00,0.613,Political although ball detail onto game alone international.,skipped
rec_0000348,user_00092,food_000363,recipe_000118,,Relaxed,satisfied,Misty,Harvest,Diabetes,1801.0,2026-07-27T05:15:57.942476+00:00,0.757,Moment official sing way another hundred role during me spend thank will.,served
rec_0000349,user_00024,food_000334,recipe_000172,restaurant_00197,Energized,relaxed,Breezy,Winter,,2574.0,2026-07-27T05:15:57.942494+00:00,0.722,Its myself kid some space into door.,skipped
rec_0000350,user_00016,food_000218,,,Comfort,stressed,Festive,Berry Season,,2212.0,2026-07-27T05:15:57.942510+00:00,0.574,Bed age any agreement peace everybody lawyer author bag simply entire really those rather.,skipped
rec_0000351,user_00184,food_000071,recipe_000064,,Motivated,melancholic,Sunny,Ramadan,Lactose Intolerance,2051.0,2026-07-27T05:15:57.942528+00:00,0.661,Authority once card get save individual official every guess yet.,served
rec_0000352,user_00007,food_000297,recipe_000017,,Energized,lonely,Thunderstorm,Harvest,,1842.0,2026-07-27T05:15:57.942545+00:00,0.506,Character no sit else approach will window past third read such race first space name.,served
rec_0000353,user_00193,food_000208,,restaurant_00126,Nostalgic,adventurous,Seasonal,Summer Vacation,,1750.0,2026-07-27T05:15:57.942564+00:00,0.468,Determine five direction glass billion lose fine natural detail develop leg course political show.,bookmarked
rec_0000354,user_00154,food_000375,,restaurant_00048,Adventurous,grateful,Warm,Cold Weather,,1689.0,2026-07-27T05:15:57.942582+00:00,0.773,Girl major color probably hotel her add meet group result modern week know.,bookmarked
rec_0000355,user_00191,food_000141,,restaurant_00029,Social,tired,Windy,Warm Weather,,1449.0,2026-07-27T05:15:57.942599+00:00,0.965,Heart success challenge that understand road family remain certainly mean conference.,bookmarked
rec_0000356,user_00133,food_000442,,restaurant_00110,Happy,lonely,Seasonal,Harvest,,2401.0,2026-07-27T05:15:57.942616+00:00,0.435,Officer gun section large evidence own suggest mouth wind.,skipped
rec_0000357,user_00038,food_000488,,,Festive,focused,Stormy,Thanksgiving,,2145.0,2026-07-27T05:15:57.942632+00:00,0.658,Article deep condition personal become together change.,recommended
rec_0000358,user_00108,food_000461,recipe_000133,,Happy,focused,Foggy,Autumn,,2405.0,2026-07-27T05:15:57.942649+00:00,0.829,Gun give find parent meeting need claim.,skipped
rec_0000359,user_00010,food_000205,,,Comforting,determined,Humid,Warm Weather,,2218.0,2026-07-27T05:15:57.942664+00:00,0.326,Child able direction various pass in no power arm simple.,bookmarked
rec_0000360,user_00092,food_000263,,restaurant_00029,Festive,content,Cloudy,Eid,,2514.0,2026-07-27T05:15:57.942680+00:00,0.378,And agent never man management positive trip either mission sport beat dream actually home learn what.,bookmarked
rec_0000361,user_00183,food_000110,recipe_000018,,Spicy,playful,Windy,Autumn,,1463.0,2026-07-27T05:15:57.942697+00:00,0.893,Occur line consumer certainly hour human share involve establish.,recommended
rec_0000362,user_00020,food_000046,recipe_000043,,Comfort,pensive,Warm,Navratri,,1952.0,2026-07-27T05:15:57.942714+00:00,0.562,Baby large personal voice provide special firm response check garden key.,bookmarked
rec_0000363,user_00067,food_000090,recipe_000129,restaurant_00098,Peaceful,energetic,Foggy,New Year,,1583.0,2026-07-27T05:15:57.942731+00:00,0.982,Affect major picture major send eight concern peace toward after information present all somebody concern.,served
rec_0000364,user_00051,food_000149,recipe_000174,,Cheerful,content,Warm,Warm Weather,,2240.0,2026-07-27T05:15:57.942749+00:00,0.844,Check pretty recognize study question even under put hundred specific trial material add particular spend.,served
rec_0000365,user_00003,food_000119,recipe_000023,,Cozy,romantic,Snowy,Monsoon,,1706.0,2026-07-27T05:15:57.942776+00:00,0.96,Within white more cause just small wall clearly certainly much company.,recommended
rec_0000366,user_00151,food_000242,recipe_000176,,Romantic,romantic,Breezy,Harvest,,2486.0,2026-07-27T05:15:57.942800+00:00,0.46,Than adult foot western pay her me choose friend oil born beautiful know staff.,bookmarked
rec_0000367,user_00169,food_000403,recipe_000149,,Motivated,joyful,Holiday,Harvest,,2574.0,2026-07-27T05:15:57.942816+00:00,0.359,I local wind under develop character back when my high simply.,bookmarked
rec_0000368,user_00009,food_000279,,,Festive,mellow,Sunny,New Year,,2480.0,2026-07-27T05:15:57.942832+00:00,0.734,Single watch under age imagine compare lay would maybe cause when she.,bookmarked
rec_0000369,user_00049,food_000447,recipe_000122,restaurant_00009,Comfort,focused,Thunderstorm,Festive,,2568.0,2026-07-27T05:15:57.942850+00:00,0.528,Check memory final skin charge brother sort human over glass save quality suddenly.,bookmarked
rec_0000370,user_00182,food_000064,,,Comforting,content,Cool,Berry Season,,2276.0,2026-07-27T05:15:57.942867+00:00,0.697,Leader until little chair return instead successful something above thing water.,bookmarked
rec_0000371,user_00036,food_000428,,restaurant_00179,Happy,satisfied,Cold,Thanksgiving,Anemia,1745.0,2026-07-27T05:15:57.942883+00:00,0.645,Bar animal indicate plant enjoy peace million lawyer several wife bag nature believe.,served
rec_0000372,user_00029,food_000213,recipe_000191,restaurant_00184,Relaxed,romantic,Breezy,Harvest,,2344.0,2026-07-27T05:15:57.942900+00:00,0.7,Phone car expect blue method common serve forget ability low street stop she lose affect sit.,bookmarked
rec_0000373,user_00179,food_000385,,,Cheerful,curious,Windy,Thanksgiving,,2528.0,2026-07-27T05:15:57.942917+00:00,0.457,Amount most who career evidence ahead audience.,skipped
rec_0000374,user_00109,food_000143,recipe_000132,restaurant_00184,Relaxed,curious,Rainy,Spring,Diabetes,2352.0,2026-07-27T05:15:57.942934+00:00,0.684,Old us wear arm health nothing realize land her under decade become character ever democratic.,served
rec_0000375,user_00033,food_000350,recipe_000073,restaurant_00087,Motivated,playful,Cloudy,New Year,Obesity,2559.0,2026-07-27T05:15:57.942951+00:00,0.508,Rest hair respond machine letter avoid pressure money full laugh.,bookmarked
rec_0000376,user_00024,food_000358,recipe_000074,,Calm,relaxed,Cold,Monsoon,,2509.0,2026-07-27T05:15:57.942967+00:00,0.439,Serve glass speak cost stop Republican course by officer nice increase management.,skipped
rec_0000377,user_00124,food_000087,recipe_000121,restaurant_00104,Happy,inspired,Seasonal,Autumn,,1498.0,2026-07-27T05:15:57.942983+00:00,0.934,Along against join focus cup world again position sign something represent successful whose grow yes.,recommended
rec_0000378,user_00084,food_000194,,,Happy,calm,Cloudy,Navratri,,1666.0,2026-07-27T05:15:57.943000+00:00,0.91,Bring good improve player chance ability someone today whole item newspaper among.,served
rec_0000379,user_00135,food_000444,recipe_000120,restaurant_00173,Peaceful,pensive,Festive,Valentine,Cholesterol,1404.0,2026-07-27T05:15:57.943018+00:00,0.636,End might race tonight example bring program.,served
rec_0000380,user_00030,food_000214,,,Sunny,content,Foggy,Christmas,,1567.0,2026-07-27T05:15:57.943034+00:00,0.968,Maintain subject scene somebody call situation western sometimes issue good catch happen.,skipped
rec_0000381,user_00016,food_000389,recipe_000093,restaurant_00045,Nostalgic,mellow,Monsoon,Harvest,,2457.0,2026-07-27T05:15:57.943051+00:00,0.933,Fear lay bed every bring theory inside most I four.,bookmarked
rec_0000382,user_00182,food_000095,,restaurant_00172,Happy,adventurous,Seasonal,Ramadan,,1515.0,2026-07-27T05:15:57.943068+00:00,0.623,Over under system seat baby artist amount toward that.,served
rec_0000383,user_00162,food_000076,,,Romantic,hopeful,Cloudy,Citrus Season,,2536.0,2026-07-27T05:15:57.943083+00:00,0.872,Would bed recently recent they husband development little standard require while various although view role.,skipped
rec_0000384,user_00194,food_000085,recipe_000147,restaurant_00016,Savory,confident,Misty,Thanksgiving,,1703.0,2026-07-27T05:15:57.943100+00:00,0.673,Century should trip station wonder watch development explain consumer tree treat situation audience question situation.,bookmarked
rec_0000385,user_00185,food_000432,,restaurant_00147,Comforting,serene,Cloudy,Thanksgiving,,2484.0,2026-07-27T05:15:57.943116+00:00,0.392,Above cold skill safe parent manager possible however no science window maintain.,served
rec_0000386,user_00197,food_000368,,,Happy,joyful,Holiday,Winter,,1903.0,2026-07-27T05:15:57.943133+00:00,0.636,Read court reality national difficult down computer.,served
rec_0000387,user_00136,food_000324,recipe_000188,,Cozy,energetic,Holiday,New Year,Asthma,1471.0,2026-07-27T05:15:57.943149+00:00,0.694,Professor expect scientist need this scene laugh memory sign.,skipped
rec_0000388,user_00070,food_000259,,,Cozy,optimistic,Cool,Cold Weather,,2238.0,2026-07-27T05:15:57.943166+00:00,0.944,Police may only why truth fine side son poor thus.,skipped
rec_0000389,user_00158,food_000210,,restaurant_00074,Festive,pensive,Warm,Christmas,,1672.0,2026-07-27T05:15:57.943181+00:00,0.595,Be would all account dark no himself contain leg leg last thing figure able manage.,recommended
rec_0000390,user_00093,food_000347,,restaurant_00131,Focused,grateful,Windy,Back to School,,1955.0,2026-07-27T05:15:57.943198+00:00,0.644,Clearly nor reason finish house Republican another model significant manager let road black even huge owner.,bookmarked
rec_0000391,user_00001,food_000440,recipe_000011,,Cheerful,energetic,Snowy,Monsoon,Thyroid,1767.0,2026-07-27T05:15:57.943215+00:00,0.574,Dinner land who save vote interest expect simply.,skipped
rec_0000392,user_00015,food_000111,,restaurant_00170,Festive,stressed,Humid,Eid,,1856.0,2026-07-27T05:15:57.943231+00:00,0.467,Mr home big night enter note soon.,served
rec_0000393,user_00119,food_000386,recipe_000067,restaurant_00011,Sunny,nostalgic,Warm,Summer,,2102.0,2026-07-27T05:15:57.943248+00:00,0.401,Single or religious good strong during deal provide drug prove since such then.,skipped
rec_0000394,user_00070,food_000239,,,Romantic,anxious,Warm,Cold Weather,,2577.0,2026-07-27T05:15:57.943264+00:00,0.71,Exist any rule improve cut around data well.,served
rec_0000395,user_00016,food_000369,recipe_000054,,Cozy,tired,Dry,Harvest,Thyroid,1872.0,2026-07-27T05:15:57.943281+00:00,0.45,Suggest friend last center father shoulder wear that receive game talk.,bookmarked
rec_0000396,user_00034,food_000077,recipe_000091,restaurant_00041,Peaceful,nostalgic,Breezy,Monsoon,,1848.0,2026-07-27T05:15:57.943298+00:00,0.643,Half approach really federal away water simple art why cold.,skipped
rec_0000397,user_00048,food_000173,recipe_000054,,Calm,pensive,Stormy,Ramadan,,1508.0,2026-07-27T05:15:57.943315+00:00,0.305,Play agree beautiful hand carry no rather your until level visit three list more the south.,bookmarked
rec_0000398,user_00037,food_000336,,restaurant_00009,Social,relieved,Breezy,Winter,,1791.0,2026-07-27T05:15:57.943333+00:00,0.461,Across minute somebody hour man seven that board.,skipped
rec_0000399,user_00175,food_000064,recipe_000138,restaurant_00132,Social,lonely,Foggy,Eid,,1568.0,2026-07-27T05:15:57.943353+00:00,0.388,Wear movement fire smile floor race race woman.,recommended
rec_0000400,user_00141,food_000321,recipe_000069,,Motivated,calm,Holiday,Summer Vacation,,2161.0,2026-07-27T05:15:57.943370+00:00,0.819,Part crime fight six remember indicate few.,served
rec_0000401,user_00123,food_000487,recipe_000169,,Comfort,determined,Misty,Diwali,,2130.0,2026-07-27T05:15:57.943386+00:00,0.512,Game city Democrat whom unit clear it.,skipped
rec_0000402,user_00025,food_000189,recipe_000179,restaurant_00057,Motivated,tired,Humid,Thanksgiving,,2061.0,2026-07-27T05:15:57.943404+00:00,0.442,Prevent fly know after break pass check last energy.,skipped
rec_0000403,user_00162,food_000422,recipe_000166,restaurant_00155,Cozy,grateful,Heatwave,Eid,,1938.0,2026-07-27T05:15:57.943420+00:00,0.801,Imagine president himself nearly executive investment put risk effort actually past term.,skipped
rec_0000404,user_00135,food_000285,,restaurant_00010,Calm,tired,Breezy,Berry Season,,2359.0,2026-07-27T05:15:57.943437+00:00,0.93,Article happy candidate rise couple tell bed term must wrong after very.,skipped
rec_0000405,user_00174,food_000109,,,Calm,hopeful,Windy,Berry Season,,2591.0,2026-07-27T05:15:57.943453+00:00,0.869,Hit movement run process court skin natural age.,recommended
rec_0000406,user_00089,food_000409,,,Comfort,anxious,Warm,Winter,,2289.0,2026-07-27T05:15:57.943468+00:00,0.905,Mean organization activity item kid fall local from tend defense.,recommended
rec_0000407,user_00164,food_000344,recipe_000104,restaurant_00058,Nostalgic,optimistic,Thunderstorm,Ramadan,Obesity,2563.0,2026-07-27T05:15:57.943485+00:00,0.698,Debate final provide feel help vote serve safe professional.,recommended
rec_0000408,user_00064,food_000073,recipe_000092,restaurant_00023,Comfort,nostalgic,Heatwave,Navratri,Heart Disease,2361.0,2026-07-27T05:15:57.943502+00:00,0.563,Own think top husband account wish listen president of no.,skipped
rec_0000409,user_00027,food_000167,,restaurant_00062,Motivated,adventurous,Dry,Warm Weather,,2249.0,2026-07-27T05:15:57.943518+00:00,0.457,Side teacher step again question experience establish.,bookmarked
rec_0000410,user_00158,food_000173,recipe_000074,,Spicy,inspired,Cold,Navratri,,1985.0,2026-07-27T05:15:57.943533+00:00,0.586,Again against full subject sea degree not anyone describe.,recommended
rec_0000411,user_00200,food_000340,recipe_000051,,Energized,grateful,Monsoon,Harvest,Heart Disease,1586.0,2026-07-27T05:15:57.943566+00:00,0.311,Result expect they miss customer matter ready defense eat sometimes pretty.,skipped
rec_0000412,user_00189,food_000414,recipe_000053,,Sunny,nostalgic,Humid,Eid,,2344.0,2026-07-27T05:15:57.943584+00:00,0.441,History fear method particularly small so yeah structure economy.,skipped
rec_0000413,user_00044,food_000485,recipe_000073,restaurant_00116,Festive,inspired,Dry,Berry Season,,2272.0,2026-07-27T05:15:57.943599+00:00,0.761,Have rule region let growth mission anything along piece cultural.,served
rec_0000414,user_00025,food_000298,,restaurant_00078,Spicy,grateful,Thunderstorm,Christmas,,1446.0,2026-07-27T05:15:57.943616+00:00,0.816,Job pretty include tonight paper challenge major writer consider before road remember effort.,skipped
rec_0000415,user_00191,food_000079,recipe_000078,restaurant_00115,Spicy,determined,Holiday,Citrus Season,,2360.0,2026-07-27T05:15:57.943633+00:00,0.655,Large try theory view something cultural soon cultural.,bookmarked
rec_0000416,user_00162,food_000481,,,Cozy,pensive,Rainy,Berry Season,,1805.0,2026-07-27T05:15:57.943648+00:00,0.642,Security rate others wait speech officer it like.,recommended
rec_0000417,user_00075,food_000469,recipe_000182,restaurant_00094,Spicy,calm,Sunny,Diwali,,2405.0,2026-07-27T05:15:57.943665+00:00,0.862,Deal claim thought walk doctor benefit own significant travel house two black herself several important.,bookmarked
rec_0000418,user_00108,food_000223,recipe_000077,,Happy,pensive,Dry,New Year,,2524.0,2026-07-27T05:15:57.943682+00:00,0.909,Policy room want have pattern bar order.,bookmarked
rec_0000419,user_00034,food_000257,recipe_000008,restaurant_00100,Cozy,stressed,Cloudy,Cold Weather,Arthritis,2020.0,2026-07-27T05:15:57.943701+00:00,0.811,General our reason kid claim blood operation matter issue moment spend store.,recommended
rec_0000420,user_00024,food_000304,recipe_000193,restaurant_00061,Motivated,content,Stormy,Valentine,,2225.0,2026-07-27T05:15:57.943717+00:00,0.651,Somebody car country low country end hot specific draw each feeling low next.,skipped
rec_0000421,user_00129,food_000021,,restaurant_00015,Adventurous,nostalgic,Rainy,Summer Vacation,,2198.0,2026-07-27T05:15:57.943734+00:00,0.493,Issue imagine throw officer technology center avoid read party research charge standard.,skipped
rec_0000422,user_00068,food_000477,,restaurant_00060,Comforting,content,Heatwave,Christmas,,1762.0,2026-07-27T05:15:57.943751+00:00,0.988,Those collection sell spring push heavy half coach drop yeah project add administration.,skipped
rec_0000423,user_00027,food_000352,,,Calm,grateful,Breezy,Summer,Arthritis,1492.0,2026-07-27T05:15:57.943768+00:00,0.445,Hit write certainly whether town major respond accept involve that film room kind bad.,bookmarked
rec_0000424,user_00108,food_000319,,,Nostalgic,inspired,Rainy,Harvest,,1931.0,2026-07-27T05:15:57.943784+00:00,0.604,Marriage computer product understand hard yard case less method environmental season can.,recommended
rec_0000425,user_00111,food_000377,recipe_000032,restaurant_00021,Cozy,excited,Humid,Festive,Anemia,1490.0,2026-07-27T05:15:57.943801+00:00,0.98,Relationship whose win skin suffer responsibility past law thus hot behavior success yeah star.,skipped
rec_0000426,user_00187,food_000295,recipe_000104,restaurant_00090,Spicy,pensive,Thunderstorm,Summer Vacation,,1543.0,2026-07-27T05:15:57.943818+00:00,0.741,As soldier one movement woman sure age total board executive establish evening especially voice camera direction.,served
rec_0000427,user_00011,food_000404,recipe_000032,,Savory,nostalgic,Dry,Harvest,,2513.0,2026-07-27T05:15:57.943836+00:00,0.587,World section book per huge already buy.,recommended
rec_0000428,user_00001,food_000052,recipe_000132,,Comfort,energetic,Sunny,Festive,,2386.0,2026-07-27T05:15:57.943854+00:00,0.433,World allow heart social head major meeting doctor.,served
rec_0000429,user_00028,food_000449,recipe_000018,,Nostalgic,pensive,Cold,Back to School,Arthritis,1589.0,2026-07-27T05:15:57.943871+00:00,0.929,Middle want forward list environment address something.,served
rec_0000430,user_00099,food_000383,recipe_000024,restaurant_00156,Sweet,energetic,Holiday,Autumn,Thyroid,2165.0,2026-07-27T05:15:57.943887+00:00,0.325,Several whatever trial pull old technology site employee my free offer professor add land.,bookmarked
rec_0000431,user_00087,food_000062,recipe_000172,restaurant_00152,Calm,satisfied,Holiday,Thanksgiving,,1566.0,2026-07-27T05:15:57.943905+00:00,0.646,Than member better subject dog mission quickly power place.,recommended
rec_0000432,user_00020,food_000248,,,Nostalgic,tired,Snowy,Berry Season,,1733.0,2026-07-27T05:15:57.943920+00:00,0.818,Present election they around customer executive task relate professor campaign religious deal.,bookmarked
rec_0000433,user_00005,food_000252,recipe_000180,,Cozy,excited,Snowy,Warm Weather,,1687.0,2026-07-27T05:15:57.943938+00:00,0.351,Field wear there song these fight show sometimes sure because.,skipped
rec_0000434,user_00072,food_000296,,restaurant_00011,Sweet,mellow,Foggy,Spring,,1836.0,2026-07-27T05:15:57.943954+00:00,0.63,Hand quickly job one want not light should crime list draw enter bed.,served
rec_0000435,user_00121,food_000254,,restaurant_00099,Adventurous,focused,Breezy,Valentine,,2195.0,2026-07-27T05:15:57.943970+00:00,0.576,From pull your loss positive seem pull candidate community.,served
rec_0000436,user_00177,food_000471,recipe_000047,restaurant_00190,Adventurous,relieved,Rainy,Citrus Season,,1521.0,2026-07-27T05:15:57.943986+00:00,0.986,Attack its benefit politics section specific color group.,bookmarked
rec_0000437,user_00019,food_000220,,restaurant_00044,Romantic,calm,Seasonal,Thanksgiving,Lactose Intolerance,1529.0,2026-07-27T05:15:57.944003+00:00,0.674,Same yeah herself forward group work story woman once learn health section.,served
rec_0000438,user_00171,food_000374,,restaurant_00166,Calm,mellow,Festive,Berry Season,,1800.0,2026-07-27T05:15:57.944019+00:00,0.341,Government various follow into activity agent general.,bookmarked
rec_0000439,user_00092,food_000299,recipe_000131,restaurant_00149,Adventurous,melancholic,Thunderstorm,Monsoon,,1982.0,2026-07-27T05:15:57.944035+00:00,0.863,Tell end left try present send together share.,bookmarked
rec_0000440,user_00154,food_000221,recipe_000177,restaurant_00155,Romantic,mellow,Sunny,Warm Weather,,1620.0,2026-07-27T05:15:57.944052+00:00,0.694,Suddenly stuff performance true anyone beat my media treatment.,recommended
rec_0000441,user_00141,food_000025,recipe_000092,,Focused,excited,Cloudy,Monsoon,,1844.0,2026-07-27T05:15:57.944068+00:00,0.847,Even large prepare body wall whose prepare person.,served
rec_0000442,user_00133,food_000063,recipe_000071,restaurant_00177,Spicy,energetic,Sunny,Valentine,,2233.0,2026-07-27T05:15:57.944085+00:00,0.879,When store protect owner husband reflect game building wall another.,served
rec_0000443,user_00178,food_000313,recipe_000027,,Spicy,satisfied,Stormy,Valentine,,2066.0,2026-07-27T05:15:57.944101+00:00,0.482,Probably listen back daughter budget positive on stand wear for.,bookmarked
rec_0000444,user_00008,food_000420,recipe_000152,restaurant_00190,Cheerful,satisfied,Heatwave,Spring,,1669.0,2026-07-27T05:15:57.944119+00:00,0.778,Magazine wish chair prepare defense amount finish author believe.,recommended
rec_0000445,user_00068,food_000175,,restaurant_00057,Savory,romantic,Seasonal,Eid,,1483.0,2026-07-27T05:15:57.944136+00:00,0.636,Company involve case total east employee education statement either art try I hand student fast.,skipped
rec_0000446,user_00156,food_000141,,,Savory,curious,Sunny,Diwali,,2330.0,2026-07-27T05:15:57.944154+00:00,0.942,Be let past read series trial material thousand.,recommended
rec_0000447,user_00111,food_000092,,,Spicy,adventurous,Breezy,Christmas,,1575.0,2026-07-27T05:15:57.944170+00:00,0.906,Nor garden newspaper through operation almost change pattern.,bookmarked
rec_0000448,user_00050,food_000023,,restaurant_00074,Happy,anxious,Heatwave,Citrus Season,,2361.0,2026-07-27T05:15:57.944185+00:00,0.983,Want along address sign change I other staff guess lay authority our score.,recommended
rec_0000449,user_00133,food_000164,recipe_000004,,Sunny,anxious,Festive,Back to School,,1573.0,2026-07-27T05:15:57.944200+00:00,0.383,Important create often college else need tell maybe price that treatment see drug consumer rate wear.,recommended
rec_0000450,user_00100,food_000071,recipe_000139,,Comfort,energetic,Dry,Diwali,,1661.0,2026-07-27T05:15:57.944217+00:00,0.486,Bill decide analysis pick consider seat reason book offer investment tell have left sea prepare.,recommended
rec_0000451,user_00141,food_000305,recipe_000173,,Energized,calm,Misty,Eid,,2419.0,2026-07-27T05:15:57.944233+00:00,0.815,Health writer teacher other red represent theory career.,bookmarked
rec_0000452,user_00012,food_000081,,,Happy,anxious,Dry,Summer,,1702.0,2026-07-27T05:15:57.944249+00:00,0.522,Body risk rather list since mean ball include home beat news rather while.,bookmarked
rec_0000453,user_00046,food_000493,,,Sunny,satisfied,Rainy,Winter,,2470.0,2026-07-27T05:15:57.944265+00:00,0.878,Writer politics enough brother person decide most look respond position piece million see expect.,bookmarked
rec_0000454,user_00154,food_000200,recipe_000116,,Comforting,mellow,Rainy,Navratri,,1416.0,2026-07-27T05:15:57.944281+00:00,0.732,Number life identify wide stay forward serve alone ask hit hotel commercial blue.,skipped
rec_0000455,user_00085,food_000102,recipe_000049,restaurant_00132,Festive,stressed,Thunderstorm,Winter,,1870.0,2026-07-27T05:15:57.944298+00:00,0.499,Water success challenge body turn event form second.,skipped
rec_0000456,user_00063,food_000077,,restaurant_00032,Comfort,tired,Cloudy,Monsoon,,2585.0,2026-07-27T05:15:57.944313+00:00,0.487,Return thus evening American budget education market generation argue us design.,bookmarked
rec_0000457,user_00191,food_000116,recipe_000071,restaurant_00165,Relaxed,content,Sunny,Cold Weather,,2394.0,2026-07-27T05:15:57.944329+00:00,0.653,Lawyer start test account ever push effect floor then last four outside art.,bookmarked
rec_0000458,user_00178,food_000465,recipe_000051,restaurant_00163,Motivated,determined,Monsoon,Warm Weather,,1709.0,2026-07-27T05:15:57.944347+00:00,0.776,Speak try from anyone place industry as power sense loss someone continue.,bookmarked
rec_0000459,user_00012,food_000388,,restaurant_00110,Peaceful,anxious,Stormy,Summer,,2558.0,2026-07-27T05:15:57.944363+00:00,0.897,Week nation beat score interest himself gas statement cover day serious.,served
rec_0000460,user_00129,food_000056,recipe_000011,restaurant_00146,Sunny,anxious,Cool,Festive,,2104.0,2026-07-27T05:15:57.944379+00:00,0.985,Coach detail now paper enter picture exist people top value financial box director leave hold.,recommended
rec_0000461,user_00056,food_000348,,restaurant_00116,Nostalgic,energetic,Cold,Monsoon,,2015.0,2026-07-27T05:15:57.944397+00:00,0.647,Start treatment recognize visit special no town management down if meeting personal accept outside list personal.,skipped
rec_0000462,user_00051,food_000384,recipe_000127,restaurant_00039,Cheerful,adventurous,Cool,Festive,Anemia,1814.0,2026-07-27T05:15:57.944414+00:00,0.526,Expert strong reflect group son customer often prepare right material lay.,served
rec_0000463,user_00120,food_000497,recipe_000143,restaurant_00142,Comfort,relaxed,Rainy,New Year,,2148.0,2026-07-27T05:15:57.944430+00:00,0.459,Hand year marriage throughout network kind then.,skipped
rec_0000464,user_00131,food_000493,recipe_000002,restaurant_00113,Sunny,optimistic,Thunderstorm,Christmas,,1490.0,2026-07-27T05:15:57.944447+00:00,0.667,Reality official character six drop myself none speak mind expert lead.,recommended
rec_0000465,user_00077,food_000165,recipe_000129,,Adventurous,melancholic,Monsoon,Navratri,,1840.0,2026-07-27T05:15:57.944463+00:00,0.795,Example last manager market ten hour guess relate green picture goal two woman affect.,recommended
rec_0000466,user_00143,food_000185,recipe_000027,,Adventurous,playful,Snowy,Autumn,,1470.0,2026-07-27T05:15:57.944479+00:00,0.632,Challenge hand admit deep theory certainly parent trial.,bookmarked
rec_0000467,user_00183,food_000461,recipe_000066,restaurant_00068,Calm,joyful,Windy,Winter,,1567.0,2026-07-27T05:15:57.944495+00:00,0.491,Eat investment miss one radio begin vote hope all class dream memory could both ten.,bookmarked
rec_0000468,user_00092,food_000073,recipe_000153,,Nostalgic,stressed,Breezy,Diwali,,1819.0,2026-07-27T05:15:57.944512+00:00,0.447,At win sound development certain most keep big able painting family material new.,recommended
rec_0000469,user_00025,food_000416,,restaurant_00059,Calm,satisfied,Stormy,Valentine,,2323.0,2026-07-27T05:15:57.944529+00:00,0.414,Know toward bag pull trip each already when per statement.,recommended
rec_0000470,user_00158,food_000240,,,Energized,relieved,Dry,Citrus Season,,2003.0,2026-07-27T05:15:57.944544+00:00,0.508,Material perhaps discussion there although new east director American water doctor floor lay plant year like.,recommended
rec_0000471,user_00094,food_000379,recipe_000180,,Spicy,focused,Thunderstorm,Citrus Season,Arthritis,2472.0,2026-07-27T05:15:57.944561+00:00,0.65,Very goal small wall market increase provide happy everyone positive idea week concern.,recommended
rec_0000472,user_00132,food_000207,,restaurant_00034,Romantic,stressed,Holiday,Warm Weather,Celiac Disease,1922.0,2026-07-27T05:15:57.944579+00:00,0.45,Issue go upon your information consumer guess catch if happen mean doctor history.,recommended
rec_0000473,user_00057,food_000264,,restaurant_00150,Energized,bored,Dry,Autumn,Heart Disease,1869.0,2026-07-27T05:15:57.944597+00:00,0.901,Necessary remain attack matter finish mention market allow suffer but hotel job throughout response.,bookmarked
rec_0000474,user_00068,food_000286,,restaurant_00004,Nostalgic,serene,Dry,Autumn,,2475.0,2026-07-27T05:15:57.944615+00:00,0.451,Once senior sing girl arm would mission air single from product agree score avoid.,recommended
rec_0000475,user_00143,food_000238,,,Happy,content,Sunny,Back to School,Thyroid,2188.0,2026-07-27T05:15:57.944631+00:00,0.584,Throughout five hold anyone out form trip lose former pattern who.,bookmarked
rec_0000476,user_00103,food_000007,,restaurant_00097,Adventurous,hopeful,Seasonal,Monsoon,Heart Disease,2503.0,2026-07-27T05:15:57.944649+00:00,0.388,Spend season method area change eight story artist economy school race.,skipped
rec_0000477,user_00129,food_000213,recipe_000138,,Spicy,pensive,Foggy,Back to School,Obesity,1841.0,2026-07-27T05:15:57.944665+00:00,0.713,Wrong garden determine evening every rock at stage fund program age.,skipped
rec_0000478,user_00003,food_000465,,restaurant_00165,Sweet,satisfied,Thunderstorm,Warm Weather,Kidney Disease,1475.0,2026-07-27T05:15:57.944681+00:00,0.921,Tax late nature nation whole week himself song develop until.,recommended
rec_0000479,user_00169,food_000495,,restaurant_00140,Comforting,nostalgic,Windy,Festive,,1941.0,2026-07-27T05:15:57.944697+00:00,0.442,Front ability ability first gas hotel program important.,bookmarked
rec_0000480,user_00134,food_000416,recipe_000149,restaurant_00144,Relaxed,calm,Heatwave,Diwali,,2286.0,2026-07-27T05:15:57.944713+00:00,0.543,Protect situation take worker grow put community traditional kitchen trial me rather fact wear take above.,skipped
rec_0000481,user_00067,food_000093,,restaurant_00192,Calm,serene,Seasonal,Summer,,1438.0,2026-07-27T05:15:57.944728+00:00,0.512,But about hair machine speech possible they responsibility performance view give few.,skipped
rec_0000482,user_00097,food_000130,recipe_000136,,Cozy,relieved,Warm,Warm Weather,,2140.0,2026-07-27T05:15:57.944746+00:00,0.809,Letter explain both anyone Mr street support often charge hour like sell movie card his book.,bookmarked
rec_0000483,user_00147,food_000478,,,Calm,optimistic,Holiday,Harvest,,1827.0,2026-07-27T05:15:57.944762+00:00,0.827,Land trial drug follow occur prevent resource Congress bad board including since choose receive.,recommended
rec_0000484,user_00050,food_000466,recipe_000087,restaurant_00046,Happy,playful,Breezy,Thanksgiving,,2375.0,2026-07-27T05:15:57.944779+00:00,0.637,Quickly purpose individual watch kid style sing whose blood southern treat cause effect.,skipped
rec_0000485,user_00093,food_000404,recipe_000019,,Nostalgic,excited,Monsoon,Valentine,,1549.0,2026-07-27T05:15:57.944796+00:00,0.704,Ability born apply child series against Congress help daughter second talk.,skipped
rec_0000486,user_00199,food_000417,recipe_000007,restaurant_00168,Spicy,pensive,Cool,Festive,,2406.0,2026-07-27T05:15:57.944813+00:00,0.89,Drop wait soldier no such when network reflect tough especially real make moment now language.,skipped
rec_0000487,user_00052,food_000312,recipe_000174,restaurant_00104,Romantic,stressed,Sunny,Spring,Hypertension,1858.0,2026-07-27T05:15:57.944829+00:00,0.721,Office reach buy every build right owner benefit table attack rock.,bookmarked
rec_0000488,user_00079,food_000270,recipe_000079,,Social,confident,Foggy,Ramadan,,1552.0,2026-07-27T05:15:57.944845+00:00,0.48,Accept sister arrive minute full course professional sort read question off citizen or short.,served
rec_0000489,user_00023,food_000002,recipe_000135,restaurant_00025,Sunny,energetic,Foggy,Back to School,,1437.0,2026-07-27T05:15:57.944862+00:00,0.515,Seat reason our significant practice red possible dog specific great after.,served
rec_0000490,user_00088,food_000464,recipe_000136,restaurant_00007,Sunny,serene,Festive,Warm Weather,,1873.0,2026-07-27T05:15:57.944878+00:00,0.567,Center because director probably weight weight letter.,skipped
rec_0000491,user_00010,food_000300,recipe_000031,,Focused,energetic,Dry,Back to School,Obesity,1858.0,2026-07-27T05:15:57.944894+00:00,0.765,Our pull dinner position hold them however message center.,served
rec_0000492,user_00094,food_000261,recipe_000146,restaurant_00041,Festive,stressed,Festive,Ramadan,Liver Health,2145.0,2026-07-27T05:15:57.944911+00:00,0.55,Race role ok rich understand speech executive name realize level.,recommended
rec_0000493,user_00159,food_000101,,restaurant_00120,Comfort,calm,Windy,Navratri,,1596.0,2026-07-27T05:15:57.944929+00:00,0.875,Yeah seat should look summer his difference.,recommended
rec_0000494,user_00174,food_000256,,restaurant_00187,Cozy,joyful,Holiday,Thanksgiving,,2232.0,2026-07-27T05:15:57.944943+00:00,0.651,Letter base what coach each international bank marriage record.,recommended
rec_0000495,user_00194,food_000033,,restaurant_00088,Savory,optimistic,Dry,Eid,,2380.0,2026-07-27T05:15:57.944960+00:00,0.895,Big evidence pattern without compare beat put.,bookmarked
rec_0000496,user_00055,food_000486,recipe_000050,restaurant_00106,Festive,content,Monsoon,Spring,PCOS,1707.0,2026-07-27T05:15:57.944977+00:00,0.638,Heavy unit establish health security from protect task its such represent ever would star gas.,recommended
rec_0000497,user_00169,food_000218,recipe_000196,restaurant_00153,Sunny,pensive,Foggy,Navratri,,2193.0,2026-07-27T05:15:57.944993+00:00,0.566,Republican language college structure control however there during spring worry cold.,bookmarked
rec_0000498,user_00150,food_000325,,,Relaxed,stressed,Cold,Citrus Season,,1888.0,2026-07-27T05:15:57.945009+00:00,0.49,Lay expert full head meet worry though place opportunity grow event scene cell human wife address.,recommended
rec_0000499,user_00065,food_000443,,,Adventurous,content,Sunny,Eid,,2414.0,2026-07-27T05:15:57.945025+00:00,0.417,Message fast art phone nation century design garden record which.,served
rec_0000500,user_00144,food_000372,,restaurant_00135,Savory,playful,Warm,New Year,,1929.0,2026-07-27T05:15:57.945041+00:00,0.53,Probably full best view visit way ability bit call.,served
rec_0000501,user_00061,food_000226,recipe_000090,,Energized,energetic,Monsoon,Summer Vacation,PCOS,2489.0,2026-07-27T05:15:57.945058+00:00,0.449,Interview do in none doctor all teacher onto light face here account morning interview him medical.,bookmarked
rec_0000502,user_00104,food_000298,,restaurant_00031,Calm,confident,Festive,Christmas,,2474.0,2026-07-27T05:15:57.945075+00:00,0.33,Media plant for far make eye enter kind water need.,bookmarked
rec_0000503,user_00200,food_000015,recipe_000118,,Festive,excited,Cold,Winter,,2191.0,2026-07-27T05:15:57.945090+00:00,0.451,Its television then them interview well treat expert ahead mother.,bookmarked
rec_0000504,user_00008,food_000161,,restaurant_00037,Cozy,stressed,Heatwave,New Year,,2325.0,2026-07-27T05:15:57.945107+00:00,0.736,Perform well out against game significant visit before final financial.,recommended
rec_0000505,user_00053,food_000104,recipe_000102,,Cozy,content,Misty,Thanksgiving,,1907.0,2026-07-27T05:15:57.945123+00:00,0.451,Court interview before many wind product ready public draw family player late ten.,skipped
rec_0000506,user_00125,food_000101,recipe_000147,restaurant_00068,Romantic,relaxed,Festive,Monsoon,,2578.0,2026-07-27T05:15:57.945139+00:00,0.496,Claim story any able treatment what allow popular about public.,served
rec_0000507,user_00014,food_000450,,,Happy,confident,Rainy,Ramadan,,1625.0,2026-07-27T05:15:57.945154+00:00,0.771,Including whom budget collection race bar third expert.,bookmarked
rec_0000508,user_00030,food_000201,,restaurant_00152,Motivated,optimistic,Holiday,Citrus Season,,2461.0,2026-07-27T05:15:57.945171+00:00,0.435,Administration star rich tree sure represent nothing partner.,skipped
rec_0000509,user_00006,food_000219,,,Cheerful,serene,Cold,Valentine,,2368.0,2026-07-27T05:15:57.945186+00:00,0.664,What later walk wait modern collection great case maintain sea physical all discuss tree surface.,skipped
rec_0000510,user_00088,food_000012,recipe_000089,restaurant_00197,Focused,confident,Rainy,Festive,,1459.0,2026-07-27T05:15:57.945204+00:00,0.801,Detail issue end size card plant of protect past ever fact later box control great inside.,recommended
rec_0000511,user_00086,food_000222,recipe_000016,,Spicy,curious,Windy,Festive,,1889.0,2026-07-27T05:15:57.945221+00:00,0.909,Dream knowledge along something agent alone even final economy worry.,recommended
rec_0000512,user_00025,food_000442,,,Social,optimistic,Breezy,Valentine,,2466.0,2026-07-27T05:15:57.945238+00:00,0.966,Save land account find walk month person because mission resource focus home pattern.,served
rec_0000513,user_00180,food_000378,recipe_000064,,Peaceful,serene,Sunny,Navratri,,2434.0,2026-07-27T05:15:57.945263+00:00,0.837,National follow material white poor computer choose little run under control total traditional election.,served
rec_0000514,user_00126,food_000297,,,Sunny,mellow,Cold,Autumn,,2275.0,2026-07-27T05:15:57.945293+00:00,0.484,Strong newspaper realize particular two spend close.,recommended
rec_0000515,user_00010,food_000495,recipe_000053,restaurant_00175,Nostalgic,serene,Heatwave,Valentine,,1801.0,2026-07-27T05:15:57.945314+00:00,0.856,Worker instead there possible prevent low particularly article help them thus media cost.,skipped
rec_0000516,user_00066,food_000265,recipe_000090,,Cozy,mellow,Warm,Diwali,,1414.0,2026-07-27T05:15:57.945331+00:00,0.899,Pay front statement lot site fear dark.,bookmarked
rec_0000517,user_00159,food_000067,recipe_000132,,Comfort,bored,Windy,Back to School,,2436.0,2026-07-27T05:15:57.945347+00:00,0.469,Help woman skill describe moment her audience nearly key.,recommended
rec_0000518,user_00066,food_000126,recipe_000022,,Peaceful,relaxed,Festive,Summer Vacation,,1934.0,2026-07-27T05:15:57.945364+00:00,0.986,Hear player officer body this skill degree against improve meet thousand.,served
rec_0000519,user_00142,food_000288,recipe_000081,restaurant_00151,Social,joyful,Dry,Festive,,1468.0,2026-07-27T05:15:57.945381+00:00,0.618,Arrive exist say eye try research medical recognize country race.,bookmarked
rec_0000520,user_00112,food_000003,recipe_000088,,Savory,tired,Rainy,Autumn,,1725.0,2026-07-27T05:15:57.945398+00:00,0.443,Various case finish card itself mind information rule seek.,served
rec_0000521,user_00034,food_000311,recipe_000169,restaurant_00098,Social,nostalgic,Sunny,Berry Season,,1738.0,2026-07-27T05:15:57.945415+00:00,0.928,With participant father base manage ball blood understand cup ahead people once.,bookmarked
rec_0000522,user_00103,food_000181,,,Calm,joyful,Breezy,Berry Season,,1640.0,2026-07-27T05:15:57.945433+00:00,0.854,Politics international building debate policy positive you force develop.,bookmarked
rec_0000523,user_00016,food_000412,,,Focused,joyful,Windy,Monsoon,,2131.0,2026-07-27T05:15:57.945448+00:00,0.448,Cold may central thing fund husband suggest case soon.,bookmarked
rec_0000524,user_00002,food_000012,,,Spicy,anxious,Rainy,Christmas,,1658.0,2026-07-27T05:15:57.945464+00:00,0.857,Movement simply spend south little another person discussion.,served
rec_0000525,user_00078,food_000271,recipe_000178,,Calm,melancholic,Cold,Diwali,,2318.0,2026-07-27T05:15:57.945480+00:00,0.45,Police century surface have month woman above during she personal.,bookmarked
rec_0000526,user_00114,food_000388,recipe_000154,,Social,inspired,Heatwave,Monsoon,,2074.0,2026-07-27T05:15:57.945496+00:00,0.74,Tax cold scene wait understand draw laugh use affect ready nature me.,bookmarked
rec_0000527,user_00061,food_000270,recipe_000096,restaurant_00138,Focused,optimistic,Snowy,Harvest,,1682.0,2026-07-27T05:15:57.945512+00:00,0.601,National sort five course lose bed special wide wait least theory themselves.,bookmarked
rec_0000528,user_00034,food_000301,,restaurant_00130,Cheerful,hopeful,Cold,Eid,,2257.0,2026-07-27T05:15:57.945529+00:00,0.834,Yes develop respond face her tonight plant green son stock upon like possible six already college.,served
rec_0000529,user_00087,food_000464,,,Energized,grateful,Windy,Warm Weather,,2072.0,2026-07-27T05:15:57.945547+00:00,0.883,Land read message final modern arm listen east big discuss agency difference risk accept training live.,bookmarked
rec_0000530,user_00190,food_000257,recipe_000027,restaurant_00087,Comfort,satisfied,Cool,Summer Vacation,,2598.0,2026-07-27T05:15:57.945565+00:00,0.81,Big response scene its man PM behind voice.,bookmarked
rec_0000531,user_00189,food_000016,recipe_000035,restaurant_00074,Cozy,focused,Cool,Spring,,2080.0,2026-07-27T05:15:57.945584+00:00,0.318,Argue visit continue across enjoy another international.,recommended
rec_0000532,user_00153,food_000477,,restaurant_00154,Social,stressed,Warm,Summer Vacation,,1526.0,2026-07-27T05:15:57.945602+00:00,0.65,Director finish must voice tax water nature feel moment.,skipped
rec_0000533,user_00170,food_000079,recipe_000199,,Motivated,energetic,Breezy,Citrus Season,,2409.0,2026-07-27T05:15:57.945619+00:00,0.487,Far front between talk scientist project know area head I event believe society face different.,skipped
rec_0000534,user_00095,food_000146,recipe_000031,,Peaceful,serene,Snowy,Diwali,,1908.0,2026-07-27T05:15:57.945636+00:00,0.633,Food human quickly clearly former car social hair force name.,recommended
rec_0000535,user_00158,food_000020,,,Nostalgic,mellow,Warm,Eid,,1982.0,2026-07-27T05:15:57.945651+00:00,0.678,Yard either free ok your tonight peace.,bookmarked
rec_0000536,user_00146,food_000353,recipe_000119,restaurant_00185,Romantic,confident,Thunderstorm,Monsoon,Celiac Disease,2098.0,2026-07-27T05:15:57.945668+00:00,0.844,Direction enjoy business just college magazine although event affect present three.,recommended
rec_0000537,user_00031,food_000079,,restaurant_00088,Comfort,hopeful,Breezy,Thanksgiving,,1442.0,2026-07-27T05:15:57.945685+00:00,0.559,Bit often talk tonight professional memory southern team.,served
rec_0000538,user_00040,food_000467,recipe_000040,,Happy,playful,Cold,Harvest,,1979.0,2026-07-27T05:15:57.945701+00:00,0.864,Happy time brother pay real seat act few town strategy.,served
rec_0000539,user_00178,food_000322,,,Energized,melancholic,Warm,Diwali,,2088.0,2026-07-27T05:15:57.945716+00:00,0.683,Effort here dog challenge quickly maybe five behind those model also indicate painting reduce.,bookmarked
rec_0000540,user_00091,food_000183,recipe_000087,restaurant_00094,Cozy,pensive,Humid,Autumn,,2543.0,2026-07-27T05:15:57.945733+00:00,0.96,Require receive high research also executive board top nature debate water.,skipped
rec_0000541,user_00053,food_000191,recipe_000169,,Cozy,confident,Heatwave,Spring,,2129.0,2026-07-27T05:15:57.945750+00:00,0.823,Cell image learn movement spring task speak audience east.,bookmarked
rec_0000542,user_00191,food_000298,,restaurant_00195,Energized,adventurous,Dry,Summer,,2158.0,2026-07-27T05:15:57.945766+00:00,0.928,Event white final beyond question fund other act chair cause among.,recommended
rec_0000543,user_00144,food_000165,recipe_000024,restaurant_00149,Motivated,inspired,Stormy,New Year,,2185.0,2026-07-27T05:15:57.945782+00:00,0.912,Decision fine woman defense hope yet have recent lot book environment draw audience hundred author goal.,skipped
rec_0000544,user_00018,food_000343,recipe_000010,restaurant_00133,Peaceful,lonely,Cold,Citrus Season,,1580.0,2026-07-27T05:15:57.945801+00:00,0.323,Realize interest sort stand step run notice discover general part care operation.,bookmarked
rec_0000545,user_00196,food_000283,,,Romantic,stressed,Dry,Festive,Thyroid,1983.0,2026-07-27T05:15:57.945817+00:00,0.333,Mission development staff woman tell including thank town early senior audience.,skipped
rec_0000546,user_00176,food_000348,recipe_000182,,Sweet,confident,Stormy,Ramadan,,1778.0,2026-07-27T05:15:57.945833+00:00,0.928,Happy specific fly account west physical center method weight.,skipped
rec_0000547,user_00140,food_000287,recipe_000133,,Relaxed,lonely,Seasonal,Berry Season,,2008.0,2026-07-27T05:15:57.945852+00:00,0.495,Positive yes investment order defense reality term amount get some she job admit training paper.,recommended
rec_0000548,user_00134,food_000051,recipe_000106,restaurant_00111,Sunny,nostalgic,Foggy,Monsoon,,2513.0,2026-07-27T05:15:57.945871+00:00,0.46,Should knowledge about general night here value enjoy PM.,served
rec_0000549,user_00048,food_000151,,restaurant_00112,Nostalgic,optimistic,Foggy,Monsoon,,2245.0,2026-07-27T05:15:57.945888+00:00,0.512,Whole voice company service road land staff strong picture most high center however letter.,served
rec_0000550,user_00066,food_000238,recipe_000050,restaurant_00196,Focused,energetic,Monsoon,Berry Season,,2232.0,2026-07-27T05:15:57.945905+00:00,0.465,Often usually thus coach maybe long dream rise authority.,bookmarked
rec_0000551,user_00133,food_000048,recipe_000141,,Nostalgic,content,Festive,Warm Weather,Thyroid,2478.0,2026-07-27T05:15:57.945923+00:00,0.608,Sport life laugh style red authority subject space send.,served
rec_0000552,user_00079,food_000478,recipe_000099,restaurant_00056,Sweet,tired,Warm,New Year,Anemia,2076.0,2026-07-27T05:15:57.945940+00:00,0.858,Language buy husband individual total though cold country.,recommended
rec_0000553,user_00080,food_000335,,restaurant_00003,Adventurous,romantic,Misty,Warm Weather,,2537.0,2026-07-27T05:15:57.945956+00:00,0.948,Sell listen side determine approach miss dinner interesting outside important property agreement.,recommended
rec_0000554,user_00069,food_000393,recipe_000100,,Peaceful,excited,Windy,Cold Weather,Heart Disease,2580.0,2026-07-27T05:15:57.945973+00:00,0.839,Future land help laugh since have consumer art and significant.,skipped
rec_0000555,user_00063,food_000341,recipe_000162,restaurant_00166,Adventurous,content,Misty,Cold Weather,,1780.0,2026-07-27T05:15:57.945990+00:00,0.923,Bank adult health note tree feel base agency two large family majority same his traditional.,skipped
rec_0000556,user_00120,food_000107,,restaurant_00199,Festive,melancholic,Misty,Summer,,2247.0,2026-07-27T05:15:57.946007+00:00,0.639,Skin hit radio town use age summer true Democrat range age property.,bookmarked
rec_0000557,user_00181,food_000453,recipe_000084,,Calm,melancholic,Foggy,Navratri,,2188.0,2026-07-27T05:15:57.946023+00:00,0.774,Similar month test real yes not out such account.,bookmarked
rec_0000558,user_00173,food_000398,recipe_000103,restaurant_00171,Comforting,satisfied,Breezy,Summer Vacation,,1404.0,2026-07-27T05:15:57.946040+00:00,0.337,Relate enter present wonder when buy science instead attack.,bookmarked
rec_0000559,user_00087,food_000035,recipe_000034,restaurant_00164,Happy,romantic,Thunderstorm,Valentine,,1940.0,2026-07-27T05:15:57.946057+00:00,0.448,Born professional someone improve difference present book choose though why rate these could community ten region.,recommended
rec_0000560,user_00058,food_000085,recipe_000095,,Festive,confident,Cold,Harvest,,1918.0,2026-07-27T05:15:57.946075+00:00,0.423,Second house style enter travel thank green situation study job of open.,served
rec_0000561,user_00075,food_000078,,restaurant_00111,Motivated,content,Breezy,Autumn,,1681.0,2026-07-27T05:15:57.946092+00:00,0.335,Value drop street mention month rate happy main left.,bookmarked
rec_0000562,user_00022,food_000324,recipe_000147,restaurant_00089,Comfort,pensive,Warm,Thanksgiving,,1607.0,2026-07-27T05:15:57.946108+00:00,0.462,Physical security position pretty wish allow animal local new subject state carry course we local.,bookmarked
rec_0000563,user_00141,food_000164,,,Festive,bored,Humid,Festive,,2425.0,2026-07-27T05:15:57.946125+00:00,0.899,Condition why rest into face suddenly enjoy door put child.,recommended
rec_0000564,user_00109,food_000211,recipe_000053,,Happy,curious,Holiday,Spring,,1663.0,2026-07-27T05:15:57.946142+00:00,0.443,Language true really experience past surface relate paper model true fast.,served
rec_0000565,user_00001,food_000206,,restaurant_00130,Savory,excited,Monsoon,Spring,Heart Disease,1659.0,2026-07-27T05:15:57.946159+00:00,0.716,Direction treatment quickly common spend report office herself body boy between member least.,bookmarked
rec_0000566,user_00090,food_000236,recipe_000168,restaurant_00076,Sweet,satisfied,Thunderstorm,Eid,,1442.0,2026-07-27T05:15:57.946176+00:00,0.53,Major occur throughout Democrat value guy fly.,skipped
rec_0000567,user_00122,food_000010,recipe_000090,restaurant_00110,Romantic,calm,Cool,Harvest,,2431.0,2026-07-27T05:15:57.946192+00:00,0.867,Respond school whole here too than style charge method those.,served
rec_0000568,user_00080,food_000483,recipe_000161,,Comforting,calm,Stormy,Spring,,1422.0,2026-07-27T05:15:57.946209+00:00,0.711,Scene require already bit decade history whose.,skipped
rec_0000569,user_00036,food_000056,recipe_000151,,Cheerful,pensive,Dry,Back to School,Asthma,1889.0,2026-07-27T05:15:57.946224+00:00,0.967,Message as chance upon message oil like control consider company.,skipped
rec_0000570,user_00012,food_000146,,restaurant_00114,Nostalgic,nostalgic,Cloudy,Festive,,2242.0,2026-07-27T05:15:57.946239+00:00,0.542,Just practice present place life operation different stay treat.,served
rec_0000571,user_00045,food_000114,,,Cozy,stressed,Warm,Summer Vacation,Kidney Disease,1698.0,2026-07-27T05:15:57.946255+00:00,0.473,Include beat worry quality myself author southern fall hospital story reality civil treatment require if.,bookmarked
rec_0000572,user_00085,food_000174,,,Adventurous,determined,Rainy,New Year,,2368.0,2026-07-27T05:15:57.946271+00:00,0.816,Minute relate although put man pass task weight idea approach long perform.,skipped
rec_0000573,user_00117,food_000371,,,Comforting,determined,Thunderstorm,Cold Weather,,2272.0,2026-07-27T05:15:57.946288+00:00,0.7,Significant defense appear stuff husband good seven at.,bookmarked
rec_0000574,user_00119,food_000490,,,Focused,excited,Heatwave,Summer,,2329.0,2026-07-27T05:15:57.946303+00:00,0.9,Us goal woman ten themselves every spring debate total read.,skipped
rec_0000575,user_00047,food_000498,,restaurant_00049,Sweet,pensive,Stormy,New Year,Liver Health,2158.0,2026-07-27T05:15:57.946319+00:00,0.488,Book have poor reality type show PM many husband room half walk house.,bookmarked
rec_0000576,user_00188,food_000299,recipe_000021,restaurant_00108,Cheerful,optimistic,Rainy,Back to School,,1785.0,2026-07-27T05:15:57.946337+00:00,0.4,Base style discussion year network statement hundred its include account type claim reveal season can.,served
rec_0000577,user_00181,food_000271,,,Focused,playful,Foggy,Thanksgiving,,2084.0,2026-07-27T05:15:57.946355+00:00,0.733,Special one they plan effort none white so.,bookmarked
rec_0000578,user_00190,food_000057,recipe_000037,restaurant_00078,Relaxed,mellow,Cloudy,Navratri,,2514.0,2026-07-27T05:15:57.946372+00:00,0.648,Hair teacher build hope quite television listen.,bookmarked
rec_0000579,user_00026,food_000026,recipe_000049,,Comforting,relieved,Stormy,New Year,,1815.0,2026-07-27T05:15:57.946389+00:00,0.827,See great go consumer full seek clearly Republican southern together because on thousand animal opportunity safe.,served
rec_0000580,user_00081,food_000247,recipe_000095,restaurant_00050,Motivated,focused,Rainy,Winter,,2506.0,2026-07-27T05:15:57.946406+00:00,0.921,Parent everything decade theory little person paper paper then sense.,served
rec_0000581,user_00104,food_000395,recipe_000060,,Motivated,melancholic,Snowy,Autumn,,1421.0,2026-07-27T05:15:57.946422+00:00,0.872,Fact safe now share onto recognize unit share final behavior edge similar special eye floor trip.,bookmarked
rec_0000582,user_00113,food_000032,,,Savory,hopeful,Seasonal,New Year,,2557.0,2026-07-27T05:15:57.946440+00:00,0.814,Out military both team finally establish board.,served
rec_0000583,user_00115,food_000329,recipe_000139,,Peaceful,calm,Breezy,Christmas,,2167.0,2026-07-27T05:15:57.946456+00:00,0.325,Than surface same level loss door nature team.,served
rec_0000584,user_00127,food_000488,recipe_000177,restaurant_00062,Comfort,energetic,Cloudy,Spring,,2143.0,2026-07-27T05:15:57.946472+00:00,0.916,Friend some candidate sound young whatever central reality.,served
rec_0000585,user_00199,food_000194,recipe_000141,,Relaxed,optimistic,Holiday,Harvest,,2169.0,2026-07-27T05:15:57.946487+00:00,0.498,Western huge management into civil future only why much scientist maintain growth sound.,recommended
rec_0000586,user_00008,food_000266,recipe_000066,restaurant_00012,Sunny,stressed,Cool,Eid,,2084.0,2026-07-27T05:15:57.946505+00:00,0.694,Computer mind challenge summer forward recently between range.,bookmarked
rec_0000587,user_00120,food_000011,recipe_000098,restaurant_00002,Sweet,content,Misty,Festive,,2360.0,2026-07-27T05:15:57.946520+00:00,0.671,No begin purpose painting later society arrive top manage none manage cause general.,bookmarked
rec_0000588,user_00109,food_000076,recipe_000185,,Romantic,inspired,Humid,Thanksgiving,Heart Disease,2184.0,2026-07-27T05:15:57.946537+00:00,0.843,Live reach task sing such race feel organization front house way concern huge evidence group.,served
rec_0000589,user_00032,food_000288,recipe_000006,restaurant_00007,Savory,determined,Stormy,Thanksgiving,,1539.0,2026-07-27T05:15:57.946557+00:00,0.707,Family use since first ever public election again deep happy third behind she build ago.,served
rec_0000590,user_00143,food_000035,recipe_000013,,Social,anxious,Monsoon,Christmas,,2480.0,2026-07-27T05:15:57.946573+00:00,0.317,Dark price music hospital clear ability wind citizen woman sign now.,recommended
rec_0000591,user_00120,food_000422,recipe_000127,restaurant_00022,Festive,curious,Holiday,Back to School,Thyroid,2437.0,2026-07-27T05:15:57.946590+00:00,0.389,Central maybe few reach Republican need in.,served
rec_0000592,user_00027,food_000289,,restaurant_00198,Savory,playful,Cool,Thanksgiving,Asthma,2320.0,2026-07-27T05:15:57.946607+00:00,0.44,Commercial color off player down take you per high.,bookmarked
rec_0000593,user_00153,food_000186,,restaurant_00176,Romantic,inspired,Humid,Monsoon,Liver Health,1646.0,2026-07-27T05:15:57.946624+00:00,0.97,Where religious couple company director table behavior much occur have factor situation.,bookmarked
rec_0000594,user_00103,food_000123,recipe_000187,restaurant_00190,Motivated,pensive,Cool,Summer Vacation,,1757.0,2026-07-27T05:15:57.946643+00:00,0.543,Team and far I theory smile toward eight position garden same.,served
rec_0000595,user_00127,food_000183,,,Festive,determined,Heatwave,Thanksgiving,,1787.0,2026-07-27T05:15:57.946658+00:00,0.551,Rest almost run central of begin draw able.,served
rec_0000596,user_00142,food_000067,recipe_000126,restaurant_00068,Peaceful,serene,Cool,Ramadan,,1888.0,2026-07-27T05:15:57.946674+00:00,0.558,Return onto language born environment measure same thus how center southern much project significant.,bookmarked
rec_0000597,user_00168,food_000282,,restaurant_00096,Sunny,tired,Holiday,Warm Weather,,1654.0,2026-07-27T05:15:57.946691+00:00,0.422,Figure Congress real kitchen create head eye consider enter federal detail avoid over call.,skipped
rec_0000598,user_00198,food_000019,recipe_000157,,Sunny,determined,Foggy,Thanksgiving,,1652.0,2026-07-27T05:15:57.946707+00:00,0.403,Myself question serve begin generation itself cell hit guy consider.,recommended
rec_0000599,user_00029,food_000296,,,Sweet,inspired,Dry,Harvest,,1476.0,2026-07-27T05:15:57.946724+00:00,0.447,Ability everything language indeed whatever position blue field usually maybe some.,served
rec_0000600,user_00063,food_000392,recipe_000143,,Cheerful,romantic,Misty,Summer Vacation,Kidney Disease,2377.0,2026-07-27T05:15:57.946743+00:00,0.558,Different be stage check certain thought budget year pay gun within every.,skipped
rec_0000601,user_00085,food_000432,,,Focused,melancholic,Snowy,Berry Season,,2524.0,2026-07-27T05:15:57.946761+00:00,0.96,Evidence make medical admit conference cause town.,bookmarked
rec_0000602,user_00123,food_000259,,,Focused,playful,Holiday,Warm Weather,Cholesterol,2154.0,2026-07-27T05:15:57.946779+00:00,0.384,Behind action son describe board floor surface here sure American check.,skipped
rec_0000603,user_00147,food_000499,,,Sweet,nostalgic,Cloudy,Back to School,,2445.0,2026-07-27T05:15:57.946796+00:00,0.598,Task can daughter tree even Mr modern believe.,served
rec_0000604,user_00063,food_000291,recipe_000176,restaurant_00113,Comforting,satisfied,Rainy,Navratri,,2387.0,2026-07-27T05:15:57.946812+00:00,0.778,Good region color tree gas garden send party newspaper memory popular shake many leg seat.,recommended
rec_0000605,user_00186,food_000248,recipe_000145,,Nostalgic,bored,Cloudy,Monsoon,,1833.0,2026-07-27T05:15:57.946828+00:00,0.508,Cost suddenly page brother also question move.,bookmarked
rec_0000606,user_00053,food_000180,,restaurant_00020,Relaxed,focused,Warm,Ramadan,,1688.0,2026-07-27T05:15:57.946843+00:00,0.921,Machine know sell which whole special field make throughout your sing matter art science pressure.,recommended
rec_0000607,user_00041,food_000026,recipe_000132,,Social,playful,Holiday,Eid,,2121.0,2026-07-27T05:15:57.946860+00:00,0.984,Cause will memory style western crime ground order.,skipped
rec_0000608,user_00157,food_000132,,restaurant_00105,Spicy,playful,Breezy,Winter,,2499.0,2026-07-27T05:15:57.946876+00:00,0.518,Reach miss alone four election share tree.,served
rec_0000609,user_00103,food_000294,recipe_000059,restaurant_00149,Festive,content,Windy,Spring,,1538.0,2026-07-27T05:15:57.946891+00:00,0.311,Dinner quickly read rule television safe close people then.,skipped
rec_0000610,user_00125,food_000400,recipe_000122,,Social,stressed,Foggy,Warm Weather,Digestive Disorder,1402.0,2026-07-27T05:15:57.946907+00:00,0.374,Over interest mind best together range similar amount reflect general each include.,served
rec_0000611,user_00130,food_000280,recipe_000158,,Savory,romantic,Windy,Harvest,,2600.0,2026-07-27T05:15:57.946924+00:00,0.469,Church spring must side fish let her than year.,recommended
rec_0000612,user_00083,food_000108,recipe_000129,restaurant_00020,Romantic,excited,Warm,Ramadan,PCOS,2013.0,2026-07-27T05:15:57.946942+00:00,0.616,Look until always teacher trade why American rule mother office concern any husband goal score some.,recommended
rec_0000613,user_00014,food_000330,,restaurant_00106,Nostalgic,satisfied,Humid,Christmas,Liver Health,2084.0,2026-07-27T05:15:57.946959+00:00,0.927,Program feeling prepare government first house star rich former.,bookmarked
rec_0000614,user_00107,food_000084,,,Romantic,satisfied,Stormy,Navratri,,2197.0,2026-07-27T05:15:57.946974+00:00,0.73,Two goal manage management wrong worker economy minute.,skipped
rec_0000615,user_00037,food_000340,,,Happy,satisfied,Cloudy,Back to School,,2004.0,2026-07-27T05:15:57.946991+00:00,0.458,Dream for certainly return bit it page possible individual physical candidate the individual.,recommended
rec_0000616,user_00099,food_000468,,restaurant_00160,Cheerful,satisfied,Foggy,Ramadan,,1503.0,2026-07-27T05:15:57.947008+00:00,0.588,However son fast turn present night service hit decision travel table white.,skipped
rec_0000617,user_00147,food_000270,recipe_000020,,Sweet,energetic,Cold,Autumn,,2090.0,2026-07-27T05:15:57.947025+00:00,0.392,New religious common need force morning force detail series wife mean nothing student see this paper.,bookmarked
rec_0000618,user_00162,food_000391,recipe_000190,,Focused,hopeful,Cool,Citrus Season,Anemia,2217.0,2026-07-27T05:15:57.947041+00:00,0.346,Break what certainly hope floor half none.,served
rec_0000619,user_00156,food_000173,recipe_000171,restaurant_00136,Cheerful,content,Windy,Harvest,,1803.0,2026-07-27T05:15:57.947058+00:00,0.6,Lot employee understand see south difficult hospital note allow half idea serve deep.,bookmarked
rec_0000620,user_00188,food_000412,,restaurant_00153,Relaxed,relaxed,Thunderstorm,Navratri,,2299.0,2026-07-27T05:15:57.947075+00:00,0.746,Son action alone free shoulder hundred exactly option culture president national information.,served
rec_0000621,user_00171,food_000192,recipe_000141,,Energized,focused,Warm,Festive,,2022.0,2026-07-27T05:15:57.947090+00:00,0.709,Along simply hour century charge others small too.,skipped
rec_0000622,user_00022,food_000417,recipe_000030,restaurant_00027,Nostalgic,hopeful,Holiday,Warm Weather,,1953.0,2026-07-27T05:15:57.947105+00:00,0.648,Wish show over return we general sit actually choose house time three southern crime nearly.,bookmarked
rec_0000623,user_00029,food_000146,,,Peaceful,stressed,Misty,Warm Weather,,2588.0,2026-07-27T05:15:57.947122+00:00,0.383,Certain report model on probably maybe race data charge.,skipped
rec_0000624,user_00106,food_000165,,restaurant_00042,Comfort,calm,Breezy,Diwali,,1711.0,2026-07-27T05:15:57.947137+00:00,0.336,Pretty high either reach catch response color resource.,bookmarked
rec_0000625,user_00180,food_000158,recipe_000129,restaurant_00134,Sunny,playful,Cold,Berry Season,,1551.0,2026-07-27T05:15:57.947154+00:00,0.777,Technology need form agree opportunity side guess financial picture choice hear assume not agree.,skipped
rec_0000626,user_00119,food_000096,recipe_000154,,Sunny,serene,Warm,Berry Season,,2252.0,2026-07-27T05:15:57.947170+00:00,0.515,Side them box Democrat head smile pull onto seat growth when.,bookmarked
rec_0000627,user_00178,food_000328,recipe_000081,,Adventurous,relieved,Windy,Cold Weather,,1594.0,2026-07-27T05:15:57.947186+00:00,0.368,Can season action race arm modern bring here employee.,served
rec_0000628,user_00133,food_000162,recipe_000056,,Sunny,satisfied,Seasonal,Festive,,1882.0,2026-07-27T05:15:57.947201+00:00,0.5,Ready ready father understand land particular term.,bookmarked
rec_0000629,user_00184,food_000499,,,Festive,playful,Humid,Christmas,,1567.0,2026-07-27T05:15:57.947217+00:00,0.735,Buy usually size various face talk hospital mother boy sport staff night economy here produce question.,skipped
rec_0000630,user_00003,food_000072,,restaurant_00194,Festive,hopeful,Stormy,Cold Weather,,1480.0,2026-07-27T05:15:57.947234+00:00,0.861,Hope not store movement contain foot pressure color.,recommended
rec_0000631,user_00099,food_000016,,,Social,romantic,Holiday,Cold Weather,,2273.0,2026-07-27T05:15:57.947250+00:00,0.789,Increase red yard final time place southern win surface glass something effort authority.,recommended
rec_0000632,user_00078,food_000027,recipe_000180,restaurant_00128,Happy,mellow,Snowy,Summer,Lactose Intolerance,2092.0,2026-07-27T05:15:57.947266+00:00,0.423,Often quite often myself recognize idea necessary total process low heart letter.,bookmarked
rec_0000633,user_00177,food_000027,,restaurant_00179,Energized,determined,Cold,Summer,Lactose Intolerance,2409.0,2026-07-27T05:15:57.947283+00:00,0.967,Air them quickly involve upon individual travel stop.,skipped
rec_0000634,user_00073,food_000409,recipe_000036,,Focused,confident,Cold,Diwali,,2294.0,2026-07-27T05:15:57.947356+00:00,0.814,Read full machine budget even attack discuss evidence leg.,skipped
rec_0000635,user_00152,food_000092,recipe_000112,restaurant_00193,Calm,inspired,Seasonal,Navratri,,1849.0,2026-07-27T05:15:57.947376+00:00,0.683,Story leg every realize prevent center capital skill administration up research.,served
rec_0000636,user_00142,food_000087,recipe_000131,restaurant_00098,Social,curious,Humid,Back to School,,2273.0,2026-07-27T05:15:57.947394+00:00,0.656,Hard then cause notice again marriage friend growth road realize project this protect PM.,recommended
rec_0000637,user_00189,food_000471,,,Calm,stressed,Breezy,Citrus Season,,2467.0,2026-07-27T05:15:57.947410+00:00,0.724,Interest level spring need compare course build treatment seek occur add organization.,bookmarked
rec_0000638,user_00149,food_000121,,,Cozy,curious,Holiday,Warm Weather,Hypertension,1791.0,2026-07-27T05:15:57.947426+00:00,0.52,Past cost family policy every goal hotel everything bit people believe physical type can.,bookmarked
rec_0000639,user_00182,food_000240,recipe_000089,,Happy,mellow,Sunny,Ramadan,,1412.0,2026-07-27T05:15:57.947443+00:00,0.799,Pick computer from course suggest tell three deal same fly unit design some.,bookmarked
rec_0000640,user_00145,food_000145,recipe_000157,restaurant_00103,Social,pensive,Cold,Back to School,,2252.0,2026-07-27T05:15:57.947461+00:00,0.786,Worry maybe some daughter plan human evening leg.,recommended
rec_0000641,user_00033,food_000394,,restaurant_00003,Cheerful,inspired,Cold,Summer,,1926.0,2026-07-27T05:15:57.947477+00:00,0.681,Prepare door by seem movie week risk talk indeed billion produce to technology box southern.,bookmarked
rec_0000642,user_00072,food_000384,,restaurant_00150,Cheerful,relaxed,Windy,Harvest,,1786.0,2026-07-27T05:15:57.947494+00:00,0.789,Century understand simple great employee catch third success city maybe capital response politics something matter dog.,bookmarked
rec_0000643,user_00157,food_000035,,,Cozy,bored,Cold,Autumn,,1603.0,2026-07-27T05:15:57.947510+00:00,0.318,Meeting when hold specific decade three including.,recommended
rec_0000644,user_00128,food_000159,,restaurant_00110,Calm,playful,Cold,Berry Season,Liver Health,2086.0,2026-07-27T05:15:57.947526+00:00,0.806,Degree manager already difficult style defense hear top your quality half grow idea because.,bookmarked
rec_0000645,user_00017,food_000252,,restaurant_00037,Adventurous,nostalgic,Foggy,Monsoon,,2397.0,2026-07-27T05:15:57.947541+00:00,0.882,Wonder day someone off concern plan accept film effect number activity I determine.,recommended
rec_0000646,user_00011,food_000364,,restaurant_00174,Focused,bored,Seasonal,Autumn,Hypertension,2303.0,2026-07-27T05:15:57.947558+00:00,0.344,Crime find result yourself us buy south product measure guess because road.,skipped
rec_0000647,user_00091,food_000484,recipe_000173,,Cheerful,determined,Snowy,Autumn,Heart Disease,2303.0,2026-07-27T05:15:57.947575+00:00,0.817,Collection affect nature research statement draw amount much agent head.,recommended
rec_0000648,user_00063,food_000388,recipe_000056,,Nostalgic,tired,Dry,New Year,,1615.0,2026-07-27T05:15:57.947592+00:00,0.919,Lawyer fish include field but watch order start early prevent.,recommended
rec_0000649,user_00042,food_000499,,restaurant_00188,Cheerful,pensive,Holiday,Valentine,,1453.0,2026-07-27T05:15:57.947608+00:00,0.318,Early view game maybe last back anything sing over material idea among himself him.,served
rec_0000650,user_00131,food_000411,,restaurant_00077,Spicy,stressed,Cloudy,Spring,,1664.0,2026-07-27T05:15:57.947624+00:00,0.347,Science law standard one this shoulder summer smile finish bill effort by agree PM something.,skipped
rec_0000651,user_00078,food_000039,recipe_000007,restaurant_00115,Energized,anxious,Heatwave,Valentine,,1528.0,2026-07-27T05:15:57.947641+00:00,0.593,Off marriage four agent form itself give administration say team school huge direction as bit.,recommended
rec_0000652,user_00137,food_000229,recipe_000162,,Relaxed,adventurous,Holiday,Berry Season,,1422.0,2026-07-27T05:15:57.947657+00:00,0.445,Determine wide together song adult which pressure memory check member other.,skipped
rec_0000653,user_00006,food_000144,,,Happy,content,Dry,Harvest,,1665.0,2026-07-27T05:15:57.947673+00:00,0.372,Meeting inside easy cost especially realize these attention.,recommended
rec_0000654,user_00093,food_000034,recipe_000006,,Sunny,joyful,Cloudy,Winter,,1626.0,2026-07-27T05:15:57.947688+00:00,0.438,Visit those whom provide body performance play everyone.,skipped
rec_0000655,user_00087,food_000188,,restaurant_00147,Nostalgic,anxious,Rainy,Ramadan,,1700.0,2026-07-27T05:15:57.947704+00:00,0.772,Help thus floor operation through pay much white know operation debate something security.,skipped
rec_0000656,user_00174,food_000119,recipe_000092,,Motivated,anxious,Cloudy,Ramadan,,1557.0,2026-07-27T05:15:57.947720+00:00,0.79,Issue customer Republican wait decision effect time read once.,recommended
rec_0000657,user_00184,food_000284,recipe_000117,,Happy,relieved,Breezy,Eid,,1845.0,2026-07-27T05:15:57.947737+00:00,0.645,Indeed tough Mrs bill black similar finish there easy service choose quality that.,recommended
rec_0000658,user_00169,food_000040,,,Spicy,excited,Seasonal,Warm Weather,,2334.0,2026-07-27T05:15:57.947753+00:00,0.744,Art her choice two along keep organization number language.,skipped
rec_0000659,user_00011,food_000143,recipe_000058,,Comforting,calm,Holiday,Valentine,,2426.0,2026-07-27T05:15:57.947770+00:00,0.583,Ever vote show along stock sort ok far save hear trade seven.,served
rec_0000660,user_00166,food_000378,recipe_000186,,Romantic,lonely,Seasonal,Winter,,2585.0,2026-07-27T05:15:57.947785+00:00,0.754,General difference yet stage size class modern think professional old window statement.,bookmarked
rec_0000661,user_00187,food_000347,,restaurant_00028,Comforting,determined,Monsoon,Navratri,,1794.0,2026-07-27T05:15:57.947801+00:00,0.926,Soldier recently beyond direction bad budget charge tree trip sit especially possible attention contain.,served
rec_0000662,user_00197,food_000277,recipe_000062,restaurant_00185,Adventurous,melancholic,Cold,Valentine,,1791.0,2026-07-27T05:15:57.947817+00:00,0.829,Night child clear food dream case entire nothing million thank expect whole risk still stage.,skipped
rec_0000663,user_00115,food_000042,recipe_000081,,Cozy,nostalgic,Heatwave,Navratri,,2334.0,2026-07-27T05:15:57.947834+00:00,0.306,Around not trial policy light our often capital from read prove style.,served
rec_0000664,user_00190,food_000240,recipe_000020,restaurant_00051,Motivated,lonely,Foggy,Festive,Digestive Disorder,2109.0,2026-07-27T05:15:57.947852+00:00,0.548,Myself husband main hour none will may who place daughter task but billion movement.,bookmarked
rec_0000665,user_00185,food_000173,recipe_000173,,Nostalgic,energetic,Rainy,Back to School,,2457.0,2026-07-27T05:15:57.947869+00:00,0.789,Music question author special this from smile check story key group player pass.,recommended
rec_0000666,user_00117,food_000240,recipe_000129,restaurant_00138,Sweet,determined,Humid,Citrus Season,,1677.0,2026-07-27T05:15:57.947886+00:00,0.973,Alone third why into should shoulder form dream for agree look product bank security brother tree.,served
rec_0000667,user_00196,food_000474,,,Adventurous,curious,Sunny,Valentine,Kidney Disease,2035.0,2026-07-27T05:15:57.947902+00:00,0.641,Break three language statement they weight source skin far his.,served
rec_0000668,user_00032,food_000401,,,Motivated,stressed,Monsoon,Cold Weather,,1972.0,2026-07-27T05:15:57.947918+00:00,0.365,Police color four very challenge teacher should tough need.,served
rec_0000669,user_00178,food_000160,recipe_000105,,Peaceful,confident,Foggy,Valentine,Thyroid,1658.0,2026-07-27T05:15:57.947934+00:00,0.831,Of single factor attention start big hotel join from hair bad five reason simply use glass.,bookmarked
rec_0000670,user_00128,food_000031,recipe_000145,restaurant_00121,Relaxed,calm,Sunny,Autumn,,2354.0,2026-07-27T05:15:57.947951+00:00,0.837,Successful cell on rule although thus ball establish give.,skipped
rec_0000671,user_00063,food_000081,,restaurant_00178,Nostalgic,curious,Cool,New Year,,1459.0,2026-07-27T05:15:57.947966+00:00,0.62,Arrive top late practice themselves page crime least society challenge different thought authority visit money share.,skipped
rec_0000672,user_00079,food_000431,,,Peaceful,inspired,Festive,Ramadan,,1925.0,2026-07-27T05:15:57.947983+00:00,0.714,Blue art air finish office story report during well operation box tax term discover vote.,served
rec_0000673,user_00194,food_000110,recipe_000015,,Calm,grateful,Windy,Back to School,,2424.0,2026-07-27T05:15:57.948000+00:00,0.944,Tough worker avoid officer fill cold method radio official respond even law image through she.,skipped
rec_0000674,user_00067,food_000207,recipe_000042,,Comfort,adventurous,Heatwave,Autumn,Digestive Disorder,1792.0,2026-07-27T05:15:57.948019+00:00,0.341,Before design our television avoid scene play per.,recommended
rec_0000675,user_00197,food_000148,,,Festive,stressed,Misty,Eid,Kidney Disease,1655.0,2026-07-27T05:15:57.948036+00:00,0.415,Responsibility usually know pressure house your involve southern accept his.,bookmarked
rec_0000676,user_00153,food_000042,recipe_000122,,Calm,content,Stormy,Back to School,,1716.0,2026-07-27T05:15:57.948052+00:00,0.544,Tax report do add feel can feeling step.,recommended
rec_0000677,user_00175,food_000241,,restaurant_00177,Cheerful,bored,Misty,Monsoon,,1717.0,2026-07-27T05:15:57.948069+00:00,0.442,Mother than clear sister report individual serious once treat argue.,served
rec_0000678,user_00087,food_000133,,,Sweet,satisfied,Sunny,Citrus Season,Thyroid,1423.0,2026-07-27T05:15:57.948084+00:00,0.637,Any treat world site reveal news statement tell.,skipped
rec_0000679,user_00189,food_000206,recipe_000053,,Energized,stressed,Snowy,Festive,Lactose Intolerance,2033.0,2026-07-27T05:15:57.948101+00:00,0.483,Catch put dog officer development fast voice stock develop instead board quite paper guy.,recommended
rec_0000680,user_00113,food_000335,recipe_000063,restaurant_00094,Social,lonely,Foggy,Monsoon,,2269.0,2026-07-27T05:15:57.948118+00:00,0.383,Get bill reason role according usually a her service animal I yet word region once me.,recommended
rec_0000681,user_00028,food_000494,recipe_000172,restaurant_00147,Savory,adventurous,Foggy,Monsoon,,1574.0,2026-07-27T05:15:57.948135+00:00,0.668,Join now table include poor gas executive article news hope.,bookmarked
rec_0000682,user_00081,food_000108,recipe_000199,restaurant_00082,Spicy,anxious,Misty,Summer Vacation,Lactose Intolerance,2155.0,2026-07-27T05:15:57.948152+00:00,0.341,Role cell something product soldier reveal structure environment which believe and one else.,served
rec_0000683,user_00070,food_000436,recipe_000169,,Energized,hopeful,Dry,Monsoon,Arthritis,2158.0,2026-07-27T05:15:57.948169+00:00,0.709,Environmental six really southern suggest bed establish wear need might life brother traditional kitchen remain modern.,bookmarked
rec_0000684,user_00131,food_000029,recipe_000172,restaurant_00161,Cheerful,determined,Humid,Summer Vacation,,2088.0,2026-07-27T05:15:57.948186+00:00,0.319,Build success learn week somebody movie bill of her person feeling child loss subject experience trade.,recommended
rec_0000685,user_00081,food_000024,recipe_000184,restaurant_00023,Sweet,curious,Breezy,Harvest,,2003.0,2026-07-27T05:15:57.948203+00:00,0.929,Note participant phone pressure assume light professor single left skill throw suddenly conference through table rise.,bookmarked
rec_0000686,user_00047,food_000144,recipe_000122,,Happy,content,Cool,Valentine,,1941.0,2026-07-27T05:15:57.948219+00:00,0.848,Stop here above task action deal window goal.,skipped
rec_0000687,user_00009,food_000157,recipe_000014,,Comfort,playful,Holiday,Cold Weather,,1677.0,2026-07-27T05:15:57.948234+00:00,0.569,Enter forget heart improve feel theory including education today lawyer short thousand whole.,recommended
rec_0000688,user_00033,food_000492,recipe_000118,,Comforting,pensive,Dry,Ramadan,,1866.0,2026-07-27T05:15:57.948250+00:00,0.842,Community loss account challenge term local white.,bookmarked
rec_0000689,user_00167,food_000444,,restaurant_00006,Sweet,calm,Snowy,Autumn,Liver Health,1920.0,2026-07-27T05:15:57.948266+00:00,0.317,Attack assume population mean discover own three argue feeling control enough.,skipped
rec_0000690,user_00093,food_000130,recipe_000091,restaurant_00155,Cozy,melancholic,Cloudy,Thanksgiving,Liver Health,1855.0,2026-07-27T05:15:57.948287+00:00,0.398,Positive toward cover find sport important face site tend approach.,bookmarked
rec_0000691,user_00120,food_000016,recipe_000037,,Adventurous,stressed,Windy,Ramadan,,1654.0,2026-07-27T05:15:57.948310+00:00,0.773,Measure teacher amount may level contain a note herself current.,served
rec_0000692,user_00056,food_000068,,restaurant_00060,Sweet,adventurous,Stormy,Citrus Season,,2487.0,2026-07-27T05:15:57.948330+00:00,0.478,Trouble usually activity onto within fast evening say sing structure little book hot open entire.,bookmarked
rec_0000693,user_00040,food_000236,recipe_000092,,Calm,confident,Cloudy,Ramadan,,1941.0,2026-07-27T05:15:57.948346+00:00,0.693,Policy morning degree follow employee hour bring cell decide.,bookmarked
rec_0000694,user_00087,food_000475,recipe_000155,restaurant_00091,Savory,stressed,Breezy,Summer Vacation,,1754.0,2026-07-27T05:15:57.948363+00:00,0.61,Result order property leg become let follow civil under fact tax science.,skipped
rec_0000695,user_00186,food_000056,recipe_000074,restaurant_00169,Adventurous,serene,Windy,Summer Vacation,,1697.0,2026-07-27T05:15:57.948379+00:00,0.943,Throw reach stage exactly kid moment trial herself poor enter catch business.,bookmarked
rec_0000696,user_00007,food_000083,,restaurant_00101,Adventurous,optimistic,Misty,Autumn,,1954.0,2026-07-27T05:15:57.948395+00:00,0.79,After happy name office main item professional actually yet general avoid together weight statement race might.,bookmarked
rec_0000697,user_00011,food_000143,recipe_000100,,Comforting,calm,Cloudy,Festive,,1873.0,2026-07-27T05:15:57.948412+00:00,0.648,Today agent production drug across scene accept key.,served
rec_0000698,user_00005,food_000180,,,Adventurous,lonely,Festive,Festive,Kidney Disease,1997.0,2026-07-27T05:15:57.948427+00:00,0.769,Prepare white trade trouble industry suddenly employee yourself sit herself modern by your.,bookmarked
rec_0000699,user_00151,food_000183,,restaurant_00135,Adventurous,serene,Thunderstorm,Ramadan,,1958.0,2026-07-27T05:15:57.948444+00:00,0.426,Product fill several success end assume night style play.,skipped
rec_0000700,user_00082,food_000358,,restaurant_00059,Motivated,bored,Snowy,Back to School,,1842.0,2026-07-27T05:15:57.948461+00:00,0.719,Other near probably watch consumer fast oil grow onto condition play.,skipped
rec_0000701,user_00021,food_000423,recipe_000031,,Adventurous,playful,Sunny,Ramadan,,1738.0,2026-07-27T05:15:57.948477+00:00,0.347,Everyone hotel second state place dream knowledge call meeting still ability.,skipped
rec_0000702,user_00161,food_000321,,restaurant_00134,Sunny,determined,Holiday,Christmas,,2103.0,2026-07-27T05:15:57.948493+00:00,0.449,Election newspaper guy guy fall prepare large stop deal.,recommended
rec_0000703,user_00018,food_000185,recipe_000122,,Comfort,stressed,Humid,Winter,,2545.0,2026-07-27T05:15:57.948509+00:00,0.434,Lead fight approach life money none perhaps.,recommended
rec_0000704,user_00057,food_000016,recipe_000146,restaurant_00014,Happy,tired,Dry,New Year,,1866.0,2026-07-27T05:15:57.948526+00:00,0.373,Away activity rest happy even reason writer company especially skin design support you reason lawyer.,skipped
rec_0000705,user_00157,food_000244,recipe_000071,restaurant_00190,Nostalgic,grateful,Warm,Spring,,1727.0,2026-07-27T05:15:57.948545+00:00,0.772,Point sea data everybody begin partner case fine law tax weight response food compare goal.,recommended
rec_0000706,user_00172,food_000468,recipe_000156,restaurant_00179,Comfort,grateful,Snowy,Thanksgiving,,1437.0,2026-07-27T05:15:57.948562+00:00,0.3,Actually break you free catch available from inside.,served
rec_0000707,user_00121,food_000078,,restaurant_00161,Happy,excited,Humid,Autumn,,1971.0,2026-07-27T05:15:57.948579+00:00,0.54,Newspaper result evidence really long their since.,skipped
rec_0000708,user_00153,food_000330,recipe_000146,,Energized,anxious,Stormy,Harvest,Anemia,2456.0,2026-07-27T05:15:57.948595+00:00,0.798,Treatment avoid need us work us as three admit chance race writer.,bookmarked
rec_0000709,user_00030,food_000236,,restaurant_00008,Social,hopeful,Dry,Winter,,2528.0,2026-07-27T05:15:57.948611+00:00,0.663,Without former low would drop financial it rise how name perform painting price.,served
rec_0000710,user_00112,food_000443,,restaurant_00018,Motivated,relaxed,Sunny,Festive,,1972.0,2026-07-27T05:15:57.948627+00:00,0.384,Check point dinner likely be system and thousand it conference follow body long.,skipped
rec_0000711,user_00007,food_000025,recipe_000161,restaurant_00127,Comforting,grateful,Monsoon,Navratri,,2508.0,2026-07-27T05:15:57.948646+00:00,0.533,Wrong people enter available particular attorney past modern memory place different crime work town possible.,served
rec_0000712,user_00151,food_000174,recipe_000025,,Energized,adventurous,Festive,Back to School,PCOS,2200.0,2026-07-27T05:15:57.948664+00:00,0.584,Scene step still yourself this share miss item yard common fear action major when instead.,bookmarked
rec_0000713,user_00174,food_000202,,,Cozy,relaxed,Windy,Cold Weather,,1989.0,2026-07-27T05:15:57.948682+00:00,0.829,Race prove oil young resource game around share high itself throughout.,skipped
rec_0000714,user_00011,food_000158,recipe_000058,restaurant_00070,Cheerful,melancholic,Foggy,Christmas,Asthma,2190.0,2026-07-27T05:15:57.948700+00:00,0.48,Sit behavior popular conference into traditional cover majority.,skipped
rec_0000715,user_00076,food_000310,recipe_000147,restaurant_00028,Cozy,pensive,Misty,Back to School,,1468.0,2026-07-27T05:15:57.948716+00:00,0.605,Mission career or project old eat civil case do account middle.,recommended
rec_0000716,user_00145,food_000262,recipe_000179,restaurant_00093,Spicy,relaxed,Breezy,Valentine,,1576.0,2026-07-27T05:15:57.948734+00:00,0.338,Look although treatment movement than occur carry whether stand man bring land customer stage.,recommended
rec_0000717,user_00118,food_000329,,,Relaxed,grateful,Breezy,Berry Season,,2585.0,2026-07-27T05:15:57.948751+00:00,0.611,Miss open number cost world need identify should include able discover also believe nearly.,bookmarked
rec_0000718,user_00056,food_000233,recipe_000019,restaurant_00072,Sweet,bored,Windy,Thanksgiving,,2129.0,2026-07-27T05:15:57.948768+00:00,0.766,Evidence few word issue always true wide wear trouble power natural contain likely arm we.,skipped
rec_0000719,user_00067,food_000127,recipe_000113,restaurant_00070,Motivated,joyful,Cool,Spring,,1811.0,2026-07-27T05:15:57.948785+00:00,0.568,Now inside low TV begin peace art long finally material make brother book especially use Mr.,served
rec_0000720,user_00131,food_000430,recipe_000101,restaurant_00046,Cozy,determined,Holiday,Monsoon,,1851.0,2026-07-27T05:15:57.948802+00:00,0.761,Him worry return our Mr also here red state wide drop find great the.,skipped
rec_0000721,user_00121,food_000488,,,Happy,calm,Snowy,Eid,,2390.0,2026-07-27T05:15:57.948820+00:00,0.983,Base director analysis fall radio early nice.,served
rec_0000722,user_00040,food_000437,,,Cheerful,serene,Heatwave,Warm Weather,,1635.0,2026-07-27T05:15:57.948836+00:00,0.554,Under production we fine book material scientist if paper.,skipped
rec_0000723,user_00181,food_000157,,restaurant_00098,Comfort,joyful,Holiday,Cold Weather,,1401.0,2026-07-27T05:15:57.948852+00:00,0.904,Poor strong wish local region well service particularly create fine either ok campaign check create.,bookmarked
rec_0000724,user_00126,food_000416,recipe_000105,restaurant_00012,Social,joyful,Dry,Valentine,Digestive Disorder,1903.0,2026-07-27T05:15:57.948871+00:00,0.867,Especially risk sometimes soldier service sell language health food else modern chair current star mean vote.,recommended
rec_0000725,user_00087,food_000335,,restaurant_00083,Cozy,relieved,Seasonal,Valentine,,2308.0,2026-07-27T05:15:57.948889+00:00,0.897,Financial very project yard raise week center threat beautiful less message free politics American deal natural.,recommended
rec_0000726,user_00008,food_000378,recipe_000012,,Comfort,optimistic,Foggy,Christmas,Obesity,1890.0,2026-07-27T05:15:57.948905+00:00,0.471,Anything base thought majority behind party church.,recommended
rec_0000727,user_00009,food_000027,recipe_000188,restaurant_00187,Happy,adventurous,Cool,Harvest,,2296.0,2026-07-27T05:15:57.948924+00:00,0.357,Six hit establish mention base answer style style clearly take here table.,recommended
rec_0000728,user_00062,food_000258,recipe_000118,,Relaxed,stressed,Monsoon,Ramadan,,1412.0,2026-07-27T05:15:57.948942+00:00,0.81,Teacher stay then offer benefit laugh thing threat walk so religious treat seek.,bookmarked
rec_0000729,user_00096,food_000427,recipe_000110,,Adventurous,adventurous,Seasonal,Ramadan,,1961.0,2026-07-27T05:15:57.948959+00:00,0.418,Building bad walk knowledge talk scientist under economy discussion car movement over experience learn position them.,bookmarked
rec_0000730,user_00060,food_000322,,,Savory,grateful,Heatwave,Ramadan,PCOS,1928.0,2026-07-27T05:15:57.948976+00:00,0.773,His public couple few activity type person region school give ten try history situation.,skipped
rec_0000731,user_00022,food_000325,,,Calm,inspired,Holiday,Summer Vacation,,1726.0,2026-07-27T05:15:57.948992+00:00,0.385,Article serve rich behavior ago say respond last though fall.,served
rec_0000732,user_00004,food_000237,recipe_000032,,Adventurous,curious,Sunny,Diwali,,2447.0,2026-07-27T05:15:57.949009+00:00,0.478,Want her safe west nor give important so take into two none campaign.,bookmarked
rec_0000733,user_00108,food_000233,recipe_000124,,Festive,calm,Breezy,Citrus Season,,2199.0,2026-07-27T05:15:57.949026+00:00,0.305,Keep future yes social order far least gun foot peace test follow leave check.,bookmarked
rec_0000734,user_00107,food_000281,recipe_000060,restaurant_00026,Sunny,curious,Cool,Eid,,2220.0,2026-07-27T05:15:57.949042+00:00,0.639,Especially customer would build trade own laugh day data she manager.,recommended
rec_0000735,user_00193,food_000418,,,Happy,relieved,Thunderstorm,Christmas,,1915.0,2026-07-27T05:15:57.949059+00:00,0.632,Conference economy add Mr so get others debate future growth former partner system.,recommended
rec_0000736,user_00012,food_000288,,,Cheerful,mellow,Snowy,Warm Weather,,2074.0,2026-07-27T05:15:57.949074+00:00,0.908,System thank team trip forget air administration evening whose air forget view far floor walk time.,skipped
rec_0000737,user_00019,food_000252,,,Savory,lonely,Heatwave,Ramadan,,2543.0,2026-07-27T05:15:57.949092+00:00,0.646,Quality police subject campaign whole heart address agency avoid area style rock such.,skipped
rec_0000738,user_00120,food_000185,,,Focused,joyful,Thunderstorm,Summer,,2534.0,2026-07-27T05:15:57.949107+00:00,0.55,Hundred cold account director fine yourself there middle task to can quite score just chance.,served
rec_0000739,user_00107,food_000456,recipe_000153,restaurant_00120,Calm,romantic,Heatwave,Thanksgiving,,1964.0,2026-07-27T05:15:57.949124+00:00,0.324,Edge kind my next indeed inside education old general letter since line.,recommended
rec_0000740,user_00123,food_000072,,restaurant_00111,Social,inspired,Rainy,New Year,Liver Health,1579.0,2026-07-27T05:15:57.949141+00:00,0.477,Should pattern nice bar board manage certainly watch interest statement.,served
rec_0000741,user_00050,food_000046,recipe_000049,restaurant_00062,Calm,satisfied,Sunny,Summer,Hypertension,2441.0,2026-07-27T05:15:57.949158+00:00,0.481,Edge actually summer entire write among age add.,served
rec_0000742,user_00103,food_000182,,restaurant_00088,Peaceful,optimistic,Warm,Eid,Obesity,2128.0,2026-07-27T05:15:57.949174+00:00,0.406,Skin example which fast attorney suffer cold first there score those focus.,recommended
rec_0000743,user_00027,food_000176,,,Savory,serene,Foggy,Eid,,2471.0,2026-07-27T05:15:57.949189+00:00,0.446,Six usually cut along role apply movement family dream glass address garden improve analysis young.,served
rec_0000744,user_00116,food_000491,recipe_000140,,Peaceful,serene,Cloudy,New Year,,2213.0,2026-07-27T05:15:57.949205+00:00,0.959,Determine seem her candidate simple small account industry bit say wait recognize deep management.,recommended
rec_0000745,user_00064,food_000337,recipe_000139,restaurant_00148,Comforting,focused,Seasonal,Thanksgiving,,1539.0,2026-07-27T05:15:57.949223+00:00,0.62,Treat possible city however several someone itself dark school according thus government partner campaign.,skipped
rec_0000746,user_00084,food_000484,recipe_000012,restaurant_00154,Savory,relieved,Holiday,Autumn,,2285.0,2026-07-27T05:15:57.949240+00:00,0.389,Recent choice rest story line news green appear enter price little political pass allow time read.,recommended
rec_0000747,user_00155,food_000157,recipe_000108,restaurant_00044,Sweet,bored,Misty,Cold Weather,,2283.0,2026-07-27T05:15:57.949257+00:00,0.662,Four decade set risk religious student white factor should imagine medical water science back hold.,bookmarked
rec_0000748,user_00030,food_000249,recipe_000118,,Happy,inspired,Festive,Spring,Digestive Disorder,1408.0,2026-07-27T05:15:57.949275+00:00,0.39,Cut walk summer raise ball production remember science third quickly hundred remember senior grow point beat.,recommended
rec_0000749,user_00020,food_000311,recipe_000174,restaurant_00159,Cheerful,mellow,Snowy,Winter,Lactose Intolerance,2330.0,2026-07-27T05:15:57.949304+00:00,0.41,Building assume treat claim represent TV yourself customer star trouble task weight.,skipped
rec_0000750,user_00032,food_000398,recipe_000094,restaurant_00147,Energized,romantic,Foggy,Eid,,2183.0,2026-07-27T05:15:57.949324+00:00,0.418,Building attack find professor important price fact draw page page itself catch rate offer hard.,bookmarked
rec_0000751,user_00186,food_000139,recipe_000047,,Romantic,playful,Warm,Thanksgiving,,1882.0,2026-07-27T05:15:57.949340+00:00,0.715,Party risk set bit with produce body.,bookmarked
rec_0000752,user_00010,food_000268,,,Adventurous,playful,Snowy,Navratri,,2502.0,2026-07-27T05:15:57.949355+00:00,0.363,Individual coach month possible artist life investment necessary especially.,bookmarked
rec_0000753,user_00004,food_000121,,,Cheerful,mellow,Festive,Summer Vacation,,1534.0,2026-07-27T05:15:57.949372+00:00,0.764,History size simple represent several eat reach try how that.,skipped
rec_0000754,user_00016,food_000073,recipe_000136,,Comforting,melancholic,Monsoon,Valentine,,1834.0,2026-07-27T05:15:57.949388+00:00,0.809,Particularly green piece perform market paper factor issue.,skipped
rec_0000755,user_00048,food_000264,,restaurant_00145,Savory,pensive,Breezy,Winter,Obesity,1408.0,2026-07-27T05:15:57.949405+00:00,0.509,Child everything skill performance population hospital blood how fall environmental himself around school bag activity.,skipped
rec_0000756,user_00023,food_000013,recipe_000004,,Romantic,curious,Seasonal,Festive,,2072.0,2026-07-27T05:15:57.949422+00:00,0.785,Toward piece over data vote head want late maintain authority one home maybe recently feel.,skipped
rec_0000757,user_00034,food_000388,recipe_000122,restaurant_00057,Happy,confident,Cold,Navratri,,2214.0,2026-07-27T05:15:57.949439+00:00,0.345,Southern tonight increase chair nearly within step fire wind issue.,skipped
rec_0000758,user_00114,food_000183,recipe_000058,,Nostalgic,lonely,Windy,Diwali,,1599.0,2026-07-27T05:15:57.949454+00:00,0.424,Nation mean chair level could two pressure specific success section future support.,recommended
rec_0000759,user_00105,food_000220,,restaurant_00064,Sweet,bored,Holiday,Monsoon,,1767.0,2026-07-27T05:15:57.949470+00:00,0.619,Full member yeah political put Republican still direction hold factor buy almost just.,served
rec_0000760,user_00036,food_000493,,,Romantic,bored,Foggy,New Year,,2566.0,2026-07-27T05:15:57.949487+00:00,0.335,Often camera seven teach side road green me western dark research tell huge recognize happy.,skipped
rec_0000761,user_00121,food_000317,recipe_000139,restaurant_00165,Cheerful,grateful,Humid,Diwali,,2369.0,2026-07-27T05:15:57.949504+00:00,0.43,Result ago nearly blue among matter from bill yard team mention throughout leg small true itself.,served
rec_0000762,user_00034,food_000309,recipe_000012,,Romantic,focused,Festive,Autumn,Asthma,2109.0,2026-07-27T05:15:57.949523+00:00,0.714,Skin work can great policy material keep form.,bookmarked
rec_0000763,user_00081,food_000237,recipe_000023,restaurant_00047,Relaxed,pensive,Cloudy,Thanksgiving,,1782.0,2026-07-27T05:15:57.949540+00:00,0.978,Her new place let worker us member their peace ever.,served
rec_0000764,user_00181,food_000201,recipe_000185,restaurant_00154,Relaxed,melancholic,Sunny,Valentine,,1788.0,2026-07-27T05:15:57.949557+00:00,0.572,Necessary general age course learn should help building seem officer evening camera.,skipped
rec_0000765,user_00101,food_000137,,,Focused,relieved,Holiday,Thanksgiving,,1917.0,2026-07-27T05:15:57.949573+00:00,0.402,Kind whatever employee nothing point remember low top stock everything.,served
rec_0000766,user_00162,food_000029,recipe_000039,,Motivated,playful,Heatwave,New Year,,2345.0,2026-07-27T05:15:57.949589+00:00,0.651,Job Democrat other either just piece spring blood listen.,recommended
rec_0000767,user_00140,food_000164,recipe_000028,,Social,bored,Seasonal,Eid,,1429.0,2026-07-27T05:15:57.949605+00:00,0.33,Phone former full finish boy speech run full former professional.,served
rec_0000768,user_00016,food_000341,recipe_000163,restaurant_00088,Peaceful,relieved,Thunderstorm,Citrus Season,,2313.0,2026-07-27T05:15:57.949622+00:00,0.91,Them discuss ground father finally herself doctor spring bad writer.,bookmarked
rec_0000769,user_00104,food_000190,recipe_000031,,Spicy,curious,Cool,Back to School,,1894.0,2026-07-27T05:15:57.949639+00:00,0.5,End have something network phone kitchen apply challenge kind car degree hard be even finally.,recommended
rec_0000770,user_00164,food_000111,,restaurant_00097,Comforting,romantic,Thunderstorm,Summer Vacation,,1533.0,2026-07-27T05:15:57.949656+00:00,0.531,Occur theory bad physical expert team war present foot million off soon onto term.,recommended
rec_0000771,user_00189,food_000103,,,Happy,bored,Warm,Summer,,2454.0,2026-07-27T05:15:57.949672+00:00,0.553,Other especially strategy population its start piece film religious interesting six mean year.,recommended
rec_0000772,user_00102,food_000292,recipe_000092,restaurant_00145,Comforting,inspired,Thunderstorm,Navratri,,1425.0,2026-07-27T05:15:57.949688+00:00,0.329,Size great forward table challenge surface treatment so improve across spring service.,skipped
rec_0000773,user_00181,food_000113,recipe_000081,,Sweet,satisfied,Misty,Valentine,,1686.0,2026-07-27T05:15:57.949704+00:00,0.361,President out positive security hair later together.,skipped
rec_0000774,user_00048,food_000498,recipe_000084,,Festive,relaxed,Cold,Ramadan,,2154.0,2026-07-27T05:15:57.949719+00:00,0.879,Perform cultural several major win discover perhaps middle few decision member adult very experience society.,skipped
rec_0000775,user_00117,food_000329,,,Cozy,melancholic,Foggy,Summer,,2279.0,2026-07-27T05:15:57.949736+00:00,0.512,Trial walk once good education carry citizen financial middle resource world.,served
rec_0000776,user_00048,food_000317,recipe_000012,restaurant_00057,Happy,anxious,Humid,Warm Weather,,1649.0,2026-07-27T05:15:57.949751+00:00,0.311,Than base behind finally relationship respond environmental rock wish among purpose Democrat kind before sound.,skipped
rec_0000777,user_00093,food_000327,recipe_000080,restaurant_00172,Social,tired,Snowy,Festive,,2156.0,2026-07-27T05:15:57.949769+00:00,0.323,Subject structure school almost store fill tree parent health compare deep.,bookmarked
rec_0000778,user_00146,food_000202,recipe_000143,,Motivated,pensive,Thunderstorm,Citrus Season,,2072.0,2026-07-27T05:15:57.949785+00:00,0.437,Paper TV serve southern environment mission really order society well item push.,served
rec_0000779,user_00140,food_000240,recipe_000055,restaurant_00169,Nostalgic,energetic,Monsoon,Christmas,,1449.0,2026-07-27T05:15:57.949802+00:00,0.335,Eat character wait letter medical smile thing kid car.,recommended
rec_0000780,user_00130,food_000080,,,Sunny,playful,Festive,Diwali,,1854.0,2026-07-27T05:15:57.949817+00:00,0.598,Security step plan lay environment husband window require continue respond never center.,served
rec_0000781,user_00175,food_000496,recipe_000080,,Cozy,grateful,Humid,Eid,,1433.0,2026-07-27T05:15:57.949834+00:00,0.665,Until enter both white skin several local avoid.,bookmarked
rec_0000782,user_00149,food_000093,,restaurant_00043,Sweet,optimistic,Humid,Christmas,,1699.0,2026-07-27T05:15:57.949852+00:00,0.445,Water top rest official central music lead central recognize candidate director.,skipped
rec_0000783,user_00084,food_000230,recipe_000041,,Nostalgic,focused,Thunderstorm,Cold Weather,,1739.0,2026-07-27T05:15:57.949868+00:00,0.627,Their score beat baby stock cup once resource point get black in cost thought scientist.,served
rec_0000784,user_00187,food_000350,,,Calm,content,Foggy,Thanksgiving,,1615.0,2026-07-27T05:15:57.949885+00:00,0.332,Interesting lot her student off summer claim majority sell idea player watch too stage mother.,served
rec_0000785,user_00077,food_000307,recipe_000099,,Energized,playful,Heatwave,Christmas,Liver Health,2524.0,2026-07-27T05:15:57.949901+00:00,0.566,Safe nice need product very responsibility decade.,recommended
rec_0000786,user_00158,food_000496,,restaurant_00155,Festive,determined,Sunny,New Year,,2137.0,2026-07-27T05:15:57.949918+00:00,0.358,Agent major different community enter group spend management white year size decide.,recommended
rec_0000787,user_00160,food_000363,,restaurant_00059,Nostalgic,content,Rainy,Cold Weather,,1866.0,2026-07-27T05:15:57.949934+00:00,0.78,Material item several girl after foot challenge why seven picture million recognize head conference.,skipped
rec_0000788,user_00026,food_000279,,,Sunny,inspired,Dry,Valentine,,2599.0,2026-07-27T05:15:57.949950+00:00,0.347,Leave art hundred office him but should few style garden other may one some court.,skipped
rec_0000789,user_00166,food_000427,recipe_000053,,Happy,tired,Stormy,Citrus Season,,2528.0,2026-07-27T05:15:57.949968+00:00,0.857,Bit it process authority eat usually dog others specific economic cause firm line debate onto.,served
rec_0000790,user_00199,food_000345,recipe_000041,restaurant_00008,Relaxed,playful,Dry,Autumn,,2151.0,2026-07-27T05:15:57.949984+00:00,0.424,Support must clear agent write film economy listen old idea present teacher.,served
rec_0000791,user_00161,food_000079,,,Adventurous,bored,Cloudy,Harvest,,2208.0,2026-07-27T05:15:57.949999+00:00,0.74,Current officer medical ask live real wait among state owner give.,skipped
rec_0000792,user_00174,food_000035,,,Spicy,hopeful,Cloudy,Festive,,1775.0,2026-07-27T05:15:57.950015+00:00,0.469,Similar stop spend necessary majority safe hear ground husband central.,recommended
rec_0000793,user_00124,food_000096,,,Savory,stressed,Festive,Winter,,1901.0,2026-07-27T05:15:57.950032+00:00,0.367,Successful rest room only themselves partner movement information major different four opportunity country.,recommended
rec_0000794,user_00125,food_000326,,restaurant_00179,Comfort,joyful,Sunny,Autumn,,1562.0,2026-07-27T05:15:57.950049+00:00,0.956,Collection cell seat left less military that experience.,recommended
rec_0000795,user_00088,food_000432,recipe_000055,restaurant_00045,Nostalgic,mellow,Cool,Summer Vacation,,1847.0,2026-07-27T05:15:57.950065+00:00,0.841,Born long bill reduce coach create arrive sea.,recommended
rec_0000796,user_00030,food_000191,recipe_000081,,Happy,adventurous,Thunderstorm,Berry Season,Asthma,1519.0,2026-07-27T05:15:57.950082+00:00,0.92,Fact capital nearly assume provide cost century amount movie color between air talk look person answer.,recommended
rec_0000797,user_00003,food_000069,recipe_000137,restaurant_00009,Festive,melancholic,Rainy,Berry Season,,2464.0,2026-07-27T05:15:57.950100+00:00,0.307,Town yourself reality every father movement drug how term what expect wonder add health.,skipped
rec_0000798,user_00073,food_000322,recipe_000165,,Social,hopeful,Windy,Christmas,,1425.0,2026-07-27T05:15:57.950116+00:00,0.317,Health body go person painting city major field inside account should history moment.,skipped
rec_0000799,user_00046,food_000136,recipe_000140,,Comforting,hopeful,Breezy,Christmas,Heart Disease,1487.0,2026-07-27T05:15:57.950135+00:00,0.91,Possible push answer life knowledge entire see floor pull interview term draw number.,served
rec_0000800,user_00057,food_000058,,,Comforting,relieved,Cool,Festive,,1840.0,2026-07-27T05:15:57.950154+00:00,0.416,Beat and send want chance will feel agree south consider.,recommended
rec_0000801,user_00127,food_000348,,restaurant_00022,Sunny,serene,Heatwave,Autumn,Thyroid,2359.0,2026-07-27T05:15:57.950171+00:00,0.848,Fact process shake man cup imagine whole.,recommended
rec_0000802,user_00189,food_000070,recipe_000002,,Romantic,relaxed,Dry,Summer Vacation,,1925.0,2026-07-27T05:15:57.950187+00:00,0.82,Ahead response back among smile impact central there indicate yet continue size.,recommended
rec_0000803,user_00114,food_000120,recipe_000044,,Savory,inspired,Cool,Summer,,2092.0,2026-07-27T05:15:57.950207+00:00,0.444,Response interview science phone heavy exactly fall.,served
rec_0000804,user_00073,food_000485,recipe_000093,restaurant_00020,Savory,grateful,Foggy,Summer,Anemia,1456.0,2026-07-27T05:15:57.950223+00:00,0.609,Hot cultural worker national fast simply section test.,bookmarked
rec_0000805,user_00001,food_000271,,,Spicy,adventurous,Thunderstorm,Ramadan,,1876.0,2026-07-27T05:15:57.950239+00:00,0.839,Within specific interest particular author about story develop finish politics trade sea.,bookmarked
rec_0000806,user_00112,food_000232,recipe_000013,restaurant_00144,Calm,joyful,Breezy,Christmas,,2002.0,2026-07-27T05:15:57.950256+00:00,0.873,Bed plant probably course expert agent line pull boy.,bookmarked
rec_0000807,user_00131,food_000119,,restaurant_00002,Relaxed,optimistic,Humid,Back to School,Lactose Intolerance,2306.0,2026-07-27T05:15:57.950273+00:00,0.467,Either choice finish tend tree many involve another.,skipped
rec_0000808,user_00141,food_000096,recipe_000031,restaurant_00141,Calm,anxious,Sunny,Eid,Kidney Disease,1722.0,2026-07-27T05:15:57.950290+00:00,0.344,Above approach since will rather opportunity control easy.,skipped
rec_0000809,user_00066,food_000015,recipe_000051,restaurant_00137,Comfort,excited,Festive,Berry Season,Diabetes,1766.0,2026-07-27T05:15:57.950307+00:00,0.509,Media world market employee oil fact fire store skill.,recommended
rec_0000810,user_00081,food_000033,,,Festive,mellow,Monsoon,Summer,,2343.0,2026-07-27T05:15:57.950322+00:00,0.334,Reveal fast family education help start answer still why interview dream executive follow.,recommended
rec_0000811,user_00070,food_000277,,restaurant_00113,Sweet,confident,Heatwave,Cold Weather,,1799.0,2026-07-27T05:15:57.950338+00:00,0.735,Get guy series movement score clearly short effort.,served
rec_0000812,user_00042,food_000458,recipe_000066,restaurant_00115,Savory,joyful,Cool,Citrus Season,,1564.0,2026-07-27T05:15:57.950353+00:00,0.949,Me main thus their wide have school heart possible stuff step gun final hospital.,served
rec_0000813,user_00148,food_000032,recipe_000026,restaurant_00071,Cheerful,focused,Thunderstorm,Ramadan,,2223.0,2026-07-27T05:15:57.950370+00:00,0.621,Dark benefit list yard very side thus figure unit value baby.,recommended
rec_0000814,user_00019,food_000300,recipe_000034,,Sunny,relieved,Sunny,Autumn,,2563.0,2026-07-27T05:15:57.950386+00:00,0.406,Charge worker back own choice computer within include meet dream recently make else fall risk.,served
rec_0000815,user_00116,food_000217,,,Happy,mellow,Breezy,Spring,Heart Disease,1821.0,2026-07-27T05:15:57.950403+00:00,0.683,Perform doctor action him year back money serious often fire might fear.,bookmarked
rec_0000816,user_00181,food_000180,recipe_000079,,Focused,serene,Breezy,Monsoon,,1788.0,2026-07-27T05:15:57.950419+00:00,0.803,Month city walk rock court child let food apply the example employee.,served
rec_0000817,user_00159,food_000470,,restaurant_00177,Focused,lonely,Foggy,Summer Vacation,,2371.0,2026-07-27T05:15:57.950434+00:00,0.841,Shoulder hour security paper fear guy away finish.,bookmarked
rec_0000818,user_00182,food_000258,recipe_000118,restaurant_00159,Savory,determined,Dry,Harvest,,2095.0,2026-07-27T05:15:57.950450+00:00,0.783,Practice record act pass purpose off heart modern star.,served
rec_0000819,user_00042,food_000359,recipe_000008,restaurant_00157,Calm,inspired,Heatwave,Christmas,,1800.0,2026-07-27T05:15:57.950467+00:00,0.793,Ask language million realize police staff line federal easy might price now.,bookmarked
rec_0000820,user_00197,food_000197,,,Adventurous,curious,Breezy,New Year,,1876.0,2026-07-27T05:15:57.950483+00:00,0.52,Expert believe enjoy weight poor again focus budget free task beat understand activity no onto.,recommended
rec_0000821,user_00174,food_000178,,,Relaxed,lonely,Seasonal,Thanksgiving,,2229.0,2026-07-27T05:15:57.950498+00:00,0.415,Woman though style no six fine many mission decision son enter recently tough again.,skipped
rec_0000822,user_00122,food_000128,,restaurant_00058,Calm,mellow,Cool,Winter,,1723.0,2026-07-27T05:15:57.950515+00:00,0.339,Economic production huge when wide paper finally ready month experience attorney fly past beat up others.,served
rec_0000823,user_00106,food_000218,,,Energized,calm,Foggy,Monsoon,Thyroid,1801.0,2026-07-27T05:15:57.950532+00:00,0.476,Evening agree describe statement region exactly style office series this out reach pattern on these.,bookmarked
rec_0000824,user_00046,food_000498,recipe_000055,,Peaceful,lonely,Thunderstorm,Festive,,1799.0,2026-07-27T05:15:57.950549+00:00,0.551,Scene surface country large loss about difficult these bed.,served
rec_0000825,user_00073,food_000142,,,Romantic,relieved,Cool,Harvest,,1994.0,2026-07-27T05:15:57.950563+00:00,0.944,Tax from protect boy likely wife before.,served
rec_0000826,user_00020,food_000054,recipe_000068,restaurant_00068,Nostalgic,inspired,Warm,Ramadan,,1741.0,2026-07-27T05:15:57.950579+00:00,0.828,Later pay wide continue traditional capital where employee too.,served
rec_0000827,user_00162,food_000284,recipe_000077,,Nostalgic,playful,Stormy,Summer Vacation,Anemia,1552.0,2026-07-27T05:15:57.950597+00:00,0.411,Understand land debate rest arm yourself memory believe feel capital.,served
rec_0000828,user_00032,food_000466,recipe_000193,,Savory,hopeful,Foggy,Christmas,,2426.0,2026-07-27T05:15:57.950613+00:00,0.984,By voice enough every dinner thing stage knowledge mean this.,skipped
rec_0000829,user_00065,food_000226,recipe_000083,,Savory,tired,Heatwave,Ramadan,,2567.0,2026-07-27T05:15:57.950629+00:00,0.86,Husband trial enjoy old poor offer tonight single future large style student cost beautiful huge.,bookmarked
rec_0000830,user_00062,food_000438,,,Romantic,content,Cold,Citrus Season,Arthritis,1851.0,2026-07-27T05:15:57.950645+00:00,0.891,Message door travel blood miss couple follow animal movement whether form fish her begin.,recommended
rec_0000831,user_00146,food_000091,recipe_000061,,Motivated,satisfied,Seasonal,Festive,,1802.0,2026-07-27T05:15:57.950661+00:00,0.988,Unit simply include bad stock any program little positive.,served
rec_0000832,user_00186,food_000258,,,Nostalgic,determined,Stormy,Ramadan,,2186.0,2026-07-27T05:15:57.950676+00:00,0.948,Reflect home no knowledge successful so war bank central political design white give benefit.,bookmarked
rec_0000833,user_00053,food_000382,,restaurant_00019,Festive,romantic,Thunderstorm,Winter,,2197.0,2026-07-27T05:15:57.950692+00:00,0.379,While product win wait what guy often involve policy plant almost high dinner size pattern.,served
rec_0000834,user_00097,food_000415,recipe_000161,,Motivated,adventurous,Festive,Autumn,,1701.0,2026-07-27T05:15:57.950708+00:00,0.851,Gun order Republican child available more discussion deep interview site black field grow usually continue.,served
rec_0000835,user_00133,food_000468,recipe_000180,restaurant_00099,Cheerful,joyful,Thunderstorm,Summer,,1945.0,2026-07-27T05:15:57.950725+00:00,0.602,Send let change north interesting water ahead form beautiful over.,bookmarked
rec_0000836,user_00149,food_000005,,restaurant_00082,Comfort,anxious,Dry,Summer,,1403.0,2026-07-27T05:15:57.950740+00:00,0.928,Cost science yard environment picture write explain enough store world mission.,served
rec_0000837,user_00048,food_000467,recipe_000043,restaurant_00159,Spicy,confident,Heatwave,New Year,,1631.0,2026-07-27T05:15:57.950756+00:00,0.939,Detail plan blood suffer oil heart above friend perhaps east research responsibility sense plant company they.,served
rec_0000838,user_00142,food_000201,recipe_000068,restaurant_00158,Spicy,adventurous,Snowy,Eid,Asthma,2209.0,2026-07-27T05:15:57.950773+00:00,0.826,Home blood moment behavior executive style school plant use.,recommended
rec_0000839,user_00130,food_000449,,,Energized,romantic,Cloudy,Diwali,Liver Health,1952.0,2026-07-27T05:15:57.950790+00:00,0.394,Chair thank government movement writer themselves analysis pretty know marriage although culture ready TV.,recommended
rec_0000840,user_00004,food_000329,recipe_000126,,Spicy,confident,Cloudy,Eid,,1747.0,2026-07-27T05:15:57.950806+00:00,0.658,Discuss want hot huge attention seven couple nearly language with century as become must.,bookmarked
rec_0000841,user_00190,food_000307,recipe_000154,,Cheerful,curious,Monsoon,Thanksgiving,,2403.0,2026-07-27T05:15:57.950823+00:00,0.785,Ever audience season local animal likely capital college star.,skipped
rec_0000842,user_00152,food_000118,,,Happy,inspired,Monsoon,Berry Season,,1827.0,2026-07-27T05:15:57.950838+00:00,0.569,Speech girl whose house item number hard describe cover.,recommended
rec_0000843,user_00005,food_000241,,restaurant_00011,Comforting,inspired,Dry,Berry Season,,2496.0,2026-07-27T05:15:57.950855+00:00,0.371,Defense produce shake reach heavy laugh color sometimes kid tell teach deep decision production store describe.,served
rec_0000844,user_00198,food_000144,recipe_000059,restaurant_00061,Cheerful,pensive,Thunderstorm,Winter,,2486.0,2026-07-27T05:15:57.950871+00:00,0.545,Nearly blood strategy available can memory difference plan near yourself billion body week.,recommended
rec_0000845,user_00159,food_000324,recipe_000109,restaurant_00159,Cozy,bored,Cold,Diwali,,2204.0,2026-07-27T05:15:57.950888+00:00,0.312,Evidence she class describe top all water onto bed must out.,recommended
rec_0000846,user_00084,food_000433,,,Energized,excited,Heatwave,Diwali,Heart Disease,1680.0,2026-07-27T05:15:57.950903+00:00,0.562,Series difference effect art arrive born office involve military drug right character home compare participant become.,bookmarked
rec_0000847,user_00027,food_000270,,restaurant_00072,Comforting,inspired,Cool,Spring,,1879.0,2026-07-27T05:15:57.950919+00:00,0.522,Great line participant she scene Mr single per as magazine.,bookmarked
rec_0000848,user_00062,food_000173,,,Calm,optimistic,Breezy,Warm Weather,,2315.0,2026-07-27T05:15:57.950935+00:00,0.799,Child meeting individual market price concern product open low room could possible space first participant enough.,recommended
rec_0000849,user_00175,food_000475,,restaurant_00118,Calm,optimistic,Foggy,Cold Weather,,2122.0,2026-07-27T05:15:57.950952+00:00,0.802,Appear run easy heavy knowledge card easy order air large follow top boy power community.,skipped
rec_0000850,user_00085,food_000039,,restaurant_00191,Spicy,satisfied,Cool,Thanksgiving,,1505.0,2026-07-27T05:15:57.950970+00:00,0.357,Lose despite part anyone list rate go.,recommended
rec_0000851,user_00084,food_000396,,,Happy,inspired,Humid,Berry Season,,2276.0,2026-07-27T05:15:57.950986+00:00,0.526,Send friend agency put television home relate open read one.,skipped
rec_0000852,user_00054,food_000403,recipe_000128,,Sweet,inspired,Festive,Spring,Liver Health,1858.0,2026-07-27T05:15:57.951002+00:00,0.759,In I relate adult suddenly assume keep capital.,bookmarked
rec_0000853,user_00069,food_000020,recipe_000016,restaurant_00195,Relaxed,relaxed,Holiday,Summer,,1979.0,2026-07-27T05:15:57.951018+00:00,0.399,Scientist new spend view evidence clearly day.,bookmarked
rec_0000854,user_00121,food_000456,,restaurant_00140,Cheerful,excited,Dry,Berry Season,,2168.0,2026-07-27T05:15:57.951034+00:00,0.787,Win successful game sing attention social again laugh unit peace wait however.,bookmarked
rec_0000855,user_00042,food_000315,,,Adventurous,relieved,Thunderstorm,Festive,Diabetes,2446.0,2026-07-27T05:15:57.951050+00:00,0.544,Into for debate mean although onto than program statement later along production thus three.,served
rec_0000856,user_00102,food_000405,,,Cozy,excited,Cloudy,Summer Vacation,,2476.0,2026-07-27T05:15:57.951067+00:00,0.642,Open professor hand project sometimes air gas.,recommended
rec_0000857,user_00037,food_000267,,,Comforting,tired,Dry,Harvest,,1484.0,2026-07-27T05:15:57.951081+00:00,0.498,Form little since without point ago imagine color physical special natural base mission amount arm.,served
rec_0000858,user_00124,food_000044,recipe_000099,,Calm,bored,Stormy,Spring,,2165.0,2026-07-27T05:15:57.951099+00:00,0.501,Reveal officer human rest table might skill new he senior.,served
rec_0000859,user_00136,food_000333,,,Cozy,melancholic,Humid,Winter,,1807.0,2026-07-27T05:15:57.951114+00:00,0.36,Get good high color able choice mention focus very southern blue generation company half success year.,recommended
rec_0000860,user_00142,food_000277,,,Relaxed,melancholic,Holiday,New Year,,2394.0,2026-07-27T05:15:57.951131+00:00,0.8,Lay last push within price its ground others apply business.,recommended
rec_0000861,user_00128,food_000482,recipe_000119,,Cozy,relaxed,Breezy,Christmas,,2113.0,2026-07-27T05:15:57.951147+00:00,0.506,Have country team activity relationship model against food course air pattern box country community.,served
rec_0000862,user_00054,food_000129,recipe_000130,,Cheerful,pensive,Foggy,Harvest,,1627.0,2026-07-27T05:15:57.951167+00:00,0.374,Green life guy entire young miss situation control that pay defense though will same pattern.,served
rec_0000863,user_00036,food_000196,recipe_000147,,Social,nostalgic,Rainy,Cold Weather,,1677.0,2026-07-27T05:15:57.951184+00:00,0.433,Food full rock church themselves these camera.,skipped
rec_0000864,user_00049,food_000335,recipe_000022,,Relaxed,adventurous,Heatwave,Navratri,,1458.0,2026-07-27T05:15:57.951199+00:00,0.621,Experience need ago bag subject one both reality.,skipped
rec_0000865,user_00097,food_000129,,,Cozy,joyful,Misty,Back to School,,1617.0,2026-07-27T05:15:57.951215+00:00,0.521,Challenge result glass everything outside foot play too per floor child focus.,served
rec_0000866,user_00192,food_000423,,restaurant_00123,Cozy,hopeful,Windy,Thanksgiving,,2551.0,2026-07-27T05:15:57.951232+00:00,0.979,Free against test defense public mind Republican indicate onto oil series.,bookmarked
rec_0000867,user_00170,food_000070,recipe_000149,,Energized,hopeful,Holiday,Diwali,Celiac Disease,2070.0,2026-07-27T05:15:57.951248+00:00,0.869,She notice dinner rise experience hot as film yes final.,skipped
rec_0000868,user_00089,food_000086,recipe_000041,,Comforting,grateful,Festive,Harvest,,1628.0,2026-07-27T05:15:57.951264+00:00,0.411,Mrs gun action those power century push pull town far these finish.,skipped
rec_0000869,user_00138,food_000136,recipe_000197,restaurant_00022,Sweet,curious,Holiday,Diwali,,2133.0,2026-07-27T05:15:57.951281+00:00,0.957,Board scientist week democratic site over somebody.,recommended
rec_0000870,user_00174,food_000372,,restaurant_00192,Sweet,content,Warm,Christmas,,2000.0,2026-07-27T05:15:57.951297+00:00,0.989,Family memory national stand unit tax left director pressure allow.,recommended
rec_0000871,user_00065,food_000393,,,Sweet,joyful,Sunny,Valentine,Anemia,1747.0,2026-07-27T05:15:57.951324+00:00,0.509,Rise choose can side suffer expert pattern long affect try.,skipped
rec_0000872,user_00189,food_000270,,restaurant_00085,Festive,optimistic,Sunny,Summer,,2362.0,2026-07-27T05:15:57.951341+00:00,0.826,Technology try wonder husband boy really want from whose.,bookmarked
rec_0000873,user_00196,food_000024,,restaurant_00097,Motivated,melancholic,Festive,New Year,,1693.0,2026-07-27T05:15:57.951358+00:00,0.824,Among eye sit fish require to wonder half share create present.,bookmarked
rec_0000874,user_00012,food_000381,,restaurant_00008,Energized,pensive,Cool,Summer,,1466.0,2026-07-27T05:15:57.951379+00:00,0.872,Eight away adult brother yet fine trial indicate piece network often to.,recommended
rec_0000875,user_00062,food_000139,recipe_000109,,Calm,calm,Thunderstorm,Autumn,,2010.0,2026-07-27T05:15:57.951401+00:00,0.309,Inside note receive nice spend enough past accept customer wait exist.,recommended
rec_0000876,user_00151,food_000317,,restaurant_00023,Sunny,determined,Foggy,Eid,,1763.0,2026-07-27T05:15:57.951417+00:00,0.637,Management under fund who price should second news citizen place wrong hospital.,bookmarked
rec_0000877,user_00166,food_000092,recipe_000183,restaurant_00052,Adventurous,energetic,Seasonal,Christmas,,2428.0,2026-07-27T05:15:57.951435+00:00,0.534,Both apply drop possible old these collection pick top run hotel set interesting.,served
rec_0000878,user_00091,food_000349,,restaurant_00101,Peaceful,grateful,Cloudy,Eid,,2358.0,2026-07-27T05:15:57.951451+00:00,0.376,Party stop forget decade occur say eat front media plant message.,bookmarked
rec_0000879,user_00094,food_000428,recipe_000107,,Cozy,confident,Seasonal,Warm Weather,,1488.0,2026-07-27T05:15:57.951467+00:00,0.69,Eat leader town go use enough across us.,recommended
rec_0000880,user_00192,food_000123,,,Comfort,relaxed,Holiday,Eid,,2246.0,2026-07-27T05:15:57.951483+00:00,0.38,Whatever buy daughter lot nice participant kitchen ball financial light help loss traditional per.,served
rec_0000881,user_00057,food_000107,recipe_000107,restaurant_00048,Adventurous,content,Cold,Summer,,2164.0,2026-07-27T05:15:57.951501+00:00,0.572,Suffer population so foreign that sound time hotel quickly modern best standard energy church.,recommended
rec_0000882,user_00018,food_000304,,restaurant_00165,Cozy,determined,Holiday,Back to School,,2038.0,2026-07-27T05:15:57.951518+00:00,0.685,Memory save high system already term enter why story stand section back yard hour.,recommended
rec_0000883,user_00149,food_000249,recipe_000135,,Peaceful,romantic,Festive,Thanksgiving,,1574.0,2026-07-27T05:15:57.951536+00:00,0.694,Pm wait much executive value issue yeah lay choice behavior well.,skipped
rec_0000884,user_00015,food_000178,,restaurant_00067,Social,playful,Holiday,Festive,Anemia,2553.0,2026-07-27T05:15:57.951553+00:00,0.805,To western fire great and two perform.,recommended
rec_0000885,user_00065,food_000069,,restaurant_00035,Happy,adventurous,Misty,Warm Weather,,1420.0,2026-07-27T05:15:57.951568+00:00,0.376,Voice common upon heart yes trip after everyone.,recommended
rec_0000886,user_00053,food_000499,,restaurant_00147,Peaceful,mellow,Thunderstorm,New Year,,1434.0,2026-07-27T05:15:57.951583+00:00,0.877,Or top to process world Mrs tough enter leg writer laugh win guess quite.,bookmarked
rec_0000887,user_00171,food_000178,,,Cozy,pensive,Snowy,Festive,Thyroid,1786.0,2026-07-27T05:15:57.951599+00:00,0.54,Public easy somebody rule type usually world manager team send life community director win base.,recommended
rec_0000888,user_00053,food_000329,recipe_000126,,Sunny,tired,Cool,Festive,,2466.0,2026-07-27T05:15:57.951616+00:00,0.513,Hospital never music western lot follow clearly anything trip PM news notice threat various tree.,served
rec_0000889,user_00001,food_000410,,,Energized,bored,Humid,Ramadan,,1846.0,2026-07-27T05:15:57.951631+00:00,0.819,Company personal scientist through computer call despite carry often police ability think charge turn computer work.,bookmarked
rec_0000890,user_00197,food_000269,,,Sunny,bored,Warm,Monsoon,,1869.0,2026-07-27T05:15:57.951648+00:00,0.843,Cup democratic glass bit former chance home other peace entire.,recommended
rec_0000891,user_00021,food_000060,recipe_000177,restaurant_00004,Calm,satisfied,Seasonal,Winter,,2279.0,2026-07-27T05:15:57.951664+00:00,0.891,National can rock both myself clear open black.,bookmarked
rec_0000892,user_00130,food_000342,recipe_000036,restaurant_00144,Cheerful,bored,Cloudy,Autumn,Digestive Disorder,1735.0,2026-07-27T05:15:57.951682+00:00,0.647,Second listen research likely single officer identify career remain every.,served
rec_0000893,user_00120,food_000249,recipe_000008,restaurant_00054,Sunny,confident,Misty,Christmas,,2022.0,2026-07-27T05:15:57.951698+00:00,0.631,Control cause phone against site even their run economic radio piece near account difference officer.,served
rec_0000894,user_00167,food_000127,,restaurant_00084,Sweet,grateful,Foggy,Navratri,PCOS,2406.0,2026-07-27T05:15:57.951715+00:00,0.722,Kid represent wide continue until owner admit citizen reality.,skipped
rec_0000895,user_00171,food_000340,recipe_000008,restaurant_00126,Comforting,bored,Cold,Citrus Season,,1620.0,2026-07-27T05:15:57.951731+00:00,0.756,Career type from show after appear player three poor factor maybe happen.,skipped
rec_0000896,user_00182,food_000129,recipe_000033,restaurant_00115,Cheerful,confident,Breezy,Autumn,,2101.0,2026-07-27T05:15:57.951748+00:00,0.333,Process grow he set level capital court effect reach.,skipped
rec_0000897,user_00014,food_000190,recipe_000117,restaurant_00117,Relaxed,anxious,Misty,Navratri,Liver Health,1998.0,2026-07-27T05:15:57.951766+00:00,0.849,Concern level plan them teach huge level share picture strategy other stop.,served
rec_0000898,user_00129,food_000183,,restaurant_00130,Calm,grateful,Heatwave,Festive,,1551.0,2026-07-27T05:15:57.951783+00:00,0.526,Tax into question former report reality mouth policy modern arrive sister into.,bookmarked
rec_0000899,user_00151,food_000240,recipe_000106,,Relaxed,nostalgic,Misty,Summer,,2120.0,2026-07-27T05:15:57.951802+00:00,0.604,Onto return each stand brother degree soldier sign meet develop last through south production hair.,bookmarked
rec_0000900,user_00036,food_000261,recipe_000043,restaurant_00181,Sunny,calm,Holiday,Citrus Season,,1950.0,2026-07-27T05:15:57.951821+00:00,0.789,Main data like approach then important these home.,served
rec_0000901,user_00034,food_000289,,restaurant_00149,Nostalgic,bored,Foggy,Navratri,,2238.0,2026-07-27T05:15:57.951840+00:00,0.896,Miss goal after performance our position particularly sport artist step picture moment scientist hold direction serious.,served
rec_0000902,user_00185,food_000452,,restaurant_00112,Cheerful,romantic,Warm,Winter,,1469.0,2026-07-27T05:15:57.951860+00:00,0.788,Ago ten leave thing begin American determine trouble perform perhaps design challenge identify save.,served
rec_0000903,user_00179,food_000189,recipe_000185,,Motivated,grateful,Dry,Monsoon,,2555.0,2026-07-27T05:15:57.951880+00:00,0.781,Hospital such eight book together along mission sense.,bookmarked
rec_0000904,user_00194,food_000303,recipe_000099,restaurant_00030,Sweet,energetic,Cool,Summer,Asthma,1462.0,2026-07-27T05:15:57.951898+00:00,0.586,Power long part easy fill thought thought course agreement many check focus recognize son month.,served
rec_0000905,user_00144,food_000397,,,Energized,focused,Heatwave,Ramadan,,2297.0,2026-07-27T05:15:57.951916+00:00,0.394,World investment agent window light mother yes across easy method best approach public weight truth.,skipped
rec_0000906,user_00008,food_000463,recipe_000058,restaurant_00183,Social,lonely,Seasonal,Autumn,,1723.0,2026-07-27T05:15:57.951933+00:00,0.308,That TV sport either believe among mind.,recommended
rec_0000907,user_00102,food_000437,recipe_000057,,Comfort,bored,Breezy,New Year,,1912.0,2026-07-27T05:15:57.951950+00:00,0.647,Medical sound where listen weight fill treat group when.,recommended
rec_0000908,user_00093,food_000216,recipe_000118,restaurant_00149,Comfort,stressed,Misty,Navratri,,1987.0,2026-07-27T05:15:57.951968+00:00,0.879,Herself industry task treatment former responsibility identify them a card money section.,skipped
rec_0000909,user_00151,food_000209,recipe_000009,,Sunny,satisfied,Breezy,Harvest,,1555.0,2026-07-27T05:15:57.951986+00:00,0.571,Impact TV service fire camera among whose someone.,served
rec_0000910,user_00152,food_000485,recipe_000088,,Cozy,determined,Seasonal,Citrus Season,,1893.0,2026-07-27T05:15:57.952006+00:00,0.796,Receive when probably something which ago per song rule them.,served
rec_0000911,user_00194,food_000182,recipe_000129,,Romantic,melancholic,Humid,Navratri,,1593.0,2026-07-27T05:15:57.952023+00:00,0.394,Respond international baby offer form evidence around race approach whom serve speak consumer eight past.,skipped
rec_0000912,user_00109,food_000430,recipe_000033,,Happy,energetic,Heatwave,Spring,,2554.0,2026-07-27T05:15:57.952041+00:00,0.526,Financial while paper serious table think hair physical member notice difficult expect husband.,served
rec_0000913,user_00079,food_000008,recipe_000200,,Romantic,satisfied,Warm,Berry Season,,1426.0,2026-07-27T05:15:57.952065+00:00,0.328,Civil bed before interest notice hear analysis guess partner suddenly more.,served
rec_0000914,user_00149,food_000344,,restaurant_00009,Motivated,bored,Heatwave,Summer Vacation,,1927.0,2026-07-27T05:15:57.952082+00:00,0.571,Matter police stop glass pay window either himself although laugh.,skipped
rec_0000915,user_00162,food_000159,recipe_000073,,Sunny,energetic,Holiday,New Year,,1466.0,2026-07-27T05:15:57.952098+00:00,0.683,Good month adult dark door road customer speak street lose general type recent suggest dinner.,bookmarked
rec_0000916,user_00027,food_000108,,restaurant_00148,Sunny,optimistic,Cloudy,Summer Vacation,,1623.0,2026-07-27T05:15:57.952116+00:00,0.439,Today herself she work thank today try couple thing administration.,served
rec_0000917,user_00090,food_000151,,restaurant_00164,Festive,romantic,Humid,Eid,,1612.0,2026-07-27T05:15:57.952131+00:00,0.36,Modern project tough trip choose travel opportunity require research market according beat my ten collection.,served
rec_0000918,user_00051,food_000387,,,Comfort,inspired,Cool,Festive,,1978.0,2026-07-27T05:15:57.952148+00:00,0.344,Fall it southern live scientist example for stay into plant beat environment.,skipped
rec_0000919,user_00081,food_000290,recipe_000160,restaurant_00151,Energized,relieved,Stormy,Monsoon,,2510.0,2026-07-27T05:15:57.952165+00:00,0.79,Including relate later though center popular court option moment statement.,recommended
rec_0000920,user_00120,food_000200,recipe_000010,restaurant_00100,Focused,satisfied,Heatwave,Warm Weather,,1545.0,2026-07-27T05:15:57.952183+00:00,0.917,Threat visit policy score data rich always serious bring behind including.,bookmarked
rec_0000921,user_00005,food_000332,,restaurant_00121,Spicy,bored,Seasonal,Back to School,,1798.0,2026-07-27T05:15:57.952199+00:00,0.315,Ever candidate personal know better because growth.,served
rec_0000922,user_00131,food_000101,recipe_000042,restaurant_00146,Social,romantic,Festive,Back to School,,1769.0,2026-07-27T05:15:57.952215+00:00,0.566,Eye firm direction fly Republican person term never miss remain audience buy.,recommended
rec_0000923,user_00063,food_000262,,,Romantic,stressed,Cool,Cold Weather,Anemia,1640.0,2026-07-27T05:15:57.952232+00:00,0.453,These or report trade man be car bank forget all base save anyone establish region option.,served
rec_0000924,user_00020,food_000417,recipe_000107,,Motivated,satisfied,Breezy,Christmas,,2410.0,2026-07-27T05:15:57.952250+00:00,0.349,Detail door arrive quite inside look positive without will.,skipped
rec_0000925,user_00181,food_000401,recipe_000171,restaurant_00156,Adventurous,energetic,Rainy,New Year,Heart Disease,2486.0,2026-07-27T05:15:57.952267+00:00,0.969,Instead seem return development speech nation full fear section product sense sometimes.,recommended
rec_0000926,user_00082,food_000412,recipe_000009,,Savory,energetic,Humid,New Year,,1426.0,2026-07-27T05:15:57.952285+00:00,0.444,Affect author himself radio prove discuss energy hit wear.,served
rec_0000927,user_00097,food_000225,recipe_000124,,Focused,content,Festive,Ramadan,,1758.0,2026-07-27T05:15:57.952301+00:00,0.561,Arm beyond maintain conference society listen expect specific up police nearly material across arm table.,bookmarked
rec_0000928,user_00193,food_000451,recipe_000049,restaurant_00073,Sweet,satisfied,Thunderstorm,Ramadan,,2144.0,2026-07-27T05:15:57.952319+00:00,0.365,Follow several learn season chair light instead tough individual worry everyone matter former recently.,bookmarked
rec_0000929,user_00081,food_000118,recipe_000196,,Motivated,relieved,Cool,Diwali,,2461.0,2026-07-27T05:15:57.952336+00:00,0.667,Career anyone four force cell rate senior until because trade agent agency free process ground.,bookmarked
rec_0000930,user_00036,food_000369,recipe_000155,restaurant_00013,Romantic,satisfied,Heatwave,Eid,,1610.0,2026-07-27T05:15:57.952353+00:00,0.865,Time democratic sea thought traditional lead safe its ten plant person.,bookmarked
rec_0000931,user_00189,food_000222,recipe_000064,restaurant_00140,Comforting,excited,Warm,Back to School,,2261.0,2026-07-27T05:15:57.952370+00:00,0.641,Office indeed safe worker stay military send drive civil of lot style include each short despite.,served
rec_0000932,user_00167,food_000189,,,Spicy,joyful,Festive,Cold Weather,,1829.0,2026-07-27T05:15:57.952389+00:00,0.985,Everything federal adult pick about effort some focus guy article voice those right describe nature.,skipped
rec_0000933,user_00067,food_000223,,,Happy,relaxed,Heatwave,Thanksgiving,Digestive Disorder,2012.0,2026-07-27T05:15:57.952406+00:00,0.815,Report spring six those which particular media matter adult daughter some safe business such great charge.,bookmarked
rec_0000934,user_00097,food_000104,recipe_000053,restaurant_00148,Adventurous,nostalgic,Cool,Berry Season,,2136.0,2026-07-27T05:15:57.952423+00:00,0.396,As evening modern sense organization quite some hundred later here management care act may south evening.,bookmarked
rec_0000935,user_00116,food_000028,,,Cheerful,relieved,Monsoon,Summer Vacation,,1673.0,2026-07-27T05:15:57.952440+00:00,0.578,Community organization realize change consumer school wear environment civil enter health maybe provide begin assume.,served
rec_0000936,user_00164,food_000104,recipe_000069,restaurant_00190,Adventurous,serene,Cloudy,Christmas,Arthritis,2198.0,2026-07-27T05:15:57.952460+00:00,0.833,Official trial low involve all behind service itself page fund bar let enter under.,recommended
rec_0000937,user_00149,food_000479,recipe_000189,,Cozy,relieved,Humid,Harvest,,1450.0,2026-07-27T05:15:57.952479+00:00,0.444,General toward resource child often call less field believe fly peace.,bookmarked
rec_0000938,user_00167,food_000143,recipe_000194,,Focused,confident,Heatwave,Autumn,,1787.0,2026-07-27T05:15:57.952497+00:00,0.933,Half thousand offer value quickly board those listen scientist entire cause huge its.,skipped
rec_0000939,user_00046,food_000371,recipe_000072,,Focused,focused,Stormy,Monsoon,,1401.0,2026-07-27T05:15:57.952516+00:00,0.898,Second exactly place follow concern you everything easy score couple weight later.,recommended
rec_0000940,user_00048,food_000179,,restaurant_00188,Romantic,grateful,Cold,Valentine,,1969.0,2026-07-27T05:15:57.952532+00:00,0.344,Travel local expert set then director science dinner look.,skipped
rec_0000941,user_00082,food_000276,recipe_000062,,Comfort,melancholic,Stormy,Eid,,1457.0,2026-07-27T05:15:57.952548+00:00,0.44,Child big story clearly amount garden receive friend set draw tree smile strategy time.,skipped
rec_0000942,user_00130,food_000078,recipe_000049,,Nostalgic,mellow,Festive,Winter,,2314.0,2026-07-27T05:15:57.952565+00:00,0.7,Point while moment property address possible husband part grow billion present serious.,recommended
rec_0000943,user_00093,food_000227,,restaurant_00129,Sweet,focused,Thunderstorm,Citrus Season,PCOS,1702.0,2026-07-27T05:15:57.952582+00:00,0.838,Past type every three hold ahead so fill even practice its.,bookmarked
rec_0000944,user_00016,food_000269,recipe_000139,,Spicy,relaxed,Misty,Diwali,,1830.0,2026-07-27T05:15:57.952599+00:00,0.506,Answer pattern chance discover best science behavior cause leader easy prevent threat.,recommended
rec_0000945,user_00013,food_000351,recipe_000138,,Comfort,inspired,Humid,Eid,,1762.0,2026-07-27T05:15:57.952617+00:00,0.659,Teach win ok support north whether side election research.,bookmarked
rec_0000946,user_00102,food_000240,recipe_000171,,Social,excited,Misty,Harvest,,2534.0,2026-07-27T05:15:57.952634+00:00,0.503,Perhaps foreign clearly science clearly safe century including development add soldier remember growth then.,served
rec_0000947,user_00027,food_000241,,,Adventurous,grateful,Sunny,New Year,,2229.0,2026-07-27T05:15:57.952654+00:00,0.515,Economic quickly available player bring doctor woman their model food bring.,served
rec_0000948,user_00132,food_000423,recipe_000171,,Sweet,excited,Cloudy,Thanksgiving,,1890.0,2026-07-27T05:15:57.952671+00:00,0.475,Notice gas father about eat month fight large street artist most daughter statement pull price visit.,skipped
rec_0000949,user_00175,food_000018,,,Romantic,playful,Thunderstorm,New Year,,2283.0,2026-07-27T05:15:57.952689+00:00,0.423,Surface like billion each this sort total away capital floor despite evidence.,skipped
rec_0000950,user_00135,food_000141,,,Relaxed,adventurous,Sunny,Cold Weather,,2329.0,2026-07-27T05:15:57.952707+00:00,0.725,Outside because store subject authority four leave quickly authority same Mr treat.,recommended
rec_0000951,user_00039,food_000084,recipe_000091,,Romantic,romantic,Sunny,Summer Vacation,,2274.0,2026-07-27T05:15:57.952724+00:00,0.355,Tell hit color thing Democrat man high black consider sound better treat clear view just probably.,recommended
rec_0000952,user_00188,food_000397,recipe_000012,restaurant_00016,Focused,mellow,Misty,Winter,,1436.0,2026-07-27T05:15:57.952742+00:00,0.74,Lead like industry because range again fear newspaper help oil century behind clearly benefit local.,recommended
rec_0000953,user_00068,food_000314,recipe_000052,restaurant_00163,Savory,calm,Misty,Monsoon,,1968.0,2026-07-27T05:15:57.952760+00:00,0.35,Economic treat other with discover social read his easy respond.,served
rec_0000954,user_00107,food_000200,recipe_000140,restaurant_00082,Happy,mellow,Stormy,Monsoon,,2281.0,2026-07-27T05:15:57.952776+00:00,0.541,Day few television even we four finish whole night story data.,skipped
rec_0000955,user_00175,food_000141,,,Peaceful,inspired,Dry,Eid,,1920.0,2026-07-27T05:15:57.952793+00:00,0.885,Wide special everything along thought into people thus development agency off should perhaps western they.,served
rec_0000956,user_00118,food_000040,recipe_000165,restaurant_00176,Motivated,energetic,Humid,Berry Season,,1449.0,2026-07-27T05:15:57.952810+00:00,0.417,Check teacher major dream now chair nothing bed game.,served
rec_0000957,user_00089,food_000328,recipe_000008,restaurant_00112,Motivated,calm,Foggy,Cold Weather,,1855.0,2026-07-27T05:15:57.952830+00:00,0.753,Eat story happy also throw forward any game stay name someone institution pass news.,served
rec_0000958,user_00128,food_000392,,,Cheerful,stressed,Foggy,Summer,Digestive Disorder,2531.0,2026-07-27T05:15:57.952847+00:00,0.78,Herself administration team body concern bar successful.,bookmarked
rec_0000959,user_00193,food_000389,recipe_000041,,Focused,grateful,Seasonal,Summer,,1770.0,2026-07-27T05:15:57.952864+00:00,0.333,Identify protect about sign offer war thousand rise kitchen detail.,bookmarked
rec_0000960,user_00036,food_000057,recipe_000101,restaurant_00031,Focused,confident,Festive,Thanksgiving,Diabetes,2070.0,2026-07-27T05:15:57.952881+00:00,0.824,Offer evening her fight difficult actually his fight need never message economic also kid hair success.,recommended
rec_0000961,user_00189,food_000117,recipe_000035,,Savory,excited,Stormy,Berry Season,,1510.0,2026-07-27T05:15:57.952900+00:00,0.47,Always religious relate phone already less east effect room support nor step tell.,skipped
rec_0000962,user_00094,food_000024,recipe_000044,,Savory,playful,Snowy,New Year,,2435.0,2026-07-27T05:15:57.952917+00:00,0.963,Hair garden cut behavior because nearly skill go hundred friend improve activity new address through doctor.,bookmarked
rec_0000963,user_00013,food_000389,recipe_000174,restaurant_00124,Sunny,stressed,Foggy,Harvest,,1944.0,2026-07-27T05:15:57.952935+00:00,0.407,Hundred fast although case spring agreement market front enter other.,bookmarked
rec_0000964,user_00189,food_000269,,,Comfort,grateful,Thunderstorm,Citrus Season,,1596.0,2026-07-27T05:15:57.952951+00:00,0.498,President push skin want around most compare.,recommended
rec_0000965,user_00168,food_000126,recipe_000152,restaurant_00132,Cheerful,pensive,Sunny,Navratri,,1957.0,2026-07-27T05:15:57.952967+00:00,0.947,Believe approach night article represent significant late position leave.,recommended
rec_0000966,user_00170,food_000055,,,Cheerful,calm,Seasonal,Monsoon,,2355.0,2026-07-27T05:15:57.952983+00:00,0.637,Upon behind himself east meet surface blood real recently occur lawyer suffer upon environmental.,served
rec_0000967,user_00016,food_000315,,,Festive,optimistic,Holiday,New Year,,1546.0,2026-07-27T05:15:57.952999+00:00,0.625,Scene purpose goal perform feeling lot agreement lay development.,recommended
rec_0000968,user_00065,food_000438,recipe_000008,,Festive,stressed,Misty,Summer Vacation,,2432.0,2026-07-27T05:15:57.953015+00:00,0.775,Country clear we Congress wait view international natural environmental likely miss produce ground authority coach.,recommended
rec_0000969,user_00085,food_000346,recipe_000194,,Nostalgic,energetic,Foggy,Berry Season,,2172.0,2026-07-27T05:15:57.953033+00:00,0.952,Down paper rule or commercial medical source wrong character stock.,recommended
rec_0000970,user_00035,food_000113,,restaurant_00197,Nostalgic,mellow,Monsoon,Valentine,Diabetes,2543.0,2026-07-27T05:15:57.953049+00:00,0.373,Suddenly example miss skin imagine create simply beyond begin likely.,served
rec_0000971,user_00050,food_000224,recipe_000054,restaurant_00040,Comforting,satisfied,Snowy,Cold Weather,,2599.0,2026-07-27T05:15:57.953067+00:00,0.731,Cold dog fish seem edge involve it.,served
rec_0000972,user_00079,food_000111,recipe_000199,,Sunny,joyful,Snowy,Christmas,,2072.0,2026-07-27T05:15:57.953083+00:00,0.633,Shake ground do series management ask few worker want little put suffer.,recommended
rec_0000973,user_00096,food_000068,recipe_000111,,Nostalgic,lonely,Rainy,Harvest,,1602.0,2026-07-27T05:15:57.953099+00:00,0.595,Government general moment we east method short best career manage large.,recommended
rec_0000974,user_00121,food_000268,,,Festive,satisfied,Seasonal,Summer,,1899.0,2026-07-27T05:15:57.953119+00:00,0.636,Produce finally enjoy exactly short article daughter ahead age end three three space yet life.,bookmarked
rec_0000975,user_00041,food_000313,recipe_000132,,Savory,nostalgic,Sunny,Harvest,,2132.0,2026-07-27T05:15:57.953137+00:00,0.466,Peace factor only environmental join man community.,bookmarked
rec_0000976,user_00035,food_000380,recipe_000102,,Spicy,stressed,Dry,Festive,,2544.0,2026-07-27T05:15:57.953153+00:00,0.877,Must team American conference always truth value hear employee history whose here add time either.,skipped
rec_0000977,user_00075,food_000361,recipe_000024,,Savory,pensive,Festive,Ramadan,,2023.0,2026-07-27T05:15:57.953170+00:00,0.614,Particularly popular meeting necessary cold everyone of network tough edge want expert.,bookmarked
rec_0000978,user_00070,food_000373,recipe_000173,restaurant_00116,Motivated,melancholic,Foggy,Warm Weather,,1481.0,2026-07-27T05:15:57.953188+00:00,0.697,Art red whether job key what learn race.,recommended
rec_0000979,user_00118,food_000274,,,Sunny,mellow,Warm,Warm Weather,,2323.0,2026-07-27T05:15:57.953205+00:00,0.461,Some law guy century process mention game boy now hope here between decision season newspaper.,recommended
rec_0000980,user_00025,food_000400,recipe_000170,,Festive,joyful,Warm,Ramadan,,2222.0,2026-07-27T05:15:57.953221+00:00,0.674,Brother customer will remember state word want ten grow already investment trade hot.,served
rec_0000981,user_00014,food_000266,recipe_000006,,Romantic,focused,Monsoon,Navratri,,1969.0,2026-07-27T05:15:57.953237+00:00,0.914,Test memory customer quite series suggest himself article commercial head color second finally five.,served
rec_0000982,user_00122,food_000439,recipe_000042,restaurant_00176,Peaceful,curious,Heatwave,Back to School,,1539.0,2026-07-27T05:15:57.953254+00:00,0.767,Door list but the treatment a somebody society imagine drug method story military.,recommended
rec_0000983,user_00148,food_000302,,,Motivated,hopeful,Stormy,Thanksgiving,,1543.0,2026-07-27T05:15:57.953270+00:00,0.382,Standard bar between interview wind leg difficult forward movement team former physical particular production.,bookmarked
rec_0000984,user_00138,food_000440,,restaurant_00183,Cozy,serene,Windy,Monsoon,,2377.0,2026-07-27T05:15:57.953287+00:00,0.779,White poor high million member west something agreement red least.,served
rec_0000985,user_00142,food_000497,,restaurant_00031,Focused,mellow,Monsoon,Cold Weather,,2493.0,2026-07-27T05:15:57.953303+00:00,0.651,Save at before eight project give term decade change political newspaper best rule stock study different.,skipped
rec_0000986,user_00067,food_000296,recipe_000150,,Sunny,joyful,Heatwave,Diwali,Cholesterol,2112.0,2026-07-27T05:15:57.953333+00:00,0.767,Central inside myself any start education action news operation daughter position property none board respond.,bookmarked
rec_0000987,user_00095,food_000099,recipe_000059,,Festive,bored,Breezy,Thanksgiving,,2484.0,2026-07-27T05:15:57.953352+00:00,0.521,Perhaps job teach according ability than east response year.,recommended
rec_0000988,user_00127,food_000012,recipe_000032,,Savory,satisfied,Foggy,Valentine,,1595.0,2026-07-27T05:15:57.953367+00:00,0.487,Child present name fund near unit head affect service word table.,bookmarked
rec_0000989,user_00001,food_000003,,restaurant_00010,Motivated,stressed,Thunderstorm,Spring,Kidney Disease,1651.0,2026-07-27T05:15:57.953385+00:00,0.335,Middle economic public than team southern defense sit rise thousand stock bring student activity.,recommended
rec_0000990,user_00080,food_000497,recipe_000114,restaurant_00156,Happy,hopeful,Holiday,Thanksgiving,,1730.0,2026-07-27T05:15:57.953403+00:00,0.422,Nice court continue leave because sort ahead woman give east.,bookmarked
rec_0000991,user_00192,food_000406,,,Social,relieved,Foggy,Valentine,,2394.0,2026-07-27T05:15:57.953420+00:00,0.697,Discover year none let control between compare degree home finish according billion ball their up.,skipped
rec_0000992,user_00096,food_000059,recipe_000165,restaurant_00123,Social,pensive,Thunderstorm,Thanksgiving,,2058.0,2026-07-27T05:15:57.953437+00:00,0.984,Usually at general model worry light spring decision deal language both market.,recommended
rec_0000993,user_00188,food_000482,,restaurant_00119,Spicy,focused,Stormy,Ramadan,,1522.0,2026-07-27T05:15:57.953455+00:00,0.879,Particular address senior president watch build writer long relationship form happen believe through head what.,bookmarked
rec_0000994,user_00049,food_000499,recipe_000179,,Sweet,melancholic,Thunderstorm,Ramadan,,2543.0,2026-07-27T05:15:57.953472+00:00,0.523,Avoid process through film particularly job suddenly wish add pull chance top image career home.,recommended
rec_0000995,user_00001,food_000394,recipe_000122,,Calm,focused,Sunny,Valentine,Digestive Disorder,1723.0,2026-07-27T05:15:57.953490+00:00,0.542,Foot smile decision clearly until see animal miss information adult role away doctor.,served
rec_0000996,user_00012,food_000151,,restaurant_00105,Sunny,mellow,Monsoon,Back to School,,2383.0,2026-07-27T05:15:57.953507+00:00,0.836,Case collection site fact interview question politics seat believe oil.,served
rec_0000997,user_00113,food_000057,recipe_000115,restaurant_00181,Motivated,calm,Breezy,Thanksgiving,,2067.0,2026-07-27T05:15:57.953523+00:00,0.306,Them some cold life audience buy picture number.,bookmarked
rec_0000998,user_00046,food_000357,recipe_000146,restaurant_00007,Nostalgic,bored,Heatwave,Cold Weather,,2397.0,2026-07-27T05:15:57.953541+00:00,0.927,Put left national especially after challenge soldier culture keep soldier central wife large.,recommended
rec_0000999,user_00119,food_000204,,restaurant_00113,Energized,anxious,Cold,Diwali,,1547.0,2026-07-27T05:15:57.953560+00:00,0.573,White before American movement model look economy find.,skipped
rec_0001000,user_00148,food_000035,,,Cozy,content,Monsoon,Monsoon,,1510.0,2026-07-27T05:15:57.953577+00:00,0.87,Black station staff it instead seat threat.,recommended
